Iteration,LL,asc_carD,b_carD_p.age_group_agg_15_24,b_carD_p.female,b_carD_hh.cars_gr_0,b_carD_hh.cars_gr_2,b_carD_hh.cars_gr_3,b_carD_hh.cars_gr_23,asc_carP,b_carP_p.age_group_agg_15_24,b_carP_p.female,b_carP_hh.cars_gr_0,b_carP_hh.cars_gr_2,b_carP_hh.cars_gr_3,b_carP_hh.cars_gr_23,asc_pt,b_pt_p.age_group_agg_15_24,b_pt_p.female,b_pt_hh.cars_gr_0,b_pt_hh.cars_gr_2,b_pt_hh.cars_gr_3,b_pt_hh.cars_gr_23,asc_bike,b_bike_p.age_group_agg_15_24,b_bike_p.female,b_bike_hh.cars_gr_0,b_bike_hh.cars_gr_2,b_bike_hh.cars_gr_3,b_bike_hh.cars_gr_23,asc_walk,b_walk_p.age_group_agg_15_24,b_walk_p.female,b_walk_hh.cars_gr_0,b_walk_hh.cars_gr_2,b_walk_hh.cars_gr_3,b_walk_hh.cars_gr_23,b_car_time,b_pt_time,b_bike_cost,b_walk_cost,g_bike_stressLink,g_walk_vgvi,g_walk_stressJct,g_walk_stressJct_c
0,4864.317465400571,0.0,0.0,0.0,0.0,0.0,0.0,0.0,0.0,0.0,0.0,0.0,0.0,0.0,0.0,0.0,0.0,0.0,0.0,0.0,0.0,0.0,0.0,0.0,0.0,0.0,0.0,0.0,0.0,0.0,0.0,0.0,0.0,0.0,0.0,0.0,0.0,0.0,-0.1,-0.1,0.0,0.0,0.0,0.0
1,4173.998777467959,0.0,0.0,0.0,0.0,0.0,0.0,0.0,-4.7067554763493706E-4,-4.385091667570379E-4,-2.3951324626506954E-4,0.0,1.711680482749337E-4,1.962151821122532E-5,0.0,-0.0012446491440880631,3.323309333541722E-4,2.2111071599650723E-4,-1.1657858208374121E-4,-4.555312201081644E-4,-7.124987570432386E-5,0.0,-0.0012265741948254694,-5.062178804852182E-5,-9.318136224628512E-5,-2.5153111436737667E-4,0.0,0.0,-4.8038011883866897E-4,0.003555292194774443,7.519840053042004E-4,3.824321021990721E-4,0.0012748970842335011,8.40297871718815E-4,1.2082585205547455E-4,0.0,-0.006213755905353232,-0.008251223831565816,-0.10503075703189405,-0.052994770645320495,3.637058924423205E-4,-0.0025263260654148803,-1.3472893669810754E-4,-9.053580508103821E-5
2,3855.8679512927583,0.0,0.0,0.0,0.0,0.0,0.0,0.0,-0.0010361145701116602,-9.42550784814162E-4,-5.140573100723073E-4,0.0,3.1522824325126426E-4,2.5901837115190065E-5,0.0,-0.001636105349834689,9.250757786219343E-4,5.795442704799435E-4,-2.7482795871528164E-5,-6.446784392915539E-4,-8.551975861269467E-5,0.0,-0.0024300803027647103,-9.605472650801899E-5,-1.8645151710857896E-4,-4.934150445490462E-4,0.0,0.0,-9.581652394192724E-4,0.006407972093541978,0.0013774447344491888,6.998166831251626E-4,0.002385990285969356,0.0014637953243016861,2.072546143167986E-4,0.0,-0.015148593827320093,0.010506529749223696,-0.11015020841897484,-0.020268672866008093,7.728659467878146E-4,-0.002322473012059354,-1.243353494825415E-4,-8.214922182791695E-5
3,3460.1657345931435,0.0,0.0,0.0,0.0,0.0,0.0,0.0,0.05864018666118699,-0.04458990134812483,-0.025185352964340834,0.0,0.07133062741994425,0.01074228856254171,0.0,-0.11736848230186767,0.06108168238248399,0.03932279226089508,0.0024822884470186183,-0.04902747714718061,-0.008420752853081697,0.0,-0.12444510086167013,0.0046317824585044385,-0.008911207704291014,-0.021984129769281293,0.0,0.0,-0.052433869048845914,0.2560365801807618,0.050240416117026815,0.02549735551901389,0.12699317060145499,0.03978815598707001,0.0025461983085541345,0.0,-0.26931723658550644,-0.05726120644212898,-0.49911591035472996,-0.022958378306119784,0.04379967696811872,0.5605538222509939,0.029696868628620525,0.020105145868501675
4,3238.5533555085117,0.0,0.0,0.0,0.0,0.0,0.0,0.0,0.07955567389754317,-0.10552673739860494,-0.059170100635673406,0.0,0.1425326239068767,0.02176463952994756,0.0,-0.28156162990807787,0.13698939599971097,0.08808070983437331,7.753687755199942E-4,-0.11451444834048974,-0.01894199124497707,0.0,-0.2807909613284154,0.011729453175654287,-0.019176948048768013,-0.04945467469250031,0.0,0.0,-0.11778278095217287,0.650904341782218,0.12132625196901417,0.0615223230412396,0.30254235478404223,0.11193097933775895,0.008609350887122698,0.0,-0.7042480917041682,-0.1444642977807971,-0.9796274474384432,-0.10834897790296472,0.0835258183193778,0.7535058357575314,0.03980741634691938,0.02671839839715917
5,3090.404188056641,0.0,0.0,0.0,0.0,0.0,0.0,0.0,0.07109557930850463,-0.13213812060458416,-0.0734177119599295,0.0,0.1672231899705348,0.025436056467741882,0.0,-0.33786300951822784,0.16408090334619227,0.10582943157552449,0.00467410680835051,-0.13849157710058652,-0.02293819225844275,0.0,-0.2992131032771052,0.025541171902693748,-0.01874965785280348,-0.04777473546259536,0.0,0.0,-0.12954244042571536,0.7774614043696295,0.14968990255341555,0.07572977065746525,0.3657007567032612,0.12984594449264952,0.009943055306519082,0.0,-0.8213590989458062,-0.16094058360182825,-0.9015285277058313,-0.11865472950763896,0.049847222392405306,0.8119805156241426,0.042867412840850494,0.02920492894082021
6,2581.509510827502,0.0,0.0,0.0,0.0,0.0,0.0,0.0,0.39918419805870153,-0.48445918976012137,-0.25390792366884607,0.0,0.7330142690977861,0.10916175697998945,0.0,-1.1184730873991124,0.5237071582380777,0.3516939692194191,0.1330349069364569,-0.49992492058794413,-0.08873371436111542,0.0,-0.8929668538642099,0.27153950513382524,-0.022825656996346345,-0.05804567022966321,0.0,0.0,-0.4236059915106912,2.582193529113317,0.6485617391649668,0.3197491462976584,1.3230694148159,0.3163816874129094,0.027458736872937532,0.0,-0.07799827125460745,0.007169822149330651,-0.47300425006698366,-0.07612537168665195,-0.17982006388224198,0.9888089092361024,0.05312867235504758,0.05321089641115406
7,2458.224110713939,0.0,0.0,0.0,0.0,0.0,0.0,0.0,1.3118468812203798,-0.5993987948001103,-0.2740089344397206,0.0,1.0769425892393873,0.22461509148641848,0.0,-1.2648804931024737,0.7912929952751735,0.5166087009829148,0.4314172599024546,-0.514027217189255,-0.18706908573198744,0.0,-1.2894553110959182,0.5248091471388643,-0.02349097079240118,0.006496044652802804,0.0,0.0,-0.6597694851319402,2.716727447130981,0.7518353190393542,0.3410198141633628,1.4005011428410865,0.2857346996802013,0.015411675921828379,0.0,-0.1522897345295539,0.017003636521869113,-0.2449356788460924,-0.07127071796685967,-0.05786590947174036,0.9309810434570717,0.04991685898267934,0.06562383549134222
8,2416.3229705283666,0.0,0.0,0.0,0.0,0.0,0.0,0.0,1.4032170574183451,-0.6408804597203475,-0.27662911579683125,0.0,1.0534349114536357,0.2518246590922257,0.0,-1.2379149374013252,0.8463376341278998,0.5485044788285935,0.5315158115641038,-0.47885851106417987,-0.2186679729375629,0.0,-1.4012296812723777,0.6051089624291877,-0.02429966757774369,0.03163254053342289,0.0,0.0,-0.7307878067755674,2.785352092768682,0.7388993208120802,0.3240726348028624,1.3756577944567319,0.34539069425112245,0.010650936970295437,0.0,-0.15492326519864413,0.016867966145856075,-0.18448233596636238,-0.07062100419811473,0.059912488718861456,0.9320240710386538,0.04959373474347447,0.0677409201641245
9,2372.2318145247345,0.0,0.0,0.0,0.0,0.0,0.0,0.0,1.498569505714674,-0.6821861956987347,-0.2782753555068167,0.0,1.0339771423093256,0.2793118416926436,0.0,-1.21001063331917,0.8993665474417543,0.5791073356192775,0.6335640047381641,-0.44144873627758446,-0.251530320219044,0.0,-1.5201676947814142,0.6892445418366008,-0.025662205696895174,0.05799588227075935,0.0,0.0,-0.8061512727806566,2.8580646755454726,0.7262568793140586,0.30741501221304757,1.3538244773078836,0.40269094054979493,0.0059359834662498405,0.0,-0.15891655031802926,0.016704552027321778,-0.11770933767524473,-0.06995465202744612,0.19795171973192752,0.9329892024542084,0.049263668833168364,0.07002255038054536
10,2288.924435306681,0.0,0.0,0.0,0.0,0.0,0.0,0.0,1.6306220049379936,-0.9306982079874445,-0.3308842703635764,0.0,1.0456420352280984,0.40435279598176854,0.0,-1.1746063925792272,1.339795363875106,0.8274377902717562,1.2242915532604421,-0.28613269290169074,-0.4610588474314929,0.0,-1.2285079845173184,1.133392121472479,-0.07327381032000116,0.5085425327257127,0.0,0.0,-0.8480783560514268,3.03001860406175,0.7584015746293791,0.2921687328146509,1.4744569278106685,0.33047801670239174,-0.04012247909719604,0.0,-0.1384275305840298,0.013042246789532396,-0.06837843660344371,-0.06706061215830621,0.7354686061648463,0.9221553065463333,0.044464370868535705,0.08315608969597058
11,2240.1587659780334,0.0,0.0,0.0,0.0,0.0,0.0,0.0,1.9585439071190063,-0.8014703565220743,-0.16908429680628828,0.0,0.7737032528483065,0.5545193586848292,0.0,-1.353384769538923,1.2620443545437705,0.7324660598530761,1.6531342597280516,-0.061982307926164715,-0.7297903304284517,0.0,-0.8564511559144001,1.7247304126326513,-0.14095778394383887,1.1116181097446896,0.0,0.0,-0.9060573006007506,3.2425459122072118,0.9074001213638329,0.38948624773486146,1.6130949206002232,0.49245989309105564,-0.11499674523952094,0.0,-0.13229481452694447,0.023993767633702544,-0.05674014681230076,-0.06679353083550817,1.0642617575212536,0.9316489654492446,0.04298648553677875,0.11006106139124855
12,2218.767234701167,0.0,0.0,0.0,0.0,0.0,0.0,0.0,1.9424028691563333,-0.6260184674847494,0.05838988911524315,0.0,0.8958932408536164,0.41385177267639706,0.0,-1.108212364535621,1.0620505509139857,0.5736967650453172,2.1042525808768717,0.22910940506930277,-0.9069781612525016,0.0,-0.7775263672483395,2.437358015739126,-0.28585601491430257,1.6734835147131135,0.0,0.0,-1.1302559637309444,3.4541960269359246,0.8575622959474268,0.3263059804957158,1.800564662524644,0.25990388267487174,-0.13971450722919282,0.0,-0.15155873280407667,0.012521422888078082,-0.12076159121324728,-0.07072624259282019,0.9358826538490306,0.94486857512404,0.04171393321332346,0.1483017887182342
13,2206.4122348365213,0.0,0.0,0.0,0.0,0.0,0.0,0.0,2.000888408292035,-0.7833053546777096,-0.018040093491833137,0.0,0.7468950550282137,-0.0211751290970269,0.0,-0.9510859822177107,1.00180348418854,0.5736352487905894,2.0734177886070717,0.3589747954392217,-0.8855994388418372,0.0,-0.7900700355982546,2.80676368678098,-0.6191987645946567,1.9860338896601535,0.0,0.0,-1.2505325827491405,3.372208228743857,0.9998765290246947,0.3356808644294379,2.089586487087177,0.2532775255188157,-0.21711498603944873,0.0,-0.16730587489681928,0.0031499464813395505,-0.14642334826091763,-0.07404768451121313,0.9109208813101849,0.9432732912113292,0.04329660443383559,0.20305754913030835
14,2193.041455637034,0.0,0.0,0.0,0.0,0.0,0.0,0.0,2.0352261529904676,-0.6042345416210206,0.023968701834871924,0.0,0.6747344303030758,-0.5642830896421499,0.0,-0.8872536139447503,1.0413143458465082,0.624994842859534,2.181978084715431,0.09781764039638868,-0.8772627587595271,0.0,-0.7622701502743383,3.0340998892694286,-1.2125230227998292,2.219991726641903,0.0,0.0,-1.2828782690056326,3.341395754322929,0.9566108937023416,0.10360360472092606,2.294570207409767,0.3659436543446596,-0.5184706035196742,0.0,-0.17703790230010613,0.0018944157441515247,-0.14395251486971164,-0.07381875600623147,0.97068355500228,0.9405603561539095,0.04172413434452141,0.2742737264493218
15,2172.6129911902444,0.0,0.0,0.0,0.0,0.0,0.0,0.0,1.9755269075611832,-0.4486240332998689,-0.11357021196043199,0.0,0.40797060876069696,-1.1991186945149561,0.0,-0.7729080775570623,1.115582329857877,0.28198970469245493,2.6764300985856355,-0.13005777904255783,-1.3608532193286897,0.0,-0.8200988047004316,3.060255648773705,-2.376854758184976,2.249835932787657,0.0,0.0,-1.2136903236042362,3.3503003295017146,1.476513404299072,-0.11213359107536006,2.381528036522643,0.13057050551257438,-1.3670664405646775,0.0,-0.21416384055787396,-0.009557835658927998,-0.1399264642945703,-0.0800542648483581,1.025302284860083,0.9433580419419394,0.04200750801982524,0.47079092510329124
16,2151.0200474278226,0.0,0.0,0.0,0.0,0.0,0.0,0.0,1.9504436319344627,-0.2431035865817871,-0.4487750420816145,0.0,0.02752391580934893,-1.651049874984777,0.0,-0.9937959592408445,1.4785190117699667,-0.06164448289651425,2.5091021175383377,-0.07744238593207285,-2.0513448389283755,0.0,-0.8204577605666719,3.223103535662733,-3.2990070519751096,2.3782796826310997,0.0,0.0,-1.241390256676,3.491923078945188,1.5475494420957785,-0.6288433370840685,2.3084120644973574,-0.3771906690564238,-2.237530835042012,0.0,-0.2143119253216911,-0.0051112455503888295,-0.13850319867002184,-0.07878621230849032,1.0937354059297808,0.9431715107043447,0.03594520974717388,0.6662268145896559
17,2140.069717136666,0.0,0.0,0.0,0.0,0.0,0.0,0.0,1.8947171360282524,-0.0905443867411129,-0.8723527493822043,0.0,-0.014952031243869061,-1.9449598364829486,0.0,-0.9878129820874991,1.724228280689779,-0.4013555158206527,2.3619435894723115,-0.42474623071995465,-2.4234197589992785,0.0,-0.6490877357413449,3.441479800367638,-3.4894011748894176,2.4969011859022716,0.0,0.0,-1.4160255660734886,3.572222975193712,1.7407518544346483,-0.7262541420992872,2.006607107464352,-0.48839421139866557,-2.3751119314321065,0.0,-0.22151018262769065,-0.0037455102624204713,-0.15662944928500958,-0.08062583995142715,1.2005707657119618,0.945820455682473,0.029019220196861612,0.7988226660787157
18,2132.58742214189,0.0,0.0,0.0,0.0,0.0,0.0,0.0,1.9589080056816282,1.2677469679355755,-1.9838409616288715,0.0,-0.7473241397679241,-2.3714313999211263,0.0,-0.007945472273810816,3.087365669246903,-1.3312889129676564,1.857365459560444,-1.3741124027447165,-3.5426022404937836,0.0,0.17560019500746415,4.06478430109037,-3.359297015734431,2.0020512693007912,0.0,0.0,-2.0510607484325796,3.716934966327174,2.645460349195684,-1.397538319686092,2.484447191581549,-0.7494772616208863,-2.4173645177158787,0.0,-0.26979681950358014,-0.03064309319908198,-0.2018767663839044,-0.09007165932410696,1.5521010911410702,0.9474622512180877,-0.008522493647507772,1.2938942392758492
19,2125.5400438828256,0.0,0.0,0.0,0.0,0.0,0.0,0.0,1.9724741581184284,1.4381616596293316,-2.0023586996419516,0.0,-1.0666453457384888,-2.4926313774117013,0.0,-0.07406281846290381,3.054935007213783,-1.0953318162099688,1.8860797878441466,-1.5077873300609201,-3.1649340246395843,0.0,0.4523836569243914,4.342288926226183,-3.1149012091487567,1.6497980250242428,0.0,0.0,-2.3255780681668607,3.884624308111271,3.2250568495671232,-1.9555429350696074,2.236280009549667,-1.1354860653714705,-2.2708183451427337,0.0,-0.2798352203102745,-0.031488016922367065,-0.21633946703575188,-0.09309379321504861,1.6767280764065018,0.9573573666435297,-0.04264618883265828,1.4443834759493868
20,2119.9758154939605,0.0,0.0,0.0,0.0,0.0,0.0,0.0,1.879877124682179,1.2093741802495002,-1.7732429318862697,0.0,-1.241874486218925,-2.1806157498444323,0.0,-0.2286281862612612,3.092848477044371,-1.23232240442458,1.9557533597485768,-1.7405031246384586,-2.5616284324071508,0.0,0.49494244084849887,4.6345753753866425,-2.9787619163664933,1.4064433352872836,0.0,0.0,-2.667558461293248,3.808813379771269,3.1765768810185167,-1.8546702550564695,2.234703547929665,-1.3738287985423447,-2.450385721540488,0.0,-0.2889275414372446,-0.030934063033390927,-0.2290101329593597,-0.09340420917079136,1.7106889964319907,0.9575497571527594,-0.1002172552738028,1.5064198013440064
21,2113.531832571729,0.0,0.0,0.0,0.0,0.0,0.0,0.0,1.767808783495357,1.2385916648880682,-1.6170686168844408,0.0,-1.356610831431984,-1.9023462867644827,0.0,-0.38550236134009047,3.0181109794520693,-0.9079822693962534,2.0555205347315257,-1.717768166938069,-2.3219044204399024,0.0,0.328172538955397,4.553307929967923,-3.114959798234298,1.4175326427481592,0.0,0.0,-2.9907572308225827,3.755292351679536,2.9553510605723736,-1.352605932613964,2.1981010645417416,-1.5837914024750273,-2.190915150982555,0.0,-0.28830113343111297,-0.030371989558909906,-0.20624400555637995,-0.09342141483716015,1.6863501412510487,0.9629064654639603,-0.1804269611155615,1.5249790663715346
22,2108.104699674127,0.0,0.0,0.0,0.0,0.0,0.0,0.0,1.6002311138575305,0.9266323101537752,-1.358034967694113,0.0,-1.3122722972840204,-1.6918633245977712,0.0,-0.6755518310660726,2.7173460987600664,-0.6289665199209413,2.2448578836006092,-1.7844178450849053,-2.5272564175753045,0.0,0.02002328518099622,4.332586738392163,-2.926533675737241,1.690087265857455,0.0,0.0,-3.1407483568471215,3.4865807216903795,2.7738006085579787,-1.29132445080978,2.3892697077032006,-1.541963263598213,-1.9883897662454484,0.0,-0.28681552852996234,-0.024262184001315773,-0.19539926008622077,-0.09209082947243628,1.6530214382688115,0.9615420371479,-0.29021417236550356,1.5413951522413212
23,2103.83517798406,0.0,0.0,0.0,0.0,0.0,0.0,0.0,1.567511671147723,0.7692575606539812,-0.9422762835979088,0.0,-1.1544385501575658,-1.849940667904025,0.0,-0.815662971312968,2.7556438233716065,-0.5487209392760801,2.3670513765522685,-1.52535422279442,-2.4934769150821428,0.0,-0.25989367701102767,4.003142095327047,-2.552554845531532,2.1109767135746447,0.0,0.0,-2.9347835387740555,3.45236434878874,2.699321655982649,-1.088592931250245,2.3973796382890162,-1.3955449743587651,-2.016174003125738,0.0,-0.27793046271171434,-0.021575097792341125,-0.17475608799604395,-0.09156370478385739,1.654160003389804,0.9670173973319734,-0.40128636771278825,1.567240819153242
24,2101.247727934394,0.0,0.0,0.0,0.0,0.0,0.0,0.0,1.5427533669706233,0.7697259037016914,-0.9976314730077412,0.0,-0.9230100302815294,-1.925624762168495,0.0,-0.8780476878964085,2.553869509921193,-0.23283199014909683,2.4987715200871516,-1.2636108129356673,-2.486077710167107,0.0,-0.4551799088871543,4.02592537313691,-2.1764551716078113,2.284054469039827,0.0,0.0,-2.551712930894223,3.426825282646093,2.5750061771420203,-0.8123214282213851,2.4273169489534503,-1.182161234427009,-2.3746372268267355,0.0,-0.2743861548062658,-0.02067949872783009,-0.17532168268927614,-0.09140599019306495,1.665303848770121,0.9693570942852014,-0.5120815141178461,1.6125689401326604
25,2100.7405620571085,0.0,0.0,0.0,0.0,0.0,0.0,0.0,1.5486534688462337,0.724160860715032,-0.9230927863773521,0.0,-0.8544438513753606,-2.049895029613988,0.0,-0.9701042467628418,2.556086272732211,-0.21726756534429478,2.553206556510317,-1.1584622986207747,-2.5960906092031593,0.0,-0.43450711019622223,4.175372866060111,-2.180575088427896,2.1298445406153648,0.0,0.0,-2.3892935139766416,3.4216911493026734,2.505699645757151,-0.7279372490640968,2.4297030338478742,-1.1031383676973798,-2.338859447004001,0.0,-0.2670688231334786,-0.01726823436113866,-0.17882787868235808,-0.0907191833865505,1.687029736391207,0.9695403482974418,-0.5631445270705134,1.6564171547726927
26,2100.1827178367457,0.0,0.0,0.0,0.0,0.0,0.0,0.0,1.5276167915757617,0.714259751466904,-0.8054567508292488,0.0,-0.750280815090014,-2.0039857455090244,0.0,-0.9441071075127122,2.6107037422518142,-0.16751726019226681,2.4645341091410953,-1.1028370940977028,-2.69302957748781,0.0,-0.3819107339604973,4.304364453997245,-2.3174698930314523,2.0913153835822658,0.0,0.0,-2.368155319397676,3.4249370855119463,2.610105212383015,-0.7292223833392913,2.395213844037852,-1.0057266843407526,-2.3748282581713633,0.0,-0.26256023956360963,-0.016846653781050856,-0.18242416793135766,-0.09108492545844961,1.7035555094145873,0.9693692766973325,-0.6216598270090716,1.7339485201289693
27,2099.365981212393,0.0,0.0,0.0,0.0,0.0,0.0,0.0,1.4297110725707174,1.260316213472652,-1.3177609569507327,0.0,-0.8475881619146783,-2.1208524150933608,0.0,-1.15204402614149,3.1345665494499455,-0.651044090222249,2.6388388763333235,-1.034074161811869,-2.724594137108251,0.0,-0.36304740906412925,4.604390465214059,-2.9356740895134816,2.294739056806581,0.0,0.0,-2.829714039870037,3.3378848150641947,3.142752465757597,-1.2074021034722462,2.552988687150685,-1.052776891222939,-2.441611485288413,0.0,-0.24469404874951686,-0.012186604273577574,-0.17774137898264825,-0.0923312501171969,1.7328235317034864,0.9616638928388144,-1.0474495267258859,2.375345556383273
28,2098.3885447599177,0.0,0.0,0.0,0.0,0.0,0.0,0.0,1.4273564460762558,1.3890872024080332,-1.4094096884205993,0.0,-0.9489330990321778,-2.1490499161137215,0.0,-1.0595025937174243,3.265351904729942,-0.7818457780078399,2.58223818778542,-1.1879414638422912,-2.7960255092748536,0.0,-0.5245558549838355,4.7879655247024315,-3.036014096217399,2.357964806451859,0.0,0.0,-2.7438995923799956,3.369552353202132,3.294972887928592,-1.3384334335229757,2.557606440514522,-1.1875380638426831,-2.424724199908351,0.0,-0.24948516303593352,-0.01419341220575206,-0.17003552171950476,-0.0937824790901466,1.7196079279081897,0.9609801942361496,-1.179184480455773,2.585540052365938
29,2097.383747330489,0.0,0.0,0.0,0.0,0.0,0.0,0.0,1.4550386875026864,1.302153641282312,-1.0161251345750213,0.0,-1.2083259733583387,-2.2407035817719168,0.0,-1.0106399644536523,3.1706266325354004,-0.3813222602157039,2.529569584021374,-1.5447929998857217,-2.929986978908522,0.0,-0.5320181452366499,4.775557757017112,-2.566059600491052,2.363612655565505,0.0,0.0,-2.6042673399334153,3.4037717966602314,3.1746092063884754,-0.9341727555081732,2.5468707170086406,-1.4345958195332833,-2.5492385071827366,0.0,-0.2606189454897392,-0.0151722937105425,-0.18107544388391006,-0.09507196946978141,1.7667892665435057,0.9423038787628564,-1.2890038695151593,2.960614136948335
30,2096.991211174181,0.0,0.0,0.0,0.0,0.0,0.0,0.0,1.4444249080639975,1.289696456259618,-0.9494183952656128,0.0,-1.1477266645210584,-2.357711885393949,0.0,-0.9760157777407742,3.142782723503321,-0.31845486826738734,2.5006283925861306,-1.5218590938367793,-3.022125326122911,0.0,-0.4938174943401163,4.750566086133112,-2.4096132042207428,2.251957435424032,0.0,0.0,-2.743214920608939,3.4065188186360054,3.146255121878752,-0.8751944816866472,2.5334858264465305,-1.400164005535239,-2.6597149959080753,0.0,-0.2640727229847138,-0.016372343001730405,-0.17850989860096972,-0.09555319355565808,1.7561156721374953,0.9342427837261303,-1.3308059819768947,3.0959329752997564
31,2096.4770888475064,0.0,0.0,0.0,0.0,0.0,0.0,0.0,1.4848490268633394,1.3650877309146308,-1.0766539388425405,0.0,-1.1546967261915027,-2.406863507743801,0.0,-0.9642819591978004,3.2156580296559483,-0.433514487218841,2.5422813199686676,-1.4995234298758175,-3.05663607337263,0.0,-0.4428487063388966,4.821744912787095,-2.5522117594633227,2.249597032449005,0.0,0.0,-2.8291658832128133,3.448880558460469,3.1914410765467607,-0.9918827200079596,2.5425530040066953,-1.4158150390010438,-2.7146936848177656,0.0,-0.2593490310168623,-0.015324886256594786,-0.17571473841016563,-0.09575764900210658,1.7655703761710466,0.9111047137523893,-1.4863570744891916,3.4695088349963297
32,2095.7330818558335,0.0,0.0,0.0,0.0,0.0,0.0,0.0,1.5977914612448503,1.473718200235977,-1.2179625717341271,0.0,-1.2572640448476313,-2.549017567831716,0.0,-0.8854596264900753,3.3122130483101464,-0.5636880108827991,2.5902392323246564,-1.572875577231627,-3.185185648162337,0.0,-0.31452649770827623,4.90440629088212,-2.7029222686100605,2.2557953690830153,0.0,0.0,-3.0084933177976745,3.5670187335836165,3.2154784571969475,-1.1211778801882155,2.5557915531665856,-1.5279496887166442,-2.858135506063852,0.0,-0.25687379642958225,-0.014415251065329858,-0.17339040649145984,-0.0972872040380829,1.7946640738211384,0.8303467558254893,-1.81771770832668,4.635297307555378
33,2094.491427175778,0.0,0.0,0.0,0.0,0.0,0.0,0.0,1.8182164767654,1.564257390980271,-1.3599131493537748,0.0,-1.4453169609281546,-2.7605677440659417,0.0,-0.6997872451727701,3.393024160551411,-0.6947659965613308,2.6338678550863657,-1.745275746326219,-3.390739140943671,0.0,-0.09503864619490243,4.959479308640259,-2.8534003486041817,2.267894263604631,0.0,0.0,-3.2527717283707873,3.797319309988268,3.1446717869326433,-1.2534606363390666,2.5579036067961383,-1.7259371807015478,-3.062918615345781,0.0,-0.25794461703366167,-0.014013909726754054,-0.17050917911018915,-0.10089801267284321,1.8496597332588451,0.6455701974194092,-2.2178081453952774,6.962931820369391
34,2094.0273607590975,0.0,0.0,0.0,0.0,0.0,0.0,0.0,1.9093537933861657,1.5352895238794475,-1.323854069923044,0.0,-1.5432542392545638,-2.828070999532671,0.0,-0.607649152175245,3.3849952724235797,-0.6634796412440084,2.6344818748622543,-1.853025050718983,-3.47068113200027,0.0,-0.027464439740884694,4.936169096220211,-2.8178650602710547,2.2878865938349016,0.0,0.0,-3.315830910887644,3.892168533221181,3.0613305146820475,-1.2264205580852667,2.550155820021655,-1.8109324760436636,-3.1186072538948646,0.0,-0.2623442458965227,-0.01487376038486952,-0.17028284217329276,-0.10351750769643299,1.8903607764607246,0.5590487488291186,-2.525574121204442,7.872180487789159
35,2093.1436846292418,0.0,0.0,0.0,0.0,0.0,0.0,0.0,1.9142951383494595,1.3805057180905567,-1.1540808968479686,0.0,-1.558120004014879,-2.772068561132544,0.0,-0.5816303606944749,3.2649066917501544,-0.5079244159475174,2.590227016724409,-1.899190980247497,-3.4359708293834466,0.0,-0.07986702886210217,4.806474308587491,-2.645116694636112,2.3045224432012708,0.0,0.0,-3.239558910989064,3.891286108638505,2.913611500143519,-1.0653493816847335,2.527628644018319,-1.7996857746543085,-3.048047883336698,0.0,-0.2693381848079424,-0.01653668849117459,-0.17143801561273822,-0.10593383287782493,1.903781573655041,0.5350788456431256,-2.8747105483930016,7.6118206397907695
36,2092.3037775367125,0.0,0.0,0.0,0.0,0.0,0.0,0.0,1.8622645948455965,1.2067891118097513,-1.0107452943309505,0.0,-1.4806181899833064,-2.640642185905889,0.0,-0.6161479208544387,3.1090123915056513,-0.37499440153531916,2.5353337631690613,-1.8479620165793897,-3.321563760058551,0.0,-0.18893081422720048,4.646921175957557,-2.4948003129271976,2.2939825122839683,0.0,0.0,-3.11256898369591,3.830728980219519,2.7546617617273332,-0.9206833651546563,2.498288389335398,-1.7015806885719114,-2.9031863509140408,0.0,-0.27772383904213915,-0.018377947589551538,-0.17263916673410193,-0.10981128262904025,1.892838037809768,0.49305257668379787,-3.2962830930031517,6.920926907002872
37,2091.6833413653453,0.0,0.0,0.0,0.0,0.0,0.0,0.0,1.7281510003026126,1.1167183399359937,-0.9650169045272444,0.0,-1.3061300629699322,-2.4446391630531057,0.0,-0.7513186245772641,3.0303866818100835,-0.32997261871563716,2.513712553304242,-1.6828936161390504,-3.1374223889463098,0.0,-0.3519629735052274,4.569045075966398,-2.439502021926296,2.2860159584450903,0.0,0.0,-2.931346112451873,3.6830225135029964,2.700772024535973,-0.873510895819253,2.4854408859153385,-1.5181485507386527,-2.7014239154658526,0.0,-0.2799529538054553,-0.018925939914624546,-0.17273432843165948,-0.1132953691320934,1.868616442007162,0.4494202099375406,-3.4073653592805893,5.8028506224915235
38,2090.458331082042,0.0,0.0,0.0,0.0,0.0,0.0,0.0,1.3950095813812529,1.1301579450321468,-0.9831075526460705,0.0,-0.96179517235848,-2.1229089598928215,0.0,-1.087941914777848,3.033828327394806,-0.34741172445500756,2.5133090181146205,-1.328368350049197,-2.810084181672904,0.0,-0.6639285196522724,4.5939344637266935,-2.457955814565564,2.273719009760139,0.0,0.0,-2.6183772925103046,3.3263029006951563,2.85008449740731,-0.8860898481403126,2.4947293596549023,-1.1749479069574091,-2.3800670922426947,0.0,-0.276329029853303,-0.018497473134182388,-0.17433236422712925,-0.11617140379335315,1.802402828193642,0.4525792054355539,-2.8551614520544977,3.1777649263844436
39,2089.5825175816863,0.0,0.0,0.0,0.0,0.0,0.0,0.0,1.2709011635898189,1.313002936049242,-1.0798183307809586,0.0,-0.9098117147397438,-2.1402976947724985,0.0,-1.217981173003329,3.1845627830763372,-0.44250906301664533,2.5471184676536125,-1.2511068111121464,-2.798480264691176,0.0,-0.7380754473077833,4.7611907375220275,-2.578201804986911,2.271639031641124,0.0,0.0,-2.629730968123778,3.1957888459150974,3.0664994574709845,-0.9769934744229376,2.5171817832290664,-1.1375083378666884,-2.3949381175871296,0.0,-0.27411201719644795,-0.01813339246760752,-0.17555429747042123,-0.12070010163212302,1.791441948070924,0.3402865313646061,-2.395449802850733,2.7066309333502545
40,2088.6308521982382,0.0,0.0,0.0,0.0,0.0,0.0,0.0,1.1558719965671165,1.6073897248301328,-1.1752490904225372,0.0,-0.9548222771694201,-2.2708785239726628,0.0,-1.356930876663489,3.456033713418546,-0.5248489513552008,2.6308511019129717,-1.2675349892511252,-2.9004895303824196,0.0,-0.7806272164888115,5.046663353148515,-2.692602867419884,2.297285283314526,0.0,0.0,-2.7395019237196747,3.050092362527796,3.3946890919363417,-1.0755703660844105,2.5634064592876546,-1.207065891467176,-2.529275194033561,0.0,-0.263154332310321,-0.01590975627555531,-0.1738133246187977,-0.12692886429526434,1.8035875940130621,0.1253573940693777,-0.8363063802961812,1.9854253595982492
41,2088.0125847280906,0.0,0.0,0.0,0.0,0.0,0.0,0.0,1.2279856678774832,1.5597181457841003,-1.125166878886405,0.0,-1.0203842441715563,-2.31420814552815,0.0,-1.2686035406336886,3.410005614933336,-0.4822250200117002,2.6163517479246017,-1.3413050760129546,-2.9442447540133734,0.0,-0.7120613693524858,5.004691596814184,-2.6394652148836246,2.306032693752648,0.0,0.0,-2.7543602757055132,3.1156589488535023,3.3791678055508476,-1.0325546559116083,2.5608873274913746,-1.2671582298822588,-2.573375796298506,0.0,-0.26491467897396054,-0.016331452998610784,-0.17519246417701603,-0.12642071624818504,1.8128033404430934,0.1656911023508278,-0.6628767228833733,1.5696837775016705
42,2087.5327849921723,0.0,0.0,0.0,0.0,0.0,0.0,0.0,1.3613117099195298,1.4295208726680757,-1.0557843794744113,0.0,-1.0979295356081364,-2.335388836281699,0.0,-1.101202731918529,3.2803082785236923,-0.4249459977676276,2.5740516059762215,-1.4373366571504755,-2.968822312131319,0.0,-0.5838142851506173,4.874552143474979,-2.5588430827836417,2.3030227005976456,0.0,0.0,-2.730733531113758,3.2356347785602355,3.312344096197452,-0.9656210648167407,2.5400399897871813,-1.3262639638586737,-2.5844085156012717,0.0,-0.2759337334484693,-0.01867511005518597,-0.1796840308941224,-0.1307809174185244,1.8412110588941453,0.13741187128983404,-0.2262313200083318,0.3517773638807862
43,2087.275334862682,0.0,0.0,0.0,0.0,0.0,0.0,0.0,1.6508063568434768,1.3324256582506397,-1.0733480007723428,0.0,-1.301846589349368,-2.501214451569499,0.0,-0.80357866626807,3.19279044824058,-0.44534433073311985,2.560589540510361,-1.6539548342200212,-3.1473711180358017,0.0,-0.3045393465283809,4.77889997374402,-2.567000276183303,2.304660814050211,0.0,0.0,-2.8849173723447312,3.524370978258684,3.2058303063806215,-0.980406662144587,2.5257629239905857,-1.519900383646331,-2.749397347062342,0.0,-0.28345970884117533,-0.019916527105996264,-0.18112033906808322,-0.13309569010881697,1.8932285261880728,0.0883748774635646,0.2769051736857343,0.7632962349070134
44,2087.0764209312256,0.0,0.0,0.0,0.0,0.0,0.0,0.0,1.6485102833773286,1.3410899668764096,-1.122447501125021,0.0,-1.2821179481566778,-2.4951736724247615,0.0,-0.8233136732394668,3.2085828164512398,-0.4876762315160853,2.5732963322973026,-1.6247302610727714,-3.140862375490169,0.0,-0.29796028262439667,4.800445770305019,-2.6234009460159746,2.29511755065659,0.0,0.0,-2.905606892832218,3.5164500080353425,3.2415778453987225,-1.0264354029777656,2.523978609496394,-1.5037888545199938,-2.7479866036873672,0.0,-0.2806302519997533,-0.019368766490909402,-0.18031404025615794,-0.13495253704853047,1.8916706354913182,0.04109817240987826,0.733030818851262,0.3671105989868509
45,2087.0090151333943,0.0,0.0,0.0,0.0,0.0,0.0,0.0,1.6450563003450234,1.3405151277973493,-1.1578524430961257,0.0,-1.2615870481802454,-2.4818914859268326,0.0,-0.8459102710338599,3.2198753883483393,-0.5172181522334255,2.5856569871474786,-1.5976786321417968,-3.130495388619325,0.0,-0.3128594901708733,4.809622135717447,-2.660777244934807,2.2942990521972315,0.0,0.0,-2.9257314087530153,3.516219279095439,3.234730200319874,-1.0547426009257572,2.524172238754296,-1.4846203457447935,-2.735067791063465,0.0,-0.2785865248597568,-0.018891070722968882,-0.1784597781450837,-0.13604212968387105,1.8933354092903725,0.01946411613085498,0.6670054389643466,0.44671806032161004
46,2086.971035643977,0.0,0.0,0.0,0.0,0.0,0.0,0.0,1.670893592116941,1.3312866253805191,-1.1903085321088274,0.0,-1.2634494712550008,-2.486097287196433,0.0,-0.8333485737777656,3.2191359959015564,-0.5456580282670055,2.5951185279063584,-1.594663967561514,-3.136638294773967,0.0,-0.29550160596381886,4.807390294587377,-2.693667835404319,2.295208493901566,0.0,0.0,-2.9535611288726416,3.54245908432137,3.2286139062576256,-1.080777001355145,2.5245375145973417,-1.4858920436996106,-2.739391177055828,0.0,-0.27848136245966026,-0.018807388681511206,-0.17754499429850606,-0.1379480077534711,1.9012913606429898,-0.015043623424539961,0.847751504287738,0.3740850918793652
47,2086.889547059607,0.0,0.0,0.0,0.0,0.0,0.0,0.0,1.6839863879303165,1.3222156474166145,-1.1888062825334331,0.0,-1.267736741488606,-2.4878890099484887,0.0,-0.8182995600674996,3.2079895009618142,-0.5451795240724937,2.5929782112283903,-1.6000149865009596,-3.137682710922852,0.0,-0.28650031512835544,4.795339117299595,-2.6905737091607396,2.2965150127525136,0.0,0.0,-2.9551599663790302,3.5581129702167074,3.2184483901232213,-1.0785365798318607,2.525789878984286,-1.4879776402610778,-2.7399799208060616,0.0,-0.2806755216403544,-0.01922524314531489,-0.17813826349785813,-0.13871087197219126,1.9065769006786055,-0.012006009489281128,0.8074191297740814,0.4033787805315879
48,2086.8181702936267,0.0,0.0,0.0,0.0,0.0,0.0,0.0,1.674815526697729,1.3223114904821875,-1.16326652158259,0.0,-1.265150562642774,-2.4834560559861605,0.0,-0.8193913215481757,3.199343357515068,-0.5239309468648927,2.588187435535404,-1.6014386231316953,-3.1285732047849955,0.0,-0.2995144280785322,4.785423128122186,-2.6645309506259625,2.300328651396542,0.0,0.0,-2.934012560345727,3.5551577499195246,3.20546431197047,-1.0543683990488166,2.528447800815106,-1.48071389583545,-2.731122722781775,0.0,-0.28659953076183936,-0.020372828968257123,-0.1800047042562385,-0.1415748531454287,1.9225017684136563,-0.02650606858097608,0.6403928112078019,0.5346932484912503
49,2086.766119674307,0.0,0.0,0.0,0.0,0.0,0.0,0.0,1.6339495528304913,1.3364373798561422,-1.1552444882463082,0.0,-1.2404180171454369,-2.46114458045137,0.0,-0.8582586602678602,3.2096217752021414,-0.5165643900120521,2.5847830129774443,-1.577734021108639,-3.1045522091740114,0.0,-0.33353358355651097,4.796085627432132,-2.6591113485924263,2.295688032755877,0.0,0.0,-2.9042899941468847,3.515879416690326,3.2140423054986846,-1.0472273563446608,2.525044405788717,-1.4581906114698489,-2.7075516982298584,0.0,-0.2864934729534834,-0.020379529970657694,-0.18020846754878952,-0.14226380718614226,1.9207032121560543,-0.0376886670634285,0.6833441282081651,0.5675542095182186
50,2086.6755360632364,0.0,0.0,0.0,0.0,0.0,0.0,0.0,1.4895215018101204,1.3609929965978953,-1.1132803401073534,0.0,-1.146956344897231,-2.3627600163741365,0.0,-0.992732398519023,3.2271278153109284,-0.479173916005644,2.569239107324578,-1.4870912828494138,-3.0045232889032696,0.0,-0.4535498231318838,4.812228967429349,-2.6219341992947656,2.283171867086291,0.0,0.0,-2.777327869567975,3.3700358487347652,3.2367701773919952,-1.009100671541663,2.510196520601063,-1.3661286049392811,-2.60392151318852,0.0,-0.2860105823682139,-0.020455939870608984,-0.18121372141787412,-0.14579114729621825,1.92048116382981,-0.09313926787367444,0.8745250013991823,0.4131321699897866
51,2086.6640799771385,0.0,0.0,0.0,0.0,0.0,0.0,0.0,1.5282528504142112,1.3408837737474015,-1.1191884538862267,0.0,-1.168565697141079,-2.379664979613978,0.0,-0.9543673332385647,3.2105608365074683,-0.48405741200559127,2.5690255838867224,-1.5071125220720087,-3.0232302730077274,0.0,-0.4189077573073451,4.792397560569692,-2.6244342369860103,2.2837562222469887,0.0,0.0,-2.800936758587448,3.4094661560172517,3.2128672037453208,-1.0137986163133264,2.5103391026189543,-1.3855268059597852,-2.6222353017532676,0.0,-0.2857250837368443,-0.020395222010923145,-0.1808036360094629,-0.14501993975322391,1.9244700053362358,-0.08104134399024635,0.7763463448831331,0.5297658443501292
52,2086.65798538205,0.0,0.0,0.0,0.0,0.0,0.0,0.0,1.5530879365171901,1.3208918333951478,-1.1244698852269885,0.0,-1.1769729297962597,-2.3827468812429475,0.0,-0.9282508471880141,3.192123375240156,-0.4884215859836926,2.5663268609195327,-1.5145705959431335,-3.0275468227990583,0.0,-0.39479855762229155,4.769704048873517,-2.6265427129735386,2.2814656749491102,0.0,0.0,-2.807855039719157,3.43584281585988,3.1845643121051115,-1.017025637049796,2.508394377799647,-1.392389537059336,-2.6257859129906183,0.0,-0.2853158563103291,-0.020324388450988343,-0.1803238071408786,-0.14479697719431406,1.930762485924432,-0.07950528756147288,0.6989859252742048,0.6643182777697177
53,2086.6312064168724,0.0,0.0,0.0,0.0,0.0,0.0,0.0,1.5806671324103285,1.2978037013296206,-1.1310541575505173,0.0,-1.1857094947856703,-2.3851853064119624,0.0,-0.899486474122276,3.1709274404002197,-0.4939826940795425,2.563304066660191,-1.5219990545888111,-3.0314324713559424,0.0,-0.36691371876745404,4.742899818270176,-2.629739972871347,2.2783066163538352,0.0,0.0,-2.8149145440177326,3.466142442445455,3.14870423645893,-1.0209949827796831,2.5053510046339307,-1.3996883199696126,-2.6288194333216848,0.0,-0.28475222399970873,-0.020224517131520535,-0.17971116802078804,-0.14470000705174754,1.9401489689759177,-0.08270567870652004,0.6469231655667762,0.847401893548136
54,2086.623591882446,0.0,0.0,0.0,0.0,0.0,0.0,0.0,1.5785623920567065,1.290479747106289,-1.131964216773565,0.0,-1.1776132980601475,-2.3755818211016977,0.0,-0.9000301094286063,3.162383400006255,-0.4950039098578069,2.5613394507966953,-1.514403232271317,-3.0216384367729017,0.0,-0.36598748942368625,4.732479877554887,-2.6306597566114824,2.275752308018691,0.0,0.0,-2.8044176962644642,3.465878788852967,3.1329524992882787,-1.021278393912455,2.503573725851184,-1.3923849877492895,-2.6189904392286123,0.0,-0.2841287576959506,-0.020118363206072496,-0.1793323572841417,-0.14487740776758493,1.9476050381098096,-0.0888601230998724,0.6448201976582841,0.925170840565515
55,2086.599991956423,0.0,0.0,0.0,0.0,0.0,0.0,0.0,1.556390336641689,1.2885635675327938,-1.1313272068419058,0.0,-1.1520756416825142,-2.3517462841346215,0.0,-0.9183099661326836,3.1547403663550027,-0.4957328328109356,2.5590570824747356,-1.4910736943917355,-2.995573917481901,0.0,-0.37812992427420866,4.72524608073573,-2.6334319903956493,2.271433592061356,0.0,0.0,-2.775379956352688,3.446386085690833,3.1240103922753852,-1.0212062455851603,2.502407895998595,-1.371119071397575,-2.594662338107937,0.0,-0.28254916966855437,-0.019855274819820627,-0.17874139681059809,-0.14474782153130572,1.9636355551579125,-0.09348697662261826,0.7092111447404655,0.9219776157793245
56,2086.4115979700837,0.0,0.0,0.0,0.0,0.0,0.0,0.0,1.522817676188955,1.2811876464211425,-1.1320356787737542,0.0,-1.1060818730101558,-2.3088122384600385,0.0,-0.9421648889679175,3.1341465734987364,-0.5004062151506168,2.5578713455552826,-1.4489243198857005,-2.9474092126605913,0.0,-0.37682192173923634,4.704573643745703,-2.643415576253092,2.2619008405215038,0.0,0.0,-2.7182471120864236,3.422529189727283,3.1078165303085794,-1.0255532223628585,2.5037311340358026,-1.3356030820773754,-2.5519399026782557,0.0,-0.27886905809388535,-0.01927638232774939,-0.17721515595997792,-0.14315298372649363,2.042485064541594,-0.08775976845357192,0.9444827400459521,0.8684969624678638
57,2086.2566395358126,0.0,0.0,0.0,0.0,0.0,0.0,0.0,1.5108037849277547,1.2620415038562516,-1.1223164654936226,0.0,-1.082624018183272,-2.284873524260817,0.0,-0.9503880142573925,3.1112178225415863,-0.49476775488647157,2.5585515298726857,-1.4276347558048792,-2.921080500235908,0.0,-0.36255771944265525,4.672765292972784,-2.641889154143276,2.2571847048659297,0.0,0.0,-2.686090184690931,3.4207610754544278,3.077006381718183,-1.0177816537885314,2.5062706299113167,-1.3174124976155142,-2.527591630518807,0.0,-0.27771695655597683,-0.01913604399871034,-0.1751779280711992,-0.14295236594709515,2.1797199190292895,-0.09930163227757673,1.1899143550277393,0.9524579154515436
58,2086.122295031534,0.0,0.0,0.0,0.0,0.0,0.0,0.0,1.5074622511470144,1.2598288006994725,-1.1143506639205922,0.0,-1.0821331766718951,-2.2866405457046426,0.0,-0.9602353268105852,3.1156795864731928,-0.48599043455699364,2.559402854938615,-1.4294413118330647,-2.9247520273348626,0.0,-0.37172712637382316,4.667769214920224,-2.634118419675161,2.2555931732458845,0.0,0.0,-2.690507677187444,3.415833387338272,3.0772217879071033,-1.0053101803976259,2.50713508456852,-1.3159724052605444,-2.528989228584548,0.0,-0.27853199039795656,-0.01920843514343779,-0.172742537969683,-0.1433938396050052,2.2992980919473127,-0.11001228156673062,1.3862247700298644,0.9278025799482463
59,2085.8293714820193,0.0,0.0,0.0,0.0,0.0,0.0,0.0,1.519740144466381,1.2732689893465552,-1.0997660719762463,0.0,-1.1125785807954152,-2.328378139880452,0.0,-0.9674533141054213,3.1495058880416162,-0.4671919849215347,2.5615319380036166,-1.4661322291072365,-2.974026388105489,0.0,-0.36583297696662315,4.651028596131129,-2.61683274888337,2.231510310456403,0.0,0.0,-2.741885863733806,3.429479004530188,3.067870514579341,-0.9698864758400167,2.503828348656397,-1.3441234788223597,-2.573189284668041,0.0,-0.27976462839218486,-0.019084051360407753,-0.1590123076401677,-0.14207948683748317,2.94879539869154,-0.13101031681192454,2.3134258825182408,1.129139689566853
60,2085.6556249693513,0.0,0.0,0.0,0.0,0.0,0.0,0.0,1.512201431220844,1.3054712003275728,-1.1029420388023388,0.0,-1.131988485595175,-2.354052449591856,0.0,-0.9759084653772531,3.1823208386758326,-0.4711580846368903,2.562132931942485,-1.4818585465722003,-2.999440406917269,0.0,-0.35245530570163774,4.684735959612405,-2.622347280706002,2.219652158632207,0.0,0.0,-2.764240599290817,3.4232363352595456,3.1045416008837172,-0.9737967581179449,2.4988910505168813,-1.365275150850645,-2.6056613028360265,0.0,-0.2790599490762026,-0.018903759791054013,-0.15776292953142262,-0.13916434894486898,3.197713330753962,-0.10442800459180276,2.6554777526467994,1.105621502780131
61,2085.572127815209,0.0,0.0,0.0,0.0,0.0,0.0,0.0,1.475007294435777,1.3489713651748365,-1.1066779891208498,0.0,-1.1245049346582539,-2.349772135530577,0.0,-1.009578813336486,3.2190502648336405,-0.4761533637022374,2.5642961221340883,-1.4710212385270838,-2.994879832032322,0.0,-0.3630268119780734,4.708081965294497,-2.6283784508099735,2.20364528395419,0.0,0.0,-2.7518664212171893,3.38669491308568,3.169809994998336,-0.9805617099777004,2.4893469648531323,-1.3608528439836416,-2.6079970491821145,0.0,-0.27618483462933774,-0.018319316151552998,-0.15315821039442296,-0.13555314082739328,3.5351130217339772,-0.07311748171035032,3.2344646177769167,0.7556947608432982
62,2085.4667678094424,0.0,0.0,0.0,0.0,0.0,0.0,0.0,1.4471730592875802,1.3633060374591717,-1.110966697114537,0.0,-1.1044506389412097,-2.326622334280103,0.0,-1.0271827318206614,3.221612447559945,-0.48296045271372845,2.5613585523065634,-1.4471215927639351,-2.9689500281259855,0.0,-0.3831727460314659,4.721653322550195,-2.6331129993603732,2.203839125435244,0.0,0.0,-2.724144467279808,3.3537846240649363,3.2189298103450423,-0.9935337904438315,2.4849808166209586,-1.3417787304733546,-2.585837345047649,0.0,-0.27416678891319224,-0.018056113789459843,-0.15553035897130107,-0.13448401933152007,3.469580745429022,-0.04479401869496744,3.20389651661624,0.253523971039306
63,2085.3584204283397,0.0,0.0,0.0,0.0,0.0,0.0,0.0,1.4772104265766006,1.3276478023809957,-1.111437599131839,0.0,-1.1025340923377236,-2.324286468741737,0.0,-0.996346837899295,3.1868490439145356,-0.48302795734048326,2.557781411745402,-1.4480728284961537,-2.9665187208330477,0.0,-0.36456783957874633,4.6861516023175485,-2.631683301337519,2.2025327625973246,0.0,0.0,-2.7255488700893635,3.3786652909427266,3.1974417708891893,-0.9890031680583525,2.489206418922843,-1.3394658728540991,-2.5817095172205655,0.0,-0.2739396346290912,-0.01803414094964671,-0.15434236853544644,-0.13462297684653993,3.414557081996126,-0.03632184568977104,3.143184030972188,-0.024115068499173498
64,2085.276623699612,0.0,0.0,0.0,0.0,0.0,0.0,0.0,1.5194357942349073,1.2750251265054566,-1.1082894705001076,0.0,-1.1031463113564484,-2.3223624861596677,0.0,-0.9522477736350881,3.137451930244699,-0.4803678373058296,2.55297593711592,-1.4515213706734884,-2.9639600601471123,0.0,-0.330688253530111,4.645291197086405,-2.6279223454238814,2.2037759691847336,0.0,0.0,-2.7273626636216064,3.408480847902146,3.1815679534107013,-0.9805786212633169,2.4974050593195063,-1.33744214437042,-2.577086341596937,0.0,-0.2746198045097863,-0.018268371511070625,-0.1549392464124685,-0.1359392393280743,3.3104437286656245,-0.03301958098397493,3.0437616131650187,-0.607766496587876
65,2085.241284385778,0.0,0.0,0.0,0.0,0.0,0.0,0.0,1.5251937623076481,1.2695768913531256,-1.1046329404765667,0.0,-1.1097046331805918,-2.328558027238038,0.0,-0.9499678385482585,3.1376674453897238,-0.47696935363195553,2.5543528337513783,-1.4586285664872458,-2.9709848866339743,0.0,-0.3143511623325075,4.640743137752437,-2.626426317898086,2.2018107070225024,0.0,0.0,-2.733827896033167,3.412514116900711,3.1822287427911995,-0.9741776526524494,2.499639212755244,-1.3431282747865052,-2.5834470776619805,0.0,-0.275241782422416,-0.018377405266064253,-0.15383543740363514,-0.1365667030449571,3.4520053002324054,-0.04764854640607069,3.265071938130914,-0.6836474610588135
66,2085.216214948194,0.0,0.0,0.0,0.0,0.0,0.0,0.0,1.5353580358824912,1.2707373600278387,-1.111404166249364,0.0,-1.1183863434417187,-2.334333210322488,0.0,-0.9425081014330473,3.1404038065224484,-0.4823164064980231,2.5586864141133114,-1.4674870029734184,-2.976808560107767,0.0,-0.3039532774514338,4.639439800906705,-2.6325590148976654,2.208828802261728,0.0,0.0,-2.741798511843589,3.4231694015783454,3.1792986281927593,-0.9802900332883205,2.5023176124055424,-1.3517417614909306,-2.5879948001868125,0.0,-0.27563085288312156,-0.018418609601448855,-0.1541788779211382,-0.13742563699692095,3.466560743453623,-0.06292329152049718,3.249442037484031,-0.596411860365335
67,2085.2082394594177,0.0,0.0,0.0,0.0,0.0,0.0,0.0,1.540020700846682,1.2714297705490432,-1.1153528066349079,0.0,-1.1226310475786685,-2.335235952839367,0.0,-0.9387325456055023,3.1417719826711483,-0.4860514332198074,2.5630459865114643,-1.4709053219700206,-2.97775673343628,0.0,-0.29701653180371784,4.636731732966781,-2.6359301586549697,2.213194443252001,0.0,0.0,-2.7423333254461744,3.4250929342698053,3.1864637368374362,-0.9839722201896794,2.5035899345055657,-1.355277226936185,-2.587507316983983,0.0,-0.27564617242884387,-0.018423985172714853,-0.1539892762622362,-0.13871276299988866,3.506145573003697,-0.08122300753662613,3.259569361357651,-0.688883285786395
68,2085.152203820016,0.0,0.0,0.0,0.0,0.0,0.0,0.0,1.5311676892540833,1.2814701425657884,-1.1165058142919153,0.0,-1.1208796437828936,-2.333366238790658,0.0,-0.9465518631212034,3.1500490333082545,-0.487816254209209,2.564184960023713,-1.4679929922180286,-2.976135951317851,0.0,-0.30218140878047295,4.64161856477632,-2.6369228325636325,2.2108290371420964,0.0,0.0,-2.7390763250936847,3.4150645312207066,3.1980601437175817,-0.9856725986686785,2.5012476283240987,-1.3535796820403718,-2.5859598341783854,0.0,-0.2749738877298949,-0.018288931621779858,-0.15308685940308772,-0.138814686244903,3.574423524489177,-0.0849558948219942,3.2879909698156804,-0.7320000191800219
69,2085.1405256413796,0.0,0.0,0.0,0.0,0.0,0.0,0.0,1.5282325943764334,1.286279503160401,-1.1174271782403706,0.0,-1.121887506213511,-2.333235555709021,0.0,-0.9498956913398143,3.1552862345422983,-0.48910654810346493,2.5659984164975627,-1.468448821589285,-2.976651726482728,0.0,-0.29944057150588826,4.640060705659126,-2.6378028077063056,2.2086223933769706,0.0,0.0,-2.7382147416167424,3.4096163016303747,3.2047012243018957,-0.9852105702480238,2.500128385747373,-1.3538890326713229,-2.5852530872857584,0.0,-0.27460304139129893,-0.01820383359590992,-0.1516760829065339,-0.13970352762260932,3.690895885238569,-0.10043445562318193,3.349661910089978,-0.8065355057033368
70,2085.098148628592,0.0,0.0,0.0,0.0,0.0,0.0,0.0,1.5278099403121053,1.2878295875376546,-1.1179281905443181,0.0,-1.1217193167976154,-2.3340873729933658,0.0,-0.9502200139085665,3.15701305889036,-0.49023691755099186,2.5645725566411177,-1.4687859690756764,-2.9785251645613338,0.0,-0.2911179524011263,4.629861462617794,-2.6388103456870584,2.1995743108035226,0.0,0.0,-2.739282015269172,3.4046726469494497,3.2105110477162153,-0.9821759494825456,2.498300597918079,-1.3534013452802116,-2.5863767894220606,0.0,-0.27350210425654,-0.017959053106128383,-0.14858429684846547,-0.13982306296733926,3.912991917586125,-0.10600907674087728,3.4682272554508353,-0.9750983671208275
71,2085.0343272768823,0.0,0.0,0.0,0.0,0.0,0.0,0.0,1.526794333221225,1.2929957145333222,-1.1199335731668496,0.0,-1.1237410708934086,-2.3356826701410025,0.0,-0.9517836957907055,3.162577319062514,-0.4929944047640383,2.565283107204632,-1.4707471274471875,-2.9815325159555766,0.0,-0.27715967248368256,4.6164260888114965,-2.64094606745237,2.1890173184496433,0.0,0.0,-2.7400578426728424,3.39980060887142,3.2216986715664295,-0.9804082616862574,2.4957290957108365,-1.3555823398952183,-2.588609395945497,0.0,-0.27188831880618636,-0.017599209163082417,-0.1442056999318576,-0.13982494362006248,4.253770577997182,-0.11460575709845262,3.691865330059449,-1.1750112305208988
72,2085.0019079585254,0.0,0.0,0.0,0.0,0.0,0.0,0.0,1.5280747527870309,1.2839198276316552,-1.114671007805498,0.0,-1.1205829506860958,-2.334030808678548,0.0,-0.9501186964767534,3.153919375535614,-0.4883178278051939,2.561727882849004,-1.468555969913164,-2.980012633994636,0.0,-0.2783097684546539,4.609254140793268,-2.636523410172635,2.188032102178988,0.0,0.0,-2.7381526444292756,3.404112779297335,3.203110360684231,-0.9751583900580766,2.4958083204920696,-1.352730498266718,-2.587065991397249,0.0,-0.27211627688084594,-0.017650246157712546,-0.14501798208322808,-0.13940904717467595,4.224291762609706,-0.10649331962836905,3.593713092575967,-1.0313088771101389
73,2085.000325432174,0.0,0.0,0.0,0.0,0.0,0.0,0.0,1.5281322948455691,1.2835046463753177,-1.1144156334110864,0.0,-1.1204589122341704,-2.333881094066627,0.0,-0.9500832392439724,3.153551079774454,-0.48807453183923094,2.561611765444663,-1.4684805427753689,-2.9799074931185348,0.0,-0.2783746485913096,4.608658233851789,-2.6362218359520044,2.1879856780939364,0.0,0.0,-2.738090489017974,3.404424767899137,3.2018422333963827,-0.9748961502942097,2.4958199894811472,-1.3526075921457192,-2.586927001641123,0.0,-0.2721156121809695,-0.01764958420510755,-0.14501476006218625,-0.13938464030182984,4.224893766615573,-0.10610121712223086,3.585680047196415,-1.0182840689031305
74,2084.9997242240534,0.0,0.0,0.0,0.0,0.0,0.0,0.0,1.5281696776937497,1.2833794984480302,-1.114358297620077,0.0,-1.1204308855376965,-2.3338349715348645,0.0,-0.9500557922735244,3.1534390054525128,-0.4880163566425617,2.561588606500184,-1.4684654316845676,-2.9798742916122865,0.0,-0.2783733424736433,4.608458541207443,-2.6361428866722982,2.18797668333168,0.0,0.0,-2.7380800726358108,3.404538360082376,3.201443591148685,-0.9748367484735605,2.4958350153545217,-1.3525782921727518,-2.586884812369848,0.0,-0.2721139369930968,-0.017649028437344883,-0.14500880383902168,-0.13937715908861778,4.225229170713214,-0.10597047575279682,3.582451055279253,-1.0139909443912112
75,2084.992422900713,0.0,0.0,0.0,0.0,0.0,0.0,0.0,1.5324494517685263,1.262592669134297,-1.1046258255069634,0.0,-1.1144432178847696,-2.3239969716002102,0.0,-0.947326401699408,3.134263834906485,-0.47792852108426903,2.5577670807734223,-1.4644893237458367,-2.971961952948587,0.0,-0.2802530520220852,4.573495649345021,-2.6222672688492517,2.1865469616733755,0.0,0.0,-2.734867618305673,3.4226927693406326,3.126950727556452,-0.9653734583780325,2.499415021691799,-1.3462984851589548,-2.5773459765141524,0.0,-0.2718269470090232,-0.017554349661392757,-0.14386057726124415,-0.13812597820901396,4.273596319270911,-0.08073985461321961,2.836608460463655,-0.144120532294306
76,2084.942671982635,0.0,0.0,0.0,0.0,0.0,0.0,0.0,1.5367782543118278,1.2593889490943004,-1.1068600967981084,0.0,-1.1145626493509855,-2.323590023452139,0.0,-0.9424975741935498,3.130481956392675,-0.47997871485720006,2.556881528627378,-1.4649142630753804,-2.971509643720342,0.0,-0.27204237626030203,4.566645458160713,-2.6244362506257004,2.1842870033754664,0.0,0.0,-2.7347324901236902,3.424272483524422,3.1328034067200736,-0.9669947553235944,2.500457758849298,-1.3465006726641182,-2.5769506861516946,0.0,-0.2712861274172837,-0.017450045198032903,-0.14303244540718088,-0.13767553809311078,4.336833839607334,-0.07055181332785707,2.7909762796287363,-0.26674876208331677
77,2084.934551014846,0.0,0.0,0.0,0.0,0.0,0.0,0.0,1.5291174344805913,1.2668688433846345,-1.1069129723314153,0.0,-1.113678704344303,-2.323842807291619,0.0,-0.9495682040230462,3.1372427097080653,-0.4805146258124564,2.5570458511598617,-1.4630906691517864,-2.9711663967671136,0.0,-0.2762891203431931,4.575760703870516,-2.62617372567568,2.182902767481536,0.0,0.0,-2.7323517799489987,3.4138268369613165,3.146425834691248,-0.9676912879212469,2.4992372729970485,-1.3457536534600503,-2.576804712694309,0.0,-0.2712901642069957,-0.017462795882157663,-0.14308260639958903,-0.13813162246149624,4.345754497914385,-0.0770146075157671,2.836182073026415,-0.36185322068658976
78,2084.9248248967187,0.0,0.0,0.0,0.0,0.0,0.0,0.0,1.5256702174395025,1.2731195438038745,-1.1088387812187137,0.0,-1.1141091682134705,-2.3249338381676945,0.0,-0.9527362323116999,3.142627360866576,-0.4823253501648173,2.557145778956753,-1.463223431940095,-2.9718341871241116,0.0,-0.2786467345827257,4.582549748497124,-2.628478484483995,2.1824074379668565,0.0,0.0,-2.732539415336556,3.4088808581355377,3.154246258017432,-0.9696031934856645,2.4983903236808978,-1.346304708697514,-2.577572636312102,0.0,-0.27139199188856833,-0.017481115441566178,-0.14317035745749146,-0.13843339648209704,4.339052233835036,-0.08205969339089024,2.8536556648662037,-0.39419601668222704
79,2084.924660209266,0.0,0.0,0.0,0.0,0.0,0.0,0.0,1.5252437775171235,1.2737456838909118,-1.1089667547444948,0.0,-1.1141252159116541,-2.3250174122780827,0.0,-0.953154765611388,3.1431842757718287,-0.4824468101467088,2.557137074479735,-1.463215250077889,-2.971886350443891,0.0,-0.27901814454367785,4.5832063380331185,-2.628650259274786,2.1823582545648765,0.0,0.0,-2.7325498204250946,3.4083964996969436,3.15463026667441,-0.9697406876872366,2.4982697627691084,-1.3463318404899063,-2.577615951136171,0.0,-0.27140778327191045,-0.017483604827245546,-0.14318035974523727,-0.13847050437861985,4.338035870235253,-0.08273259839398041,2.853571942034131,-0.39181341382062823
80,2084.924643982344,0.0,0.0,0.0,0.0,0.0,0.0,0.0,1.5252210306335288,1.2737767814903616,-1.10897216096377,0.0,-1.1141255062594595,-2.3250199078250997,0.0,-0.9531787166613108,3.1432122661105293,-0.48245131502479,2.557134805208826,-1.4632152413929038,-2.971888256968873,0.0,-0.27904184637100427,4.583232449276379,-2.6286564220437474,2.1823549808459384,0.0,0.0,-2.732551669093644,3.4083778878922875,3.154614829488211,-0.9697460281967778,2.4982615650205915,-1.3463326088109127,-2.577615647579078,0.0,-0.271408814600749,-0.01748372482927715,-0.1431804020705301,-0.138472686662226,4.337986179912091,-0.08277512047976265,2.8533330833807318,-0.3912190196687494
81,2084.924621828024,0.0,0.0,0.0,0.0,0.0,0.0,0.0,1.5251993545415534,1.2738043976893951,-1.108976015868213,0.0,-1.1141252020369186,-2.3250207907317533,0.0,-0.9532027306304591,3.143237652097996,-0.4824541920522456,2.5571324058212204,-1.4632151385786942,-2.9718893892039384,0.0,-0.27906767545146544,4.583252646284364,-2.6286603305115386,2.1823525049360475,0.0,0.0,-2.7325540829452937,3.4083659067689553,3.1545761189316837,-0.9697497569875131,2.4982521101085644,-1.3463328575690168,-2.5776135359159027,0.0,-0.2714099290495159,-0.01748383359968476,-0.14318026225848604,-0.13847497331318107,4.337930495534964,-0.08282398235237823,2.8530462888453836,-0.3903549076633725
82,2084.9246193860636,0.0,0.0,0.0,0.0,0.0,0.0,0.0,1.5251975131273339,1.2738066306289149,-1.1089762692866447,0.0,-1.114125136061247,-2.325020794419473,0.0,-0.9532048479494933,3.1432397494800632,-0.48245436103054967,2.557132197051781,-1.4632151316545428,-2.9718894694354168,0.0,-0.27907003711277045,4.58325405328897,-2.628660569139347,2.182352310716116,0.0,0.0,-2.732554341390581,3.4083653129348286,3.1545711428121495,-0.9697499656447321,2.4982511674114494,-1.346332860312028,-2.5776132630106976,0.0,-0.27141003299842276,-0.01748384237290031,-0.14318023121601636,-0.13847518958121682,4.337926089895919,-0.08282902998040413,2.8530234005255393,-0.39026159376113084
83,2084.9246168082673,0.0,0.0,0.0,0.0,0.0,0.0,0.0,1.525195934094437,1.2738084794211801,-1.108976447767125,0.0,-1.114125058532561,-2.3250207419959263,0.0,-0.9532067302143769,3.1432415302228014,-0.482454462583884,2.557132034464848,-1.4632151372935338,-2.9718895278216255,0.0,-0.2790721838841834,4.583255017840995,-2.628660715489555,2.1823521667674264,0.0,0.0,-2.732554610858987,3.4083651569826987,3.154565555793327,-0.9697500761322985,2.4982502460326717,-1.3463328638374576,-2.577612960204798,0.0,-0.271410128120976,-0.017483849215962553,-0.1431801857293591,-0.1384753929708271,4.337922831224504,-0.0828341567054882,2.8530069573066292,-0.39016596026216194
84,2084.9226934824524,0.0,0.0,0.0,0.0,0.0,0.0,0.0,1.5238202686848705,1.2753613972561653,-1.1091003549264102,0.0,-1.1140398799210078,-2.3249244841784558,0.0,-0.9549040006579056,3.1447784818523563,-0.4825066505160553,2.5570111071608084,-1.4632284381311211,-2.9719276366373006,0.0,-0.2810369680694634,4.5838898533836865,-2.6287390494353735,2.182248280454133,0.0,0.0,-2.7328234680486414,3.4085248912751274,3.1486243108660545,-0.9697895717925425,2.4973568370177968,-1.3463378736172118,-2.577290111432483,0.0,-0.2714973714501305,-0.01748915645121109,-0.1431238643576207,-0.13866665771930803,4.335612228567617,-0.08796939684976054,2.842028113930181,-0.29425163437340834
85,2084.9226834076703,0.0,0.0,0.0,0.0,0.0,0.0,0.0,1.5238313406966635,1.2753470026908031,-1.1090985361315289,0.0,-1.1140400437002085,-2.324923601769035,0.0,-0.9548920865551161,3.144765439116247,-0.48250529826987104,2.5570106467900175,-1.4632289794659472,-2.971926848755336,0.0,-0.28102498067580967,4.5838780692261505,-2.628737104669309,2.182248766985926,0.0,0.0,-2.732822411272459,3.4085282874171097,3.1486391520558894,-0.9697867621446077,2.497360619036994,-1.3463365740971345,-2.5772890972365627,0.0,-0.2714971463800383,-0.017489159977463156,-0.143123946514037,-0.13866662494363144,4.3356317668562045,-0.08795664943384428,2.8420180492930953,-0.29465036592201566
86,2084.922658391019,0.0,0.0,0.0,0.0,0.0,0.0,0.0,1.5238564766978344,1.2753157983528403,-1.1090954353505975,0.0,-1.1140412130950164,-2.32492092227719,0.0,-0.9548649582754617,3.1447366462956334,-0.4825032134300729,2.557010251368357,-1.4632305245403583,-2.971924337635901,0.0,-0.28100042837139266,4.583851549841786,-2.6287328526775235,2.1822513762670606,0.0,0.0,-2.7328201929162454,3.408534893285797,3.1486705901045156,-0.969781719797574,2.4973690985795107,-1.3463335841061477,-2.5772852673487563,0.0,-0.2714967599991019,-0.017489190537565164,-0.14312413291943077,-0.13866725194266796,4.335660107792566,-0.08793409145801262,2.841831584202437,-0.2954875209787739
87,2084.9226581221196,0.0,0.0,0.0,0.0,0.0,0.0,0.0,1.523856705559598,1.2753155188329752,-1.1090954123752348,0.0,-1.1140412248483595,-2.3249208936317878,0.0,-0.9548647061139677,3.1447363833118662,-0.4825031997852039,2.5570102472573324,-1.4632305368150509,-2.9719243083369795,0.0,-0.28100021382201695,4.583851314649532,-2.6287328152535774,2.1822514053963977,0.0,0.0,-2.732820169054494,3.408534922377964,3.148670925762959,-0.9697816799760143,2.4973691819496167,-1.3463335501689688,-2.5772852218125974,0.0,-0.27149675692753816,-0.017489191008534216,-0.1431241355981292,-0.13866726194285078,4.335660239405502,-0.08793388681928084,2.8418284892603443,-0.29549560498114147
88,2084.9226578365974,0.0,0.0,0.0,0.0,0.0,0.0,0.0,1.5238569117437395,1.2753152720135545,-1.1090953962636627,0.0,-1.1140412367092452,-2.3249208674288258,0.0,-0.9548644734482306,3.144736146136027,-0.48250319236604405,2.557010239760299,-1.463230547141704,-2.9719242788646363,0.0,-0.2810000238602197,4.5838511132552675,-2.628732784629921,2.1822514325316757,0.0,0.0,-2.7328201446250056,3.408534916043359,3.1486712888554846,-0.969781648804645,2.4973692627292974,-1.346333514150601,-2.577285174789695,0.0,-0.2714967546598103,-0.017489191639539995,-0.1431241392959275,-0.13866727425147052,4.335660246407758,-0.08793369038720018,2.841824499136466,-0.2955035373004798
89,2084.9226575568437,0.0,0.0,0.0,0.0,0.0,0.0,0.0,1.5238570886278062,1.2753150654633592,-1.109095386359228,0.0,-1.1140412485819824,-2.3249208463743756,0.0,-0.9548642694933147,3.1447359435860576,-0.4825031902227684,2.55701022917125,-1.4632305562896033,-2.971924252705774,0.0,-0.28099986199941684,4.583850951043514,-2.628732761868163,2.182251455141006,0.0,0.0,-2.7328201222610002,3.408534883736462,3.148671652983294,-0.9697816259559315,2.4973693360303524,-1.3463334798277988,-2.5772851315087233,0.0,-0.2714967531898705,-0.017489192359149554,-0.14312414362139766,-0.13866728727173552,4.33566016413371,-0.08793350980950577,2.8418201609340987,-0.2955109155337974
90,2084.9226572755047,0.0,0.0,0.0,0.0,0.0,0.0,0.0,1.5238572496225968,1.2753148822755918,-1.1090953805599726,0.0,-1.1140412611818755,-2.3249208291655434,0.0,-0.9548640805829852,3.1447357606804593,-0.48250319174297207,2.5570102159386425,-1.4632305653531392,-2.9719242290289825,0.0,-0.28099971510221317,4.5838508126767845,-2.6287327443259,2.1822514747298936,0.0,0.0,-2.732820101439575,3.4085348334453256,3.1486720263936654,-0.9697816083820116,2.497369405537785,-1.3463334465587853,-2.5772850907670897,0.0,-0.2714967522602492,-0.017489193157430097,-0.14312414850262745,-0.13866730095239865,4.335660020173935,-0.0879333354591971,2.8418155248061097,-0.2955180858305844
91,2084.922656993525,0.0,0.0,0.0,0.0,0.0,0.0,0.0,1.5238573998316796,1.2753147152713178,-1.1090953775894223,0.0,-1.114041274495088,-2.3249208149320997,0.0,-0.9548639019754177,3.144735591450205,-0.48250319579354745,2.557010200804571,-1.4632305745997356,-2.9719242074115213,0.0,-0.28099957823893673,4.583850690897687,-2.628732730466298,2.182251492103972,0.0,0.0,-2.732820081986445,3.4085347711723153,3.1486724060942306,-0.969781594448294,2.497369472296084,-1.3463334143252155,-2.5772850521834516,0.0,-0.27149675171374266,-0.01748919401023608,-0.14312415377521254,-0.13866731503355353,4.335659834324838,-0.08793316525744357,2.841810702463849,-0.2955251128311226
92,2084.9226567113037,0.0,0.0,0.0,0.0,0.0,0.0,0.0,1.5238575428545897,1.2753145591928208,-1.1090953765163833,0.0,-1.1140412883837236,-2.3249208028399333,0.0,-0.9548637302731878,3.1447354314825082,-0.4825032015427381,2.5570101843618738,-1.4632305840758493,-2.9719241873307074,0.0,-0.28099944803558513,4.583850580353769,-2.628732719108208,2.1822515079441818,0.0,0.0,-2.732820063592241,3.4085347010107934,3.148672789978189,-0.9697815829611754,2.4973695371489035,-1.3463333829207171,-2.5772850152247977,0.0,-0.27149675143088087,-0.01748919490010451,-0.1431241593163523,-0.1386673293634166,4.33565962034398,-0.08793299780734984,2.8418057625280007,-0.2955320432398383
93,2084.922656429014,0.0,0.0,0.0,0.0,0.0,0.0,0.0,1.5238576811295657,1.2753144103914589,-1.1090953766978537,0.0,-1.1140413026954115,-2.324920792229874,0.0,-0.9548635631520702,3.1447352776984223,-0.4825032084148153,2.5570101670389613,-1.463230593749773,-2.9719241683359585,0.0,-0.2809993222331578,4.583850477313258,-2.628732709416492,2.18225152275177,0.0,0.0,-2.7328200459631296,3.408534625680709,3.148673176615515,-0.9697815730949841,2.497369600711725,-1.3463333521226042,-2.5772849794195873,0.0,-0.2714967513262765,-0.017489195814861188,-0.1431241650389817,-0.13866734385018975,4.3356593876030525,-0.08793283217748843,2.8418007477418556,-0.2955389092699178
94,2084.9226564261908,0.0,0.0,0.0,0.0,0.0,0.0,0.0,1.523857682481065,1.2753144089515591,-1.109095376707897,0.0,-1.114041302841485,-2.3249207921338044,0.0,-0.9548635615111003,3.144735276201537,-0.48250320849089723,2.5570101668598872,-1.4632305938480041,-2.971924168153457,0.0,-0.28099932100415476,4.5838504763325725,-2.6287327093305612,2.182251522892996,0.0,0.0,-2.732820045792158,3.4085346248936146,3.1486731804998827,-0.9697815730069773,2.497369601338732,-1.3463333518188545,-2.5772849790694634,0.0,-0.2714967513264225,-0.017489195824174488,-0.14312416509742223,-0.13866734399605674,4.335659385151166,-0.08793283053321538,2.8418006971150755,-0.2955389775034372
95,2084.9226564259084,0.0,0.0,0.0,0.0,0.0,0.0,0.0,1.523857682481065,1.2753144089515591,-1.109095376707897,0.0,-1.114041302841485,-2.3249207921338044,0.0,-0.9548635615111003,3.144735276201537,-0.48250320849089723,2.5570101668598872,-1.4632305938480041,-2.971924168153457,0.0,-0.28099932100415476,4.5838504763325725,-2.6287327093305612,2.182251522892996,0.0,0.0,-2.732820045792158,3.4085346248936146,3.1486731804998827,-0.9697815730069773,2.497369601338732,-1.3463333518188545,-2.5772849790694634,0.0,-0.2714967513264225,-0.017489195824174488,-0.14312416509742223,-0.13866734399605674,4.335659385151166,-0.08793283053321538,2.8418006971150755,-0.2955389775034372
std.err,,,,,,,,,0.664917356687033,0.585181459945208,0.4189648319515315,,0.5182111829558169,0.5365549950564354,,0.6894305449160842,0.5740173194048325,0.394876881486896,0.24190519635855467,0.5190753967100747,0.540589790604856,,0.717462865193226,0.6359165928152533,0.5166768871153354,0.3139565049751138,,,0.6120294693966934,0.6749801129473044,0.615140053188326,0.42294033719437324,0.22232016760454423,0.5225421421057188,0.5499204502545869,,0.03134310566720993,0.007108850400252021,0.02285273171979183,0.012632609521511285,1.3589157295993677,0.1699492488935035,2.8931597850508406,2.841051761758995
t.test,,,,,,,,,2.2918001269717534,2.1793486230253603,-2.647227862877532,,-2.1497824429166537,-4.333052182077378,,-1.3850032734295576,5.478467582584691,-1.2219079695778774,10.570298634965482,-2.8189172577279353,-5.497558814102326,,-0.3916569548564391,7.208257384886754,-5.08776911622091,6.950808434645988,,,-4.4651772217537635,5.049829705367509,5.118628130585917,-2.292951245653566,11.233212120373041,-2.5765067414342044,-4.686650547140597,,-8.662088377874213,-2.460200291112395,-6.262890881157466,-10.976935823111507,3.190528515281367,-0.517406408711564,0.9822480983590532,-0.10402449595654625
p.val,,,,,,,,,0.021917179356007788,0.029305779699069,0.00811546492876003,,0.0315724275907463,1.4705623628596953E-5,,0.16605146643238156,4.290251665040046E-8,0.22174243132599725,0.0,0.0048185937533766765,3.850848995234912E-8,,0.6953116991236383,5.666578317686799E-13,3.6230006417170557E-7,3.631983602758737E-12,,,8.000250131479092E-6,4.422040953411255E-7,3.0776611525951125E-7,0.02185081200366379,0.0,0.009980425929016379,2.777125548414361E-6,,0.0,0.013885949706796241,3.779050405938733E-10,0.0,0.0014201282596399967,0.6048724868930273,0.3259776370845222,0.9171499090642907
