Iteration,LL,asc_carD,b_carD_p.age_group_agg_15_24,b_carD_p.female,b_carD_hh.cars_gr_0,b_carD_hh.cars_gr_2,b_carD_hh.cars_gr_3,b_carD_hh.cars_gr_23,asc_carP,b_carP_p.age_group_agg_15_24,b_carP_p.female,b_carP_hh.cars_gr_0,b_carP_hh.cars_gr_2,b_carP_hh.cars_gr_3,b_carP_hh.cars_gr_23,asc_pt,b_pt_p.age_group_agg_15_24,b_pt_p.female,b_pt_hh.cars_gr_0,b_pt_hh.cars_gr_2,b_pt_hh.cars_gr_3,b_pt_hh.cars_gr_23,asc_bike,b_bike_p.age_group_agg_15_24,b_bike_p.female,b_bike_hh.cars_gr_0,b_bike_hh.cars_gr_2,b_bike_hh.cars_gr_3,b_bike_hh.cars_gr_23,asc_walk,b_walk_p.age_group_agg_15_24,b_walk_p.female,b_walk_hh.cars_gr_0,b_walk_hh.cars_gr_2,b_walk_hh.cars_gr_3,b_walk_hh.cars_gr_23,b_car_time,b_pt_time,b_bike_cost,b_walk_cost,g_bike_stressLink,g_walk_stressJct
0,5390.275650349018,0.0,0.0,0.0,0.0,0.0,0.0,0.0,0.0,0.0,0.0,0.0,0.0,0.0,0.0,0.0,0.0,0.0,0.0,0.0,0.0,0.0,0.0,0.0,0.0,0.0,0.0,0.0,0.0,0.0,0.0,0.0,0.0,0.0,0.0,0.0,0.0,0.0,-0.1,-0.1,0.0,0.0
1,4526.321354394209,0.0,0.0,0.0,0.0,0.0,0.0,0.0,-3.892424085833335E-4,-2.7624054837299634E-4,-1.4980567900705323E-4,0.0,6.379800952602515E-5,5.5120545378327535E-6,0.0,-8.403162326650217E-4,1.730070658945969E-4,1.1864716366504527E-4,-9.44561585400667E-5,-3.014439532931566E-4,-4.7448030070948577E-5,0.0,-5.345799430699647E-4,2.2496897152470833E-5,-2.881065605655096E-5,-1.0498777920932243E-4,0.0,0.0,-2.1284080005495436E-4,0.0021432465347993256,4.4828762440371993E-4,2.2803694854657108E-4,7.62793453205029E-4,5.111322304557973E-4,7.239574368100472E-5,0.0,-0.0041759773488058045,-0.0074354850622588235,-0.101939252721716,-0.06030887846962575,7.480543360638001E-5,-1.0655963960322013E-4
2,4043.611186127806,0.0,0.0,0.0,0.0,0.0,0.0,0.0,-8.829521868987226E-4,-5.830321885049682E-4,-3.14983435700893E-4,0.0,7.071587191525097E-5,-5.406613000139016E-6,0.0,-9.812096708085704E-4,5.060586594170904E-4,3.1824837723199985E-4,-3.288875965187961E-5,-3.8034025416040844E-4,-4.938188244232493E-5,0.0,-0.0010022605574821124,4.3417988150825686E-5,-5.522527482520936E-5,-1.9431645257777158E-4,0.0,0.0,-4.0243850084958395E-4,0.0036519351663930086,7.927341594494475E-4,4.02480125213493E-4,0.0013417215587530444,8.471669748906356E-4,1.2102379497315542E-4,0.0,-0.010335161651467955,0.004961981208883288,-0.10374671844727665,-0.03305568101609532,1.4766310550053428E-4,-7.690219089812014E-5
3,3976.655883134046,0.0,0.0,0.0,0.0,0.0,0.0,0.0,0.02288966973313032,-0.013095102553862096,-0.007277415683359644,0.0,0.02162989031099562,0.002896347355103923,0.0,-0.025423648268710457,0.01621199981670888,0.010617673141906078,0.00303094177836797,-0.011774010961088498,-0.002415082814855915,0.0,-0.01761779797376628,0.004634474710198498,-8.401996604976498E-4,-0.001793505721648997,0.0,0.0,-0.008800340793473412,0.0412497007462373,0.012910717100736822,0.006371574752560392,0.026702026040672684,0.002702613302238453,2.2691944168321186E-4,0.0,-0.09334470826193415,-0.008092333481376376,-0.09663813796459769,-0.0433259123798334,1.2023161495917044E-4,0.022598289391802195
4,3878.327847716928,0.0,0.0,0.0,0.0,0.0,0.0,0.0,0.17672052926965598,-0.08395069991523248,-0.04662037606586955,0.0,0.154269714552735,0.021019451342131356,0.0,-0.1600389656289331,0.10683613777225826,0.07027204607039661,0.024673134878213657,-0.07651447360109388,-0.016332659301821616,0.0,-0.1421585116846223,0.026597213640298923,-0.008652172997789326,-0.017752455208589323,0.0,0.0,-0.0678258693687075,0.2634288314522574,0.08596569411872423,0.042320065897565255,0.17836748823124537,0.012604851931246384,7.170887196575785E-4,0.0,-0.42260574935456424,-0.06486395749267218,-0.31855638770180256,-0.10096193073153059,0.009362427687128687,0.1596336317599107
5,3346.674200609896,0.0,0.0,0.0,0.0,0.0,0.0,0.0,0.8354679800727958,-0.5114687013812103,-0.2726885620959861,0.0,0.8633276100852025,0.12825133619843435,0.0,-0.7468924712598404,0.5200852220332515,0.35508328247048704,0.22040721175034808,-0.38240170856919364,-0.10063553528929584,0.0,-0.7905137733220742,0.2181119774334046,-0.044054858516886175,-0.06621517373588871,0.0,0.0,-0.395101130271221,1.5142175140871834,0.5788288481539539,0.2836269113209191,1.1158437370218894,0.02446899857539892,-0.003653686466461685,0.0,-0.0399621522398137,0.03734973360411886,-0.06177159290984818,-0.09653249796137875,-0.09819540740522326,1.0526383796950187
6,3119.320068007103,0.0,0.0,0.0,0.0,0.0,0.0,0.0,0.3394010950107412,-0.8992607034271682,-0.40028643886048737,0.0,0.5487550472980369,0.28635603951524613,0.0,-0.45264454360268724,0.6251218448160554,0.4288555206203744,0.6371904968958493,0.042330543358605144,-0.2965132521139666,0.0,-0.990672121730826,0.5052639417899047,-0.09269488455050323,0.10060891474065985,0.0,0.0,-0.5964647283516943,2.33512862175459,1.0125937991249363,0.48071441780017654,1.6397293792606868,0.13999565339439815,-0.030198987288467226,0.0,-0.009865958871179133,0.014987743743158928,-0.06095264309441434,-0.13456631866295998,-0.09141230797728794,2.37490203585397
7,2708.1366432799327,0.0,0.0,0.0,0.0,0.0,0.0,0.0,1.1038203739478765,-0.9888469230974448,-0.2963411090189753,0.0,0.44959428028879056,0.6479435422713264,0.0,6.385582272900314E-4,0.49321034723150314,0.3835784734713596,1.4560601627976624,0.7849317187397433,-0.675959173610069,0.0,-0.9594595185123782,1.2008145964726893,-0.18829748215582062,0.6788929890204682,0.0,0.0,-0.8975140536202173,2.1954567894352186,1.6771725060233074,0.7535573259214164,1.9042245518558178,-0.05570412056392099,-0.13726658585821547,0.0,-0.013361875679943885,-0.0016416736019775335,-0.011032448448244213,-0.0772409680205319,-0.011657697984350499,5.243727899427745
8,2533.4891585282403,0.0,0.0,0.0,0.0,0.0,0.0,0.0,1.207960626685243,-0.983110317214916,-0.22098882051029883,0.0,0.48024513136142094,0.7292997586197115,0.0,-0.128180691707154,0.5480071251349243,0.46038647582310804,1.8162420726162374,0.7164732217122883,-0.7920501946307935,0.0,-0.45869529014736676,1.6110701362508877,-0.22418062868144695,1.1340323955261702,0.0,0.0,-0.8597524582966205,2.207123657838908,1.7244412129925712,0.6978345247435402,1.9037758706341443,0.0036922154822723735,-0.20707416973184536,0.0,0.018666453137313226,0.00477469023205397,-0.0667075345716677,-0.05258464066614471,-0.27237799154845926,6.771891523289215
9,2476.0292036958367,0.0,0.0,0.0,0.0,0.0,0.0,0.0,1.4668871632388503,-0.4454898901503601,0.18896819804142695,0.0,0.2724365220417364,0.7308752503612845,0.0,-0.2617956289399678,0.6859524081917665,0.6227994949639697,2.204831474487214,0.6571658685189056,-0.890056376588486,0.0,-0.5928705757193942,2.2073288053541993,-0.35230996515981955,1.6309483750345457,0.0,0.0,-1.1372819768613718,2.637104794731021,0.9483361606017718,0.10945766603583174,1.4920698404977377,0.5492082257221106,-0.3045604248327441,0.0,0.08899745168152746,0.022891494559189582,-0.007290374264708299,-0.028361137746456377,-0.07322982237407416,8.485126022339687
10,2462.0087922127705,0.0,0.0,0.0,0.0,0.0,0.0,0.0,1.4464359916253635,-0.24683154862766962,0.3022228781602778,0.0,0.28992363680881084,0.5773508977011994,0.0,-0.38770093146254925,0.5421548806954801,0.5107984470719475,2.0455275375626565,0.8200543467683475,-0.9046988965350183,0.0,-0.5953791126587668,2.3616027325034072,-0.45612289157996744,1.757202614299102,0.0,0.0,-1.1578839160146654,2.7975815418697545,0.8007983590770898,0.02046637044495883,1.5774207565649763,0.35731251792483865,-0.2842984029244394,0.0,0.08538889056809026,0.028287759093202507,-0.01510475030318877,-0.030686781029846916,-0.12373655805406539,8.63662064940318
11,2444.7189033377363,0.0,0.0,0.0,0.0,0.0,0.0,0.0,1.3917622630643902,-0.31826710428146016,0.19429354280974948,0.0,0.35264083110161737,0.16329763173193085,0.0,-0.40780809208537633,0.596862083343515,0.4899196649131925,2.061310871531546,0.8661057940688422,-0.8920146419726565,0.0,-0.728120138973419,2.439834686312104,-0.7625058596564265,1.7875126612373415,0.0,0.0,-1.1491264867092112,2.8068661809054545,0.6632447040504179,-0.06351914609719704,1.4867388193208193,0.11751645400071423,-0.2412669029149026,0.0,0.07406701878701966,0.02341071018462204,-0.013340876301388646,-0.028010402807832138,-0.18951212954248275,8.697850096063936
12,2407.5892147568447,0.0,0.0,0.0,0.0,0.0,0.0,0.0,1.5365709010285167,-0.34527663818562687,-0.08649754890593114,0.0,-0.02495614290897874,-0.8802078352036997,0.0,-0.7212764888095966,0.43315372518450496,0.09950013706136379,2.2981799643581824,0.7740185030546547,-0.9596414432121856,0.0,-1.0464824917783977,2.637810079041587,-1.818695927360452,1.8581236160585615,0.0,0.0,-1.0562396668145553,2.965245670597943,0.7729845007713447,-0.09055073143471333,1.2358762936667647,0.10057558208723491,-0.380105714810413,0.0,0.03967825906412836,0.027357438552206563,-0.020636006733072813,-0.038597785222575016,-0.6307511499786904,8.507762867413948
13,2350.2446420760803,0.0,0.0,0.0,0.0,0.0,0.0,0.0,1.650630459556326,-0.2282317388490565,-0.46166590518825384,0.0,-0.4513355604991667,-1.3871614231764986,0.0,-0.6392045381505563,0.8958313166845622,-0.201857668576498,2.3111357131694787,0.5208606160926919,-1.208253509936805,0.0,-1.3150013440278503,2.6605537400937678,-3.1323486679583312,1.8076588216292093,0.0,0.0,-0.9184338875235212,2.7817799206931197,0.6834892829373845,-0.792066584992474,1.8781369003861115,-0.051910810749929814,-1.4600592750102366,0.0,-0.02524625435626031,0.01145900378517371,-0.03535550968065807,-0.03951877811525652,-1.1999904684659985,8.039682661064601
14,2304.1931631303532,0.0,0.0,0.0,0.0,0.0,0.0,0.0,1.3613834725837695,-0.03762306696129375,-0.7979415020171362,0.0,-0.0657588019948338,-1.3520983028060365,0.0,-0.35900316272687394,1.0881787946891468,-0.7011666857458685,2.3517922940720144,-0.06722515769236392,-1.5951284473537923,0.0,-1.367165346256971,2.7734409048115753,-3.889800920328832,2.152577171404,0.0,0.0,-1.14825943562724,2.9229961173805497,0.9537320803173213,-1.1556516136039645,1.8359259258263776,-0.31019164285491513,-2.2896681097362075,0.0,-0.08582667415352938,-0.0029243870490055744,-0.04658804177669229,-0.0510159086182472,-1.057783425299339,7.490681187521474
15,2269.507802846475,0.0,0.0,0.0,0.0,0.0,0.0,0.0,1.3425583450255805,-0.07612194282318588,-1.2772300277409303,0.0,-0.18427046588097384,-1.3071256469916368,0.0,-0.5055371310991519,1.65570579535038,-0.8815549937652185,1.7417559197136923,-0.26130768322470066,-1.9498041936903925,0.0,-1.0818854474777577,2.71000769477191,-4.195178799373409,2.4825490960781393,0.0,0.0,-1.356633446257757,3.0380462272537407,1.316973634729798,-1.3430123899588415,1.6553047710302,-0.41738505656975905,-2.5668299635547185,0.0,-0.04844055587425634,0.008544242197839754,-0.04163466350056656,-0.05281022879162379,-0.4411414112545148,7.137122003634391
16,2240.528055896423,0.0,0.0,0.0,0.0,0.0,0.0,0.0,1.3657504802717286,0.41158409073211755,-1.3620758610766206,0.0,-0.2650141714888321,-1.3978587057707155,0.0,-0.40982727013053694,2.2382307061647246,-0.9154393060403841,1.74967112931451,-0.5352770649389005,-2.253652276047416,0.0,-0.5550264172439269,2.668006256166228,-3.909616400617541,1.9272795481280287,0.0,0.0,-1.266266451736562,3.3085720210803706,1.7421354081056923,-1.5120926289747565,1.6769048308579098,-0.6580732496393245,-2.097267440752812,0.0,-0.03283675507946056,0.01025199593867691,-0.04496394266209902,-0.0579228946510152,0.11235556243447031,6.842406003887432
17,2221.5576974984115,0.0,0.0,0.0,0.0,0.0,0.0,0.0,1.3356204732209276,0.3125648057806407,-1.5477106912759306,0.0,-0.34084733345547846,-1.466250244642479,0.0,-0.3195719445820211,2.1260512812831505,-0.9075557675467874,1.5520701384058855,-0.9179705587842577,-2.2068786594382765,0.0,-0.37197399041335166,3.23478797053903,-3.3794253644323895,1.4631070978031961,0.0,0.0,-1.5051032906890458,3.1666257548560215,1.8436721673577465,-1.6361472505030634,1.9320268609380626,-0.5794692623947291,-1.704947183644229,0.0,-0.050287928617063826,0.008490593990190516,-0.061063701382128084,-0.06047858251308007,0.4080985150370374,6.695963867777891
18,2212.055912079814,0.0,0.0,0.0,0.0,0.0,0.0,0.0,1.3844092108906232,0.17330218539690886,-1.5256799901620748,0.0,-0.42397683317400736,-1.218325333364659,0.0,-0.4080112728138179,2.1977461706491135,-0.7012879087834694,1.6837052832089316,-0.7808199711483867,-2.0441720089414,0.0,-0.3307514666926862,3.5589405455997136,-2.90249152072463,1.400231169560294,0.0,0.0,-1.8207481122301559,3.1982592500983205,1.8255249190152312,-1.6012668739700748,1.8071509863026913,-0.7114187336582785,-1.5498387505198898,0.0,-0.0635009327416276,0.005266251521715783,-0.08158727525105244,-0.06181935887949511,0.15322933007518452,6.473853551812077
19,2193.617786759113,0.0,0.0,0.0,0.0,0.0,0.0,0.0,1.1203853928262966,0.07104588810945354,-1.119638864529733,0.0,-0.5207335826501793,-0.7160942149042541,0.0,-0.7847074943284682,2.0525008722554228,-0.5044619298080373,1.5772610005196042,-0.8645385683239925,-1.3282705311433065,0.0,-0.7347605948868692,3.0511938129700877,-2.0200894781914944,1.114352020638615,0.0,0.0,-2.4475541394316567,2.999082161725372,1.8676837580047314,-1.158348139750292,1.5502804863398716,-0.9432421748256674,-1.3739959341937313,0.0,-0.12605256246960728,4.2644322328382056E-4,-0.08388182892144662,-0.06428199000234763,-0.37315869739757884,6.68285332463554
20,2179.938130590598,0.0,0.0,0.0,0.0,0.0,0.0,0.0,0.9408093695675851,0.2648508446812687,-0.7191364509372752,0.0,-0.4568125172237505,-0.5623191560007351,0.0,-0.999162257006196,1.9066078432592266,0.2565842168004471,1.9726780974802276,-0.9143710069042075,-1.519613050742601,0.0,-0.9914579876730364,2.8146256185483676,-1.8237177417874784,1.8927801331129508,0.0,0.0,-2.5425556890947054,2.6161739186767585,1.5037458533067558,-0.0625464728609364,2.158397505345949,-0.7511074805271808,-0.9329615993521058,0.0,-0.1643798644509922,-0.0036731633104770695,-0.09039688480103183,-0.06552229749129788,-0.30525554499581575,6.594242008142807
21,2172.2778742596356,0.0,0.0,0.0,0.0,0.0,0.0,0.0,0.913076171928132,-0.07586717419739636,-0.2223107333569932,0.0,-0.3860173587984814,-0.7220147552847705,0.0,-1.3670053973984124,1.8559718070055338,0.26306100025578616,2.4003364078945943,-0.775608231622661,-1.7451378473171035,0.0,-1.1487713036138882,2.910173441378238,-1.5614086251555275,2.2532282342998693,0.0,0.0,-2.015469224451708,2.5319535374779503,1.5524670418865816,-0.03910380712533797,2.3902321995582336,-0.7319531296319788,-1.1837983778211347,0.0,-0.15810941424238506,0.005442928833925208,-0.09198183874234038,-0.06468975756240491,0.09809521727715609,6.563742722184277
22,2167.4209920994717,0.0,0.0,0.0,0.0,0.0,0.0,0.0,1.0267077125710873,0.013135829886913614,-0.06724314772041345,0.0,-0.14222607263094073,-1.146104036127673,0.0,-1.1360962976977562,1.924396874617786,0.4766433683268959,2.3188001760065435,-0.5709731806326804,-1.7285420361934445,0.0,-1.2389851172749424,3.171421389691576,-1.4090345766996888,2.5627807908642772,0.0,0.0,-1.5381415209472329,2.6626439606933867,1.9733361757872,-0.16607483588146377,2.385496057088321,-0.4524393649155342,-1.5419097787915899,0.0,-0.16909807074157202,-6.932116074652179E-4,-0.10051104588739673,-0.06781289508165668,0.09804771618838873,6.602539458940837
23,2162.7960595916747,0.0,0.0,0.0,0.0,0.0,0.0,0.0,1.0795818573416769,0.1872739700669515,-0.3668408603398391,0.0,0.01487274144538614,-1.2753061060197561,0.0,-1.0980984346425273,2.091409670428343,0.25221493783578697,2.2463442509240386,-0.39656232783300305,-2.095089087378053,0.0,-1.2749461620904825,3.4601166927594846,-1.4454101735167435,2.42056825840348,0.0,0.0,-1.3430267167966512,2.749728374375624,2.0049315916995347,-0.13200372312375155,2.280802156672723,-0.3029404298735351,-1.806297509451331,0.0,-0.17202356936644936,-6.192901757902301E-4,-0.10576562554831057,-0.06757524066603074,-0.056408453944831266,6.731425874500742
24,2157.972639434723,0.0,0.0,0.0,0.0,0.0,0.0,0.0,1.0840365710892208,0.5080939500234175,-0.7538232761865248,0.0,0.04424461229470768,-1.482319454983702,0.0,-1.2655392003117194,2.2474919901991988,0.04410441992705813,2.4389356873635273,-0.2544229021528992,-2.372092281429826,0.0,-1.047521699650015,3.720154481367937,-1.9933654289534606,2.2637134233602243,0.0,0.0,-1.8746563629180266,2.7694966462202553,2.3879897967890233,-0.6789717773311795,2.3318930068968786,-0.27241918143184046,-1.9226260383743996,0.0,-0.1714923476704401,0.0026663504561459765,-0.10844138442301844,-0.06777662953520147,-0.15877468524771132,6.858603695860398
25,2155.754765892923,0.0,0.0,0.0,0.0,0.0,0.0,0.0,1.1809321850745376,0.7622209847147208,-0.8897600414307483,0.0,-0.12111653715019909,-1.6869967514522817,0.0,-1.21825702633889,2.807012800803497,-0.567910973688792,2.583923019376192,-0.35963513453105855,-2.2618808533986967,0.0,-0.840105659619142,4.140450060178581,-2.5363470739425025,2.289664255505987,0.0,0.0,-2.377569794547573,2.830029686197671,2.6442180572859244,-0.9090383492535433,2.469171115031879,-0.36173245192070275,-1.9613350052277703,0.0,-0.1737069702890885,5.9533155228037524E-5,-0.11339350534894706,-0.06817904704753999,-0.23894512039335117,6.943400116285906
26,2152.3923445100445,0.0,0.0,0.0,0.0,0.0,0.0,0.0,1.2893979516945726,1.0737104938321134,-1.251661566682077,0.0,-0.5919969030552314,-1.6011130850189994,0.0,-1.1942426697900748,2.9979578312213295,-0.7148052911666539,2.666124092961198,-0.7733159196237891,-2.1466849050600407,0.0,-0.908858099311135,4.54635656645385,-2.9469145181673366,2.367407709459788,0.0,0.0,-2.4089031858387147,2.9837826712496196,2.8619464008583675,-1.107881828326406,2.4619178085893783,-0.8613814169547311,-2.0232109920146013,0.0,-0.174732779537232,6.734654652837863E-4,-0.11407856307322888,-0.06881006084242228,-0.22763013877954347,7.032348277373556
27,2151.6602679374746,0.0,0.0,0.0,0.0,0.0,0.0,0.0,1.3260131088121494,1.092236945693941,-1.2455735077837875,0.0,-0.7415410102970679,-1.6324510716242593,0.0,-1.1335535347923753,3.059698708330994,-0.7632976407007044,2.621508167124698,-0.956316032566453,-2.352553542281663,0.0,-1.01501968799864,4.584871439172438,-2.9344859940521233,2.466322767638974,0.0,0.0,-2.4496960747174272,3.0023836261807033,2.946911753071268,-1.236386555005121,2.451258717700328,-0.9942392503922062,-1.9531276034056293,0.0,-0.18213822434439197,-7.866090526009963E-4,-0.11517537768990113,-0.06923047764851316,-0.34424601265753413,7.040763244539388
28,2151.2445411550525,0.0,0.0,0.0,0.0,0.0,0.0,0.0,1.4022559664909353,1.3319847865353096,-1.2045900297123169,0.0,-1.229359511872649,-2.530906355616403,0.0,-1.0966515134337553,3.1234861123921287,-0.41488719608709784,2.6478949492347312,-1.5283887042061448,-3.1131301012534616,0.0,-0.9840549673496415,4.546275614598396,-2.2152721958382022,2.4669409127976536,0.0,0.0,-3.0135206283602463,3.1242245374944018,2.9876411314836013,-0.9842507594381176,2.4770393430552127,-1.5086614873962207,-2.8753400018384543,0.0,-0.19507803153380573,-0.002437112508610891,-0.1185754797377884,-0.07081706487000262,-0.24080043539938603,6.938101176248085
29,2150.3564842193177,0.0,0.0,0.0,0.0,0.0,0.0,0.0,1.4074642623641949,1.2606474145808473,-0.9582972029218939,0.0,-1.264521143862762,-2.555889255790305,0.0,-1.068688993076937,3.1218758405903415,-0.2348759073283962,2.5365688941328255,-1.619945826477636,-3.2860213071639452,0.0,-0.9275863112980438,4.6477203949680606,-2.3251554315367784,2.3046135075638974,0.0,0.0,-3.07943519080501,3.1668556024162493,3.0154799807607056,-0.8720462756840339,2.4069876244141803,-1.5757042145131104,-3.013134238045976,0.0,-0.19395843105104832,-0.0018917658337941614,-0.11869502453747496,-0.07105944995728308,-0.22528367703679658,6.9161353268010055
30,2148.9966810473215,0.0,0.0,0.0,0.0,0.0,0.0,0.0,1.4619903955520954,1.1566649125054786,-1.0942548085125399,0.0,-0.9575701901708061,-2.042629613260023,0.0,-1.0505191721169094,3.086260268791156,-0.4826401541224238,2.600234368275335,-1.2719204317775978,-2.7926159427149395,0.0,-0.9090170677463217,4.645245719115764,-2.648117983075291,2.3877445051512267,0.0,0.0,-2.762079738030271,3.1609996864464955,2.9805786222893333,-1.0585636180455003,2.4672652997923343,-1.251452305874627,-2.463041149916717,0.0,-0.18946841840145162,-5.115694710839953E-4,-0.11891272085702209,-0.07018140536316649,-0.3389360356617823,6.902509999555595
31,2148.776083762253,0.0,0.0,0.0,0.0,0.0,0.0,0.0,1.4958237481878607,1.1904418612844372,-1.0830255025908933,0.0,-1.0556944824810697,-2.1844029738695494,0.0,-1.0195650550278186,3.1204219738069385,-0.4650001799574372,2.5934186363627165,-1.3829377312237838,-2.9350805533041644,0.0,-0.8744284367001585,4.648398781825091,-2.6006044709861365,2.384345071271534,0.0,0.0,-2.882065680591972,3.2005811866177587,2.9972194911330794,-1.0442940939644434,2.461235807409804,-1.349758919305451,-2.6044342563764884,0.0,-0.18957159518631359,-4.812025866448388E-4,-0.11930172131379493,-0.07027687262484984,-0.32095512401441884,6.8391174914334245
32,2148.6643134823244,0.0,0.0,0.0,0.0,0.0,0.0,0.0,1.5476968431280027,1.2025732128489488,-1.0645921763191106,0.0,-1.139049886357251,-2.314222128719359,0.0,-0.9787773426515505,3.1286662520419344,-0.4295105348644465,2.593468869283011,-1.4705956351244842,-3.047264309792816,0.0,-0.8339245793263423,4.655511203809169,-2.5465997835322383,2.3773003163734443,0.0,0.0,-3.0062393772952385,3.251339343215754,2.9930960201993604,-1.0112000120856204,2.455102425675921,-1.4329514270795556,-2.741858151997906,0.0,-0.18842377822593354,-1.2215370334695897E-4,-0.12038517345369878,-0.07024859622960723,-0.3580059331224973,6.727958786413168
33,2148.5279487336365,0.0,0.0,0.0,0.0,0.0,0.0,0.0,1.6285530200546818,1.2078271962642455,-1.0829742183526982,0.0,-1.2033658568074141,-2.3794298895584207,0.0,-0.9025540830064259,3.1398370388220362,-0.4539630869626088,2.588019994622638,-1.5445070534188723,-3.1258980291881477,0.0,-0.760023232619239,4.658361568371822,-2.561984730122176,2.3753122457173266,0.0,0.0,-3.100462189656372,3.3269206861734295,2.9952569657996246,-1.0355192402849913,2.451859882107253,-1.4950378704635339,-2.7951980809554775,0.0,-0.18660841154903432,4.1523386931325017E-4,-0.12159660688865166,-0.0702853753315538,-0.3656362847403504,6.509777747153729
34,2148.3662630829012,0.0,0.0,0.0,0.0,0.0,0.0,0.0,1.7020853741670332,1.1975845223942045,-1.1026571525355993,0.0,-1.2386138829099402,-2.4116234769542038,0.0,-0.8285070058284529,3.1290791651168632,-0.4755866112245691,2.5849081163808516,-1.5793516814324786,-3.1556346538237885,0.0,-0.6982039145250075,4.667360959334978,-2.5893684821268974,2.3704141818054385,0.0,0.0,-3.1673206982397386,3.394540729518485,2.986475207770753,-1.055631355421367,2.4463313192176908,-1.5279432710302465,-2.8206832258632915,0.0,-0.18454135896685972,8.612767081810678E-4,-0.1234525816616213,-0.0704701579745035,-0.40105484340598696,6.184951818063865
35,2148.14279631507,0.0,0.0,0.0,0.0,0.0,0.0,0.0,1.7619768136953622,1.173537423446291,-1.1287909505704894,0.0,-1.2426316590005821,-2.402916820919631,0.0,-0.7567832606834658,3.099479057476483,-0.5070307191942998,2.5825250506888215,-1.5767014276745823,-3.1414539882056336,0.0,-0.6514942359206504,4.682499605450495,-2.642539485984093,2.3668682685200784,0.0,0.0,-3.197555597755835,3.4485655161393756,2.971718014536567,-1.087144498850695,2.4421792445786625,-1.5284615691151273,-2.8011854206061244,0.0,-0.18272812705203384,0.001070443351131557,-0.1263199320187275,-0.07111846547533308,-0.44022463243211096,5.584919611490298
36,2147.923354967722,0.0,0.0,0.0,0.0,0.0,0.0,0.0,1.7540539763388803,1.1502403087298216,-1.1388470831253186,0.0,-1.204090774596267,-2.3535506500743755,0.0,-0.7485449956424928,3.068344074834076,-0.5212674336998674,2.584142420164943,-1.5296126931495801,-3.0859463539105096,0.0,-0.6669591379672396,4.694685831964181,-2.681051849073053,2.369051923755052,0.0,0.0,-3.165215594341259,3.4383998773317925,2.9578996563890385,-1.1036797441033381,2.443405006172088,-1.4868191068963084,-2.7435485501350017,0.0,-0.18266883473392762,8.073708283582546E-4,-0.12894963593391381,-0.07215238262973687,-0.4619044217575261,4.886006956125699
37,2147.6852703466907,0.0,0.0,0.0,0.0,0.0,0.0,0.0,1.6622283254368875,1.133807567682924,-1.1228821988846631,0.0,-1.1203498308464694,-2.262347124705383,0.0,-0.8263677426901032,3.0453087569719854,-0.508179836815865,2.5904303092023886,-1.4382942078685164,-2.9904327082053337,0.0,-0.7596169171979943,4.701886273021942,-2.6893305780824526,2.377589224628867,0.0,0.0,-3.0665767539846436,3.346611091072542,2.948411909335156,-1.0949781040347284,2.4494327114318044,-1.400246559485117,-2.6473728992647305,0.0,-0.18454013034226888,1.2350684384260886E-4,-0.13115390198704308,-0.07364775782614881,-0.46726327513601645,4.0391742110683175
38,2147.5347668707436,0.0,0.0,0.0,0.0,0.0,0.0,0.0,1.5429510090939471,1.142786827145558,-1.0864797239988557,0.0,-1.0513405299232237,-2.1936629987321368,0.0,-0.9483316339527359,3.055491308734647,-0.47161051483516936,2.596041828044409,-1.369454907394887,-2.9237317379088483,0.0,-0.8710856634118941,4.700589284663255,-2.6538630831158763,2.3850652678678452,0.0,0.0,-2.9701749191317437,3.2278011741971686,2.9552251053647587,-1.0613218955583639,2.4534269557207122,-1.330299532005191,-2.5805259605914173,0.0,-0.18708701415192794,-4.44496353226303E-4,-0.1312953288856436,-0.07466070320015943,-0.4559939272158145,3.5627624511345393
39,2147.4503213202115,0.0,0.0,0.0,0.0,0.0,0.0,0.0,1.4649874426012794,1.1702259265260195,-1.0559965027530827,0.0,-1.0282817662336725,-2.1739778544478194,0.0,-1.040224670996467,3.0880961065215224,-0.4394690928068807,2.5961107907867937,-1.3520768916056753,-2.909588029968785,0.0,-0.9376505401294127,4.6974624976983925,-2.6086313082654247,2.3851361631384793,0.0,0.0,-2.9232711104176237,3.1490455106527766,2.9750016338464507,-1.0295106733807085,2.4508691146804344,-1.3071205390378082,-2.564673981329727,0.0,-0.1891440311450944,-6.802711195783459E-4,-0.1301800939400638,-0.07509106561717167,-0.44087540154387744,3.4133471507975575
40,2147.4056516863147,0.0,0.0,0.0,0.0,0.0,0.0,0.0,1.4532899718776882,1.1948736460410274,-1.0483517169438932,0.0,-1.0424412560358995,-2.189217621781487,0.0,-1.065411580060342,3.116504232320523,-0.43078438220299925,2.5922651816388673,-1.3712417569337558,-2.9289954083987717,0.0,-0.940208803546145,4.694396766175359,-2.5853650360124254,2.3794612519310907,0.0,0.0,-2.924458348913841,3.1348959906893614,2.9927808325377554,-1.0196708982977283,2.444165479786261,-1.3206808584444123,-2.5809990097912894,0.0,-0.19022406482961515,-6.638775455556321E-4,-0.12905019647397062,-0.07522696910028288,-0.4304204692467294,3.3564852531825338
41,2147.3731949339094,0.0,0.0,0.0,0.0,0.0,0.0,0.0,1.4831311199298216,1.2089937046366301,-1.0563048158358967,0.0,-1.073906893979268,-2.2181528703347038,0.0,-1.0455429297997714,3.132449279321811,-0.43855897252644255,2.588210546298346,-1.4046418589342937,-2.9597924691642072,0.0,-0.9034064417281734,4.687391682582356,-2.5805608128486286,2.372508048166665,0.0,0.0,-2.9464504138169247,3.160808248759994,3.001767155868503,-1.025790957736793,2.436690963916125,-1.3509705911986698,-2.6085777775633683,0.0,-0.19064842917516753,-5.523157024327589E-4,-0.12791461962973477,-0.07530887013544539,-0.4221859015083013,3.2664276111300667
42,2147.353708696548,0.0,0.0,0.0,0.0,0.0,0.0,0.0,1.5304777920232149,1.2065192342777922,-1.0718398847957515,0.0,-1.1046319258920938,-2.2441051294927865,0.0,-0.9998745151415069,3.1293825317900517,-0.45409771319715114,2.586979082010835,-1.4336987484565766,-2.9855027857616894,0.0,-0.8534671650556778,4.676898452790404,-2.5903031395693135,2.368938397607889,0.0,0.0,-2.971827660123851,3.205169690521999,2.9974678474286436,-1.0400219562989987,2.4330890831205148,-1.380746548025748,-2.632345623496561,0.0,-0.19046665133959328,-4.66203236198862E-4,-0.1269300973860512,-0.07536599694444979,-0.41602737138174123,3.166697719714371
43,2147.3436873136056,0.0,0.0,0.0,0.0,0.0,0.0,0.0,1.568527812397118,1.195018619981594,-1.0850761693316116,0.0,-1.123433776079699,-2.2590739685675922,0.0,-0.9573951399028741,3.1163541828370773,-0.46700641224266703,2.589046678028558,-1.449598475626936,-2.9998185511616704,0.0,-0.8166663254980093,4.666679833080128,-2.602669141469802,2.3702261190664404,0.0,0.0,-2.9896070831017343,3.2424642644178396,2.9865964978319823,-1.0521740968211744,2.434477011503735,-1.399258905791763,-2.6461141409204836,0.0,-0.19005222613499853,-4.568151101921987E-4,-0.1260998364230775,-0.07540342967717434,-0.4109190668211862,3.098252186657313
44,2147.3398327135747,0.0,0.0,0.0,0.0,0.0,0.0,0.0,1.581704126210576,1.1859088311768688,-1.0899078624458376,0.0,-1.127320460334811,-2.261966012568957,0.0,-0.9394370828690157,3.106525309489675,-0.471279084465966,2.5924563529068143,-1.451857996369233,-3.00283600188643,0.0,-0.8063870485569461,4.6612639080642255,-2.607934444326806,2.3741717229929407,0.0,0.0,-2.9957378887106554,3.256473337981708,2.9787549450050306,-1.0561653392906234,2.438311552601714,-1.4033677707016763,-2.649302790628037,0.0,-0.18975324381965306,-4.902233911939909E-4,-0.12550719023358306,-0.0754174183955932,-0.40700131081228935,3.0775610525356707
45,2147.3384385353665,0.0,0.0,0.0,0.0,0.0,0.0,0.0,1.5788930587139998,1.1830868269726493,-1.0891334777475932,0.0,-1.1241864426639736,-2.259564555983605,0.0,-0.9400760069535571,3.1040155909446514,-0.4700230034199084,2.5950846818926996,-1.4485685083943811,-3.0011674886964443,0.0,-0.8118993057688034,4.660659774014507,-2.606959426612379,2.377585231923674,0.0,0.0,-2.9959629751333803,3.2545738088311755,2.976671216921301,-1.0547794315137031,2.4413735645420944,-1.400546595190891,-2.6478026070009255,0.0,-0.1896192871563272,-5.12751583560117E-4,-0.12510820865005676,-0.0754147619490756,-0.40427253416499465,3.0803669475697637
46,2147.3379446451777,0.0,0.0,0.0,0.0,0.0,0.0,0.0,1.5719268067795857,1.184652097368229,-1.086949558715387,0.0,-1.1204566221925223,-2.256928100605494,0.0,-0.9470523179695619,3.106266549928815,-0.46756702875265055,2.596184310628729,-1.445307692741409,-2.9992479776362226,0.0,-0.8207732346781512,4.662881390660137,-2.604108238767119,2.3791442841951924,0.0,0.0,-2.9952638712853976,3.247939727627677,2.978347625171639,-1.0522181583532917,2.442502710076849,-1.3970139150717336,-2.6458764306413216,0.0,-0.18957559386918535,-5.104531833410568E-4,-0.12486485117238871,-0.07540330636402459,-0.4027115051270327,3.086690765697167
47,2147.3377779011807,0.0,0.0,0.0,0.0,0.0,0.0,0.0,1.5670946037797087,1.1873698615682453,-1.085580246839756,0.0,-1.1184642097266044,-2.2557294450763883,0.0,-0.9526285542289076,3.1094617437128798,-0.46609866472574074,2.596127366503493,-1.4437143906275431,-2.9983948112608676,0.0,-0.8267589764063658,4.66566880770205,-2.6021931848523896,2.3791891641591727,0.0,0.0,-2.9953156213728342,3.2429695079589362,2.980883504658434,-1.0506774856075536,2.442203711780941,-1.395085244893344,-2.644944664752455,0.0,-0.189563123475387,-4.96474784002072E-4,-0.12473993030037527,-0.07539155607409337,-0.4020395235568948,3.0890988608041057
48,2147.3377344497144,0.0,0.0,0.0,0.0,0.0,0.0,0.0,1.5655278219495938,1.189105155553805,-1.0853111071662187,0.0,-1.1180277135973298,-2.255645634696866,0.0,-0.9546946860138965,3.111303575308428,-0.46582432098904236,2.5956626631376136,-1.4433863608108162,-2.998306294834415,0.0,-0.828860894320031,4.667466678857427,-2.601754957383692,2.378655821005178,0.0,0.0,-2.9957822657565334,3.241153193921748,2.98244484292399,-1.050380121178015,2.4414990010081525,-1.3946369130606582,-2.6448204247154994,0.0,-0.18956203035005695,-4.8642022101194865E-4,-0.1246990486122303,-0.07538547397661581,-0.40188564322238557,3.0881637697944195
49,2147.337727824799,0.0,0.0,0.0,0.0,0.0,0.0,0.0,1.5656006119776205,1.1895442889535035,-1.0854734333859255,0.0,-1.1181330080242626,-2.255821841077627,0.0,-0.9547083504575795,3.1116695466554902,-0.46600170784004163,2.5953677112127576,-1.4434446746391754,-2.9983775291126618,0.0,-0.8289382246934746,4.668016787341396,-2.6019676714167455,2.3783015391739046,0.0,0.0,-2.996053445937839,3.2411059368359525,2.9828248837541826,-1.0505620173273122,2.441108301974609,-1.39472099079842,-2.644909795276547,0.0,-0.18956626476463184,-4.8467216391022953E-4,-0.1246968749860378,-0.07538488234089374,-0.40189120550389074,3.086918176353708
50,2147.337727180091,0.0,0.0,0.0,0.0,0.0,0.0,0.0,1.5657745241241778,1.1895269294975737,-1.0855721201565156,0.0,-1.1181931564301846,-2.255884999766635,0.0,-0.9545006073756861,3.1115971696983395,-0.4661072985970403,2.59528187596331,-1.4434664734986182,-2.998387580007961,0.0,-0.8287941250245908,4.668064229227657,-2.6021160084373296,2.3782015926698086,0.0,0.0,-2.99610487332279,3.241260132055756,2.98280341044665,-1.0506724204029734,2.4410095012350435,-1.3947727677099349,-2.644942754182695,0.0,-0.1895707725574742,-4.857915539175271E-4,-0.1246993201390676,-0.07538575784032134,-0.4018894058251377,3.0864937806687136
51,2147.3377271149725,0.0,0.0,0.0,0.0,0.0,0.0,0.0,1.5658199252327807,1.1894855297456828,-1.0855936893564364,0.0,-1.118196092168974,-2.2558878784054253,0.0,-0.9544369029243972,3.1115386409684764,-0.46613085337245874,2.595265435137393,-1.4434586961535485,-2.9983767924598372,0.0,-0.828757916761483,4.668042727609463,-2.602152036645729,2.378186171542377,0.0,0.0,-2.9961040241195382,3.2413083757781522,2.982764600781628,-1.0506966856030182,2.4409954068657838,-1.3947735613296899,-2.644943200233732,0.0,-0.18957355737097267,-4.8659617530512296E-4,-0.12469993666604808,-0.0753863564928245,-0.4018792980515796,3.0864391984297477
52,2147.3377271056675,0.0,0.0,0.0,0.0,0.0,0.0,0.0,1.5658275027595485,1.1894658208636746,-1.0855952022273325,0.0,-1.118191585506535,-2.255882941700239,0.0,-0.9544268456795985,3.1115163717057315,-0.46613314027449504,2.5952624155050126,-1.4434533316494949,-2.9983702839408206,0.0,-0.8287542936207931,4.6680260386897485,-2.602154552195909,2.378185449450628,0.0,0.0,-2.9961036121308866,3.2413189016339543,2.982746126136208,-1.0506982346699816,2.4409942239412956,-1.3947684590989422,-2.6449406383107883,0.0,-0.18957488210374682,-4.8690025260691864E-4,-0.12469988847479448,-0.07538663139491247,-0.40187261535945906,3.086449921828047
53,2147.3377271044287,0.0,0.0,0.0,0.0,0.0,0.0,0.0,1.5658310010743524,1.1894582397187583,-1.0855948472814536,0.0,-1.1181903359674599,-2.2558805517782408,0.0,-0.9544253366722979,3.111509879270878,-0.4661331213469102,2.5952619370747603,-1.4434530477501153,-2.998368761072826,0.0,-0.8287518006285375,4.668017472765356,-2.6021527644616085,2.378186062754689,0.0,0.0,-2.9961059018182796,3.241323311870488,2.982738851652764,-1.050697542734447,2.4409941869772362,-1.3947670741660572,-2.64493970873518,0.0,-0.18957523170447219,-4.8694221127261185E-4,-0.12469979765965489,-0.07538670790706227,-0.40187058153330774,3.086457487536583
54,2147.337727104289,0.0,0.0,0.0,0.0,0.0,0.0,0.0,1.5658342818158657,1.1894551090131475,-1.085595328945073,0.0,-1.1181906263574517,-2.2558799319455587,0.0,-0.9544232891560505,3.1115075512056904,-0.46613371168449974,2.5952617955148853,-1.4434538136134385,-2.9983686273352164,0.0,-0.8287485235713051,4.66801378435218,-2.6021526388598417,2.3781861807620657,0.0,0.0,-2.996107445035393,3.2413266413727793,2.982735794668589,-1.0506978665942464,2.4409940161496384,-1.3947673643456133,-2.6449394212275874,0.0,-0.1895752309116573,-4.8692499080120406E-4,-0.1246997715566397,-0.07538671337762756,-0.401870493152683,3.0864581685758092
55,2147.337727104274,0.0,0.0,0.0,0.0,0.0,0.0,0.0,1.5658360474632562,1.1894537207831428,-1.085595812636733,0.0,-1.1181908070340152,-2.2558797254558822,0.0,-0.9544218045823961,3.111506390413205,-0.46613420740885525,2.595261712117746,-1.4434540820447959,-2.9983684940225466,0.0,-0.8287466819213055,4.668012386363263,-2.6021530963008277,2.3781861093989005,0.0,0.0,-2.9961078141261592,3.241328344532419,2.9827344366470614,-1.0506983111842416,2.4409938761289087,-1.3947675681564338,-2.644939195235717,0.0,-0.18957519515089485,-4.8691482114555966E-4,-0.12469977030131932,-0.07538670802374738,-0.4018706375511202,3.086457659479274
56,2147.3377271042723,0.0,0.0,0.0,0.0,0.0,0.0,0.0,1.5658366305221825,1.1894531711673442,-1.0855960222354726,0.0,-1.1181907866942735,-2.2558796110372015,0.0,-0.9544212154335681,3.111505866005206,-0.4661344056450378,2.595261671327406,-1.4434540585509341,-2.9983683477942105,0.0,-0.828746081193088,4.668011920806842,-2.602153377531358,2.3781860482155617,0.0,0.0,-2.9961077567587187,3.2413288978859427,2.9827338963428023,-1.0506985133809421,2.440993808426996,-1.3947675637434005,-2.644939038943393,0.0,-0.18957518205439267,-4.869130048397975E-4,-0.12469977126450173,-0.07538670484249375,-0.4018706824951744,3.0864575594155266
57,2147.337727104272,0.0,0.0,0.0,0.0,0.0,0.0,0.0,1.5658367108958973,1.1894530287936067,-1.0855960651843075,0.0,-1.1181907394488506,-2.2558795658881534,0.0,-0.9544211077916609,3.1115057153009866,-0.46613443930733567,2.595261659526347,-1.4434540058628484,-2.9983682770810876,0.0,-0.8287460062518248,4.6680118178529515,-2.6021534565682316,2.3781860233197603,0.0,0.0,-2.9961076747569155,3.241328970451716,2.9827337532048452,-1.050698554291149,2.4409937860160906,-1.394767522523605,-2.644938977829947,0.0,-0.1895751818200929,-4.869136330217718E-4,-0.12469977132300318,-0.07538670387940229,-0.40187067568134344,3.086457661785479
58,2147.3377271042723,0.0,0.0,0.0,0.0,0.0,0.0,0.0,1.5658367108958973,1.1894530287936067,-1.0855960651843075,0.0,-1.1181907394488506,-2.2558795658881534,0.0,-0.9544211077916609,3.1115057153009866,-0.46613443930733567,2.595261659526347,-1.4434540058628484,-2.9983682770810876,0.0,-0.8287460062518248,4.6680118178529515,-2.6021534565682316,2.3781860233197603,0.0,0.0,-2.9961076747569155,3.241328970451716,2.9827337532048452,-1.050698554291149,2.4409937860160906,-1.394767522523605,-2.644938977829947,0.0,-0.1895751818200929,-4.869136330217718E-4,-0.12469977132300318,-0.07538670387940229,-0.40187067568134344,3.086457661785479
std.err,,,,,,,,,0.6732761684524385,0.5842101035010242,0.41808128822961527,,0.5156861848933593,0.5334402552745456,,0.6956928548294208,0.5743212878411292,0.3935186986241421,0.24007488870185226,0.5160962237811009,0.5374746684926645,,0.7165632205312402,0.6307590231235397,0.5134432204415521,0.30584235986571046,,,0.6060615538399472,0.6826777751664966,0.5919063967295068,0.42084495601445876,0.21970488912233624,0.5194334210393391,0.5483160991175937,,0.028565767622689513,0.006606493361780708,0.019961674671161743,0.004865022558514955,0.2312438565261281,2.130425290051186
t.test,,,,,,,,,2.3256975135404794,2.0360021534470456,-2.59661481091707,,-2.168355042670157,-4.2289263766326,,-1.3719001153543233,5.417709183298987,-1.184529327163054,10.810217068347322,-2.7968699233790186,-5.578622496740067,,-1.1565567175460323,7.400626303745607,-5.068045215068621,7.775855589016435,,,-4.943569932416713,4.747963224174386,5.039198376103906,-2.4966404830929005,11.11032984184933,-2.6851709305358167,-4.823748531342511,,-6.636446264077117,-0.0737022814309662,-6.24695940482161,-15.495653508832657,-1.73786530686032,1.448751888272657
p.val,,,,,,,,,0.02003469323683804,0.04175013903144076,0.009414743599576836,,0.03013168348960571,2.3480916463869406E-5,,0.17009453449571388,6.036750166416027E-8,0.2362035941963987,0.0,0.005160030296965656,2.424307221637889E-8,,0.2474535143893397,1.354472090042691E-13,4.019219439488353E-7,7.549516567451064E-15,,,7.67048169203477E-7,2.0547538561732637E-6,4.674857396747001E-7,0.012537599636367469,0.0,0.007249272133594387,1.4088502329201447E-6,,3.2133629090935756E-11,0.9412472834091905,4.1851988541452556E-10,0.0,0.08223455001192259,0.14740688411284508
