Iteration,LL,asc_carD,b_carD_p.age_group_agg_5_14,b_carD_p.age_group_agg_15_24,b_carD_p.age_group_agg_40_69,b_carD_p.age_group_agg_70,b_carD_p.female,b_carD_p.occupation_worker,b_carD_hh.cars_gr_0,b_carD_hh.cars_gr_23,asc_carP,b_carP_p.age_group_agg_5_14,b_carP_p.age_group_agg_15_24,b_carP_p.age_group_agg_40_69,b_carP_p.age_group_agg_70,b_carP_p.female,b_carP_p.occupation_worker,b_carP_hh.cars_gr_0,b_carP_hh.cars_gr_23,asc_pt,b_pt_p.age_group_agg_5_14,b_pt_p.age_group_agg_15_24,b_pt_p.age_group_agg_40_69,b_pt_p.age_group_agg_70,b_pt_p.female,b_pt_p.occupation_worker,b_pt_hh.cars_gr_0,b_pt_hh.cars_gr_23,asc_bike,b_bike_p.age_group_agg_5_14,b_bike_p.age_group_agg_15_24,b_bike_p.age_group_agg_40_69,b_bike_p.age_group_agg_70,b_bike_p.female,b_bike_p.occupation_worker,b_bike_hh.cars_gr_0,b_bike_hh.cars_gr_23,asc_walk,b_walk_p.age_group_agg_5_14,b_walk_p.age_group_agg_15_24,b_walk_p.age_group_agg_40_69,b_walk_p.age_group_agg_70,b_walk_p.female,b_walk_p.occupation_worker,b_walk_hh.cars_gr_0,b_walk_hh.cars_gr_23,b_car_time,b_pt_time,b_bike_cost,b_walk_cost,g_walk_speed
0,3618.2737582613204,0.0,0.0,0.0,0.0,0.0,0.0,0.0,0.0,0.0,0.0,0.0,0.0,0.0,0.0,0.0,0.0,0.0,0.0,0.0,0.0,0.0,0.0,0.0,0.0,0.0,0.0,0.0,0.0,0.0,0.0,0.0,0.0,0.0,0.0,0.0,0.0,0.0,0.0,0.0,0.0,0.0,0.0,0.0,0.0,0.0,0.0,0.0,-0.1,-0.1,0.0
1,3044.3950297225183,0.0,0.0,0.0,0.0,0.0,0.0,0.0,0.0,0.0,-0.0017969449580754035,0.0,-3.0263232345093693E-4,0.0,0.0,-9.592576584331769E-4,-0.0011432054570403288,0.0,0.0,-0.005098288371954683,-0.0010085074700050135,-4.397038990783994E-4,0.0,0.0,-0.002466311130513658,-0.0016620950587017515,-7.703286209008851E-4,-0.0019308956928014566,-0.0027873689595533796,0.0,0.0,0.0,0.0,0.0,0.0,0.0,0.0,0.0060067096644309155,9.819153073294935E-4,0.0012944486641001318,0.0016187860432870982,8.53822738791136E-4,0.0,0.0,0.0026618648681445887,0.0,0.022022624877513247,-0.13487148334837662,-0.11302249395128652,-0.044763345970320674,-0.0026004274516629486
2,2987.695236617425,0.0,0.0,0.0,0.0,0.0,0.0,0.0,0.0,0.0,-0.0035444509087307983,0.0,-5.082842200739296E-4,0.0,0.0,-0.0018152611490536439,-0.0019394034364677458,0.0,0.0,-0.005355952905907914,-0.0010894641929327013,-4.5836968470672375E-4,0.0,0.0,-0.002559722992344866,-0.0017557121222324496,-7.232328749488088E-4,-0.002073086931407514,-0.004214989520974826,0.0,0.0,0.0,0.0,0.0,0.0,0.0,0.0,0.00823670831494348,0.0013244023446369348,0.0018287919306567394,0.0021972001016132892,0.001150532779761297,0.0,0.0,0.0037329214757038597,0.0,0.020989104921045113,-0.13261685057447437,-0.11955712999204304,-0.02965162862335155,-0.0029574447020332285
3,2762.089890402105,0.0,0.0,0.0,0.0,0.0,0.0,0.0,0.0,0.0,-0.23336623912655188,0.0,-0.02884749371873823,0.0,0.0,-0.11598602479249154,-0.11352343501649846,0.0,0.0,-0.05566594856103222,-0.015380694193047587,-0.0042512163332451575,0.0,0.0,-0.022341072143811994,-0.019682858701374473,0.004630429013831842,-0.027835987014009623,-0.19994647946294505,0.0,0.0,0.0,0.0,0.0,0.0,0.0,0.0,0.2803595710031953,0.04004511462758595,0.07773537313221857,0.06759429587255286,0.03423968777699347,0.0,0.0,0.15456890890118374,0.0,0.16910125228354808,-0.12185103697337242,-0.9466178001691566,-0.0907072589625923,0.001282531805635409
4,2120.9412244244986,0.0,0.0,0.0,0.0,0.0,0.0,0.0,0.0,0.0,-1.5055995492743972,0.0,-0.1806638269518851,0.0,0.0,-0.670732852594644,-0.6480861612865034,0.0,0.0,-0.3576388844791237,-0.10081353836952343,-0.030761809300277727,0.0,0.0,-0.14375973961739485,-0.12019494924927758,0.010921183925745918,-0.16771166735287155,-0.5247162805111952,0.0,0.0,0.0,0.0,0.0,0.0,0.0,0.0,1.5470979103551246,0.21379029044456213,0.4343329612981183,0.37176019007697547,0.17805665894056102,0.0,0.0,0.8300786998579832,0.0,-1.0168558681218378,-0.3622556497048117,-1.4773671123395764,-0.3299854236271823,-0.1986594524290533
5,2027.0879879779704,0.0,0.0,0.0,0.0,0.0,0.0,0.0,0.0,0.0,-1.4211993775106908,0.0,-0.175172379984063,0.0,0.0,-0.0894839364208847,-0.8700181582739529,0.0,0.0,-0.8748475858507623,-0.33024106372339185,0.004296235413637217,0.0,0.0,-0.29094226781023685,-0.35894959482406513,0.29885233887550383,-0.5722612620767905,-0.8348460523729371,0.0,0.0,0.0,0.0,0.0,0.0,0.0,0.0,2.296174802995034,0.1768392937788913,0.9197299227033724,0.3589457791445836,0.07256016057413654,0.0,0.0,1.418856672295461,0.0,-0.8243977221583837,-0.2956358672749848,-1.2196390542936062,-0.29297433277326496,0.7392714921117232
6,1923.0139174340813,0.0,0.0,0.0,0.0,0.0,0.0,0.0,0.0,0.0,-1.1297252763887036,0.0,-0.124162713874919,0.0,0.0,0.5922235837350991,-0.9717096769432076,0.0,0.0,-1.332862282724632,-0.5649685224552327,0.059606685022334814,0.0,0.0,-0.38615960407910854,-0.5778565289823006,0.6204658496414409,-0.9483795132136353,-1.1684263641159884,0.0,0.0,0.0,0.0,0.0,0.0,0.0,0.0,2.95860264888139,0.15072031931061752,1.354670223464555,0.3383303638415421,-0.05808206416833979,0.0,0.0,1.932272963929151,0.0,-0.6228369630260401,-0.21798135534138063,-1.0186387345321897,-0.28045764268991696,0.5783769050729758
7,1853.8941582487487,0.0,0.0,0.0,0.0,0.0,0.0,0.0,0.0,0.0,-1.1023001755659243,0.0,0.06387028104222395,0.0,0.0,0.956613008746354,-1.1653704079860234,0.0,0.0,-1.8666397718918846,-0.943212548732679,0.2368300055294738,0.0,0.0,-0.357150425640913,-0.922944203899918,1.39322665500689,-1.5459594486274844,-1.6331922536023344,0.0,0.0,0.0,0.0,0.0,0.0,0.0,0.0,2.6074476509613467,-0.10375473756666986,1.783784575441627,-0.226090126996559,-0.5528352578791016,0.0,0.0,2.3590439733260804,0.0,-0.902490602518218,-0.24789377623963038,-1.0966205050685287,-0.3022396762311736,0.49327144606562423
8,1767.3429217843054,0.0,0.0,0.0,0.0,0.0,0.0,0.0,0.0,0.0,-1.5191878687928453,0.0,0.3160957033112841,0.0,0.0,1.0732365501927115,-1.5272481100293984,0.0,0.0,-2.5471173270455303,-1.4664024927703525,0.5091571402873033,0.0,0.0,-0.2588580316791782,-1.400344291816626,2.5342131656631137,-2.3668363582837144,-2.250204195123752,0.0,0.0,0.0,0.0,0.0,0.0,0.0,0.0,2.1561416162543487,-0.4927952100080684,2.3596091462422906,-0.9442175959020553,-1.2255299505472985,0.0,0.0,2.9412663315993997,0.0,-0.6758063334421012,-0.17945302080841705,-0.8927635614982008,-0.26108280761911384,0.2469064915459822
9,1715.4073618577386,0.0,0.0,0.0,0.0,0.0,0.0,0.0,0.0,0.0,-1.4662624671727438,0.0,0.7528975569851368,0.0,0.0,0.7522256737867576,-1.1925279339374715,0.0,0.0,-2.8947387812061556,-1.8677854824731477,0.9267898772904375,0.0,0.0,0.03833129431655252,-1.7451975522519345,3.6499374934954245,-2.9438052301175226,-2.84045617569011,0.0,0.0,0.0,0.0,0.0,0.0,0.0,0.0,2.154317746587529,-1.268019763280941,2.420100538093296,-0.5350265029312385,-1.4781074825646623,0.0,0.0,2.963976581328327,0.0,-0.7034749585015194,-0.17301881400354277,-0.7966213494949015,-0.2606349098213007,0.23089262750081793
10,1694.167332005178,0.0,0.0,0.0,0.0,0.0,0.0,0.0,0.0,0.0,-1.8466478721405197,0.0,1.2963931655092669,0.0,0.0,1.0622259022628222,-0.7801540073977801,0.0,0.0,-2.9736553198565843,-2.0072786618902927,1.6586472688110978,0.0,0.0,0.261338276447247,-1.6702449574438738,4.15729017514425,-2.9089220041109174,-3.5444059309645617,0.0,0.0,0.0,0.0,0.0,0.0,0.0,0.0,2.197281908343686,-1.4942111652655972,2.0159740802288106,-0.7825004215645307,-1.0151670068600904,0.0,0.0,3.0017875149342412,0.0,-0.7154179205782267,-0.1837584105956841,-0.6820040547283802,-0.2594265416033277,0.2630620007689627
11,1679.1839611295793,0.0,0.0,0.0,0.0,0.0,0.0,0.0,0.0,0.0,-1.936391183755766,0.0,1.6556901502126604,0.0,0.0,1.207306516419692,-0.9666382229928836,0.0,0.0,-3.2677047180009517,-2.0699901041086672,2.5526221695365274,0.0,0.0,0.26437845391409076,-1.3956895429450993,4.042783059630472,-2.5696683504781057,-4.380027957496994,0.0,0.0,0.0,0.0,0.0,0.0,0.0,0.0,2.0060439617220562,-1.9740960794123326,1.6668273227586825,-0.6351374962909524,-0.9750933181372308,0.0,0.0,3.199896208272074,0.0,-0.7081938686366716,-0.18246763363348162,-0.5301585247241396,-0.24989363626842,0.2446928778550634
12,1673.998081999469,0.0,0.0,0.0,0.0,0.0,0.0,0.0,0.0,0.0,-2.030047931041161,0.0,1.4760227369284349,0.0,0.0,1.1684540667329588,-0.5869990737651641,0.0,0.0,-3.599688789022736,-2.0729597144341922,3.8586320349413827,0.0,0.0,0.4666763307895119,-0.9609244292941264,3.836801826887499,-1.9395337363758933,-5.75788778178801,0.0,0.0,0.0,0.0,0.0,0.0,0.0,0.0,2.091829638173196,-1.9815541452730392,1.9046784890772588,-0.7129287210075781,-1.6293134907901496,0.0,0.0,2.66989270736899,0.0,-0.7111132681789165,-0.19085468852063922,-0.28890209374224385,-0.24068349385126028,0.27286416724299833
13,1667.8967625817468,0.0,0.0,0.0,0.0,0.0,0.0,0.0,0.0,0.0,-1.9396731818051527,0.0,1.5785648661898724,0.0,0.0,0.9429375220439702,-0.43522936918663224,0.0,0.0,-4.144216726247117,-2.01193097719197,4.200171960550894,0.0,0.0,0.41305890471872175,-0.8531339046384908,3.6200164290788615,-1.7117057049140723,-5.685579313544232,0.0,0.0,0.0,0.0,0.0,0.0,0.0,0.0,2.2096751201794094,-2.229140840670131,2.253539887690602,-0.9967512746098925,-1.4783244536081177,0.0,0.0,2.27386887769371,0.0,-0.6836978032241744,-0.169315231096716,-0.29646322047130136,-0.23677538845759483,0.21739840068900973
14,1664.408107218125,0.0,0.0,0.0,0.0,0.0,0.0,0.0,0.0,0.0,-2.0224885452793355,0.0,2.066959672668318,0.0,0.0,1.1581986685175436,-0.8375497314812654,0.0,0.0,-4.595938467046488,-1.7449005982082992,4.390347927409862,0.0,0.0,0.5732933835022923,-0.7072125073655793,3.7123764435347395,-1.462552267170847,-5.140912536967332,0.0,0.0,0.0,0.0,0.0,0.0,0.0,0.0,2.3218105351430216,-2.132042461727382,2.5884071536165942,-0.854317928243506,-1.5508224082407867,0.0,0.0,1.4014267292305402,0.0,-0.6544968710914384,-0.15850584133525575,-0.3951947784808788,-0.23794512064466958,0.14837080110883827
15,1650.8942023980867,0.0,0.0,0.0,0.0,0.0,0.0,0.0,0.0,0.0,-1.9998538172181084,0.0,2.515513384004676,0.0,0.0,1.1622921457549626,-0.5674167335961069,0.0,0.0,-4.7070669768677815,-1.163210245382325,3.7910171633080836,0.0,0.0,0.988476058365316,-0.6844431748537224,3.681530937671838,-1.2486858633246034,-4.696155870250572,0.0,0.0,0.0,0.0,0.0,0.0,0.0,0.0,1.9821654505539699,-1.7391910043595553,2.957450454442507,-0.4412445260332931,-1.5386588605887532,0.0,0.0,1.7842940406979564,0.0,-0.5971029318657306,-0.1492714810986642,-0.4321007647092321,-0.22835442727976854,0.0917291073677642
16,1642.290783015771,0.0,0.0,0.0,0.0,0.0,0.0,0.0,0.0,0.0,-1.4251885007646479,0.0,2.0889505873246814,0.0,0.0,0.8584354266981735,-0.991241995356865,0.0,0.0,-4.348889933665872,-0.6240692084351178,3.3310839735380138,0.0,0.0,1.4545788468047072,-0.7641124311799551,4.071579304230887,-1.3321238713096564,-4.530154670600037,0.0,0.0,0.0,0.0,0.0,0.0,0.0,0.0,1.743034771365291,-1.3250377217915985,3.024317545176508,-0.3224934969794966,-0.8501970217941504,0.0,0.0,2.1485613269502686,0.0,-0.5615293727793674,-0.15488209244370868,-0.39526070621878556,-0.2191430246175482,0.03169228471594895
17,1635.33343947201,0.0,0.0,0.0,0.0,0.0,0.0,0.0,0.0,0.0,-1.3223308082525116,0.0,1.5574403160872707,0.0,0.0,0.7790619947951387,-0.9317795351180426,0.0,0.0,-4.4674892038595155,-0.4420171832416374,3.151348208965238,0.0,0.0,0.9427409024271882,-1.0456999150492994,4.196165019591911,-1.7401605126942183,-4.405011652677688,0.0,0.0,0.0,0.0,0.0,0.0,0.0,0.0,1.516813521148531,-0.9135641192820005,2.4523503746665245,-0.10904533408026118,-0.5968467786607368,0.0,0.0,2.241933468211575,0.0,-0.5090993766230928,-0.12318114917004871,-0.3901669340946611,-0.21068056502666227,-0.03159976451019029
18,1629.638840038892,0.0,0.0,0.0,0.0,0.0,0.0,0.0,0.0,0.0,-1.5193231162669,0.0,1.26733907422939,0.0,0.0,1.0014304930033837,-0.8092046945388988,0.0,0.0,-4.075636312287633,-0.7227190945528346,2.7051481938118,0.0,0.0,0.6930536383607586,-0.9714774090556828,3.9110270221033656,-1.9808121614197016,-4.42205901187765,0.0,0.0,0.0,0.0,0.0,0.0,0.0,0.0,1.7034047403113177,-1.5440774037259828,1.9886193085732438,-0.3596439520193031,-0.8284713426904882,0.0,0.0,2.1407194460472287,0.0,-0.49001796071589665,-0.12160467409849303,-0.3855241708703327,-0.2061487789891321,-0.05722826316142113
19,1626.4090600549669,0.0,0.0,0.0,0.0,0.0,0.0,0.0,0.0,0.0,-1.4601590736836236,0.0,1.4384660976785326,0.0,0.0,0.8813413996671716,-0.7922543803311589,0.0,0.0,-3.918496088480737,-1.3356207608784176,2.428187607925015,0.0,0.0,0.6848172410791158,-0.8601759824634287,3.5121076253361556,-2.1707032176697316,-4.4714496728907225,0.0,0.0,0.0,0.0,0.0,0.0,0.0,0.0,1.9318636876668984,-1.6255032131143456,1.4973896583727568,-0.6567795123427973,-1.0783940689451037,0.0,0.0,2.0650177802169827,0.0,-0.4680773545813601,-0.1123010113806241,-0.35739350136111114,-0.20155437938176712,-0.04464993559522028
20,1622.2151408280354,0.0,0.0,0.0,0.0,0.0,0.0,0.0,0.0,0.0,-1.6553050050645481,0.0,1.444607830678737,0.0,0.0,1.0119729964221322,-0.6524776118108697,0.0,0.0,-3.7769902768149293,-2.2146954916819235,2.669859557796831,0.0,0.0,0.6412760181278866,-0.7022043341168387,3.1309071246140214,-2.0277002935920736,-4.383092487520989,0.0,0.0,0.0,0.0,0.0,0.0,0.0,0.0,1.676529375187693,-1.6429997074716953,1.857081597939335,-0.4679348519516354,-0.8793018782435553,0.0,0.0,1.9222904384728368,0.0,-0.4535578191895575,-0.10921174574517065,-0.3649204440781849,-0.19520216930900083,-0.02372367823830784
21,1619.5875724790487,0.0,0.0,0.0,0.0,0.0,0.0,0.0,0.0,0.0,-1.6317356657102025,0.0,1.7812011853763918,0.0,0.0,0.920189887379174,-0.6301883223870749,0.0,0.0,-3.537526646734351,-2.2118233217267544,2.86385758271783,0.0,0.0,0.22636482316640294,-0.8234932518367529,3.1130101235901897,-1.6367000976525294,-4.416637286517022,0.0,0.0,0.0,0.0,0.0,0.0,0.0,0.0,1.6635022186007822,-1.6436338407523061,2.1479840027901105,-0.517881549560924,-0.9096862580538827,0.0,0.0,1.8327920384208336,0.0,-0.4476667661760862,-0.11012462955760922,-0.33724922585513417,-0.19059919979315365,0.001990869853945528
22,1617.2521519558804,0.0,0.0,0.0,0.0,0.0,0.0,0.0,0.0,0.0,-1.6261213575934466,0.0,1.7643125062568374,0.0,0.0,0.9092217844976186,-0.5851898777850801,0.0,0.0,-3.6016434377272275,-1.9359236434719107,3.181412348928442,0.0,0.0,0.39517827827416535,-1.0139477441119784,3.0789202024002584,-1.2988293648606362,-4.155798377098053,0.0,0.0,0.0,0.0,0.0,0.0,0.0,0.0,1.730560622281824,-1.685840913523549,2.0983496466065894,-0.5992431696864693,-1.0820977056034766,0.0,0.0,1.896804130182464,0.0,-0.43727650460409073,-0.10953415654144211,-0.35886904851904705,-0.18738989974498857,0.02760493548279216
23,1612.9894115173597,0.0,0.0,0.0,0.0,0.0,0.0,0.0,0.0,0.0,-1.6551788936797955,0.0,1.7594592932150281,0.0,0.0,0.9146554156592763,-0.6291235242073135,0.0,0.0,-4.096427397287987,-1.199264203447382,3.0283698706305207,0.0,0.0,0.6919577478160549,-0.8027562876830683,3.029724852898908,-0.9781561401420125,-4.1726355096878605,0.0,0.0,0.0,0.0,0.0,0.0,0.0,0.0,1.6969420928756498,-1.6882432617093557,2.0481564117002384,-0.617534792695533,-1.0809269468385292,0.0,0.0,1.6599728207225868,0.0,-0.41438014791358846,-0.097432863397041,-0.31090649577372015,-0.17704414246367411,0.06867983440093499
24,1610.7854261604289,0.0,0.0,0.0,0.0,0.0,0.0,0.0,0.0,0.0,-1.6105371535064923,0.0,1.6947110316086968,0.0,0.0,0.8643690415067237,-0.6050618511983977,0.0,0.0,-4.096712999349317,-1.0253806813361752,3.008404058182973,0.0,0.0,0.6344948140258618,-0.35458254706742187,3.1494609874835415,-0.8840839363208113,-3.9294366916429375,0.0,0.0,0.0,0.0,0.0,0.0,0.0,0.0,1.7293377163016768,-1.6474058452359668,1.9911892981543424,-0.6311328496107672,-1.1439003262355154,0.0,0.0,1.7339982323484915,0.0,-0.3994800499221889,-0.0961345082904079,-0.31771034770226736,-0.1725638115355433,0.10435679355164398
25,1609.313182839802,0.0,0.0,0.0,0.0,0.0,0.0,0.0,0.0,0.0,-1.5395516891534773,0.0,1.4698561043205447,0.0,0.0,0.8878309858682362,-0.7791613647332254,0.0,0.0,-3.0585391920531633,-1.200623244451525,2.403365928349305,0.0,0.0,0.45647299977475586,-0.7607121126796084,2.5865671205406677,-0.6837747428666676,-3.097327813138156,0.0,0.0,0.0,0.0,0.0,0.0,0.0,0.0,1.7084041323767387,-1.4618630917925641,1.7500477876447469,-0.4662591107075539,-0.9306735943915725,0.0,0.0,1.7869410607058926,0.0,-0.32124198088125544,-0.07984740166810358,-0.28905940704664246,-0.14734714757192288,0.2855471571677425
26,1605.6507155155568,0.0,0.0,0.0,0.0,0.0,0.0,0.0,0.0,0.0,-1.5527671360487543,0.0,1.4693828448605115,0.0,0.0,0.885778012629169,-0.7172055550263745,0.0,0.0,-3.4707054803266204,-1.5230014984717473,2.4449634594832617,0.0,0.0,0.45599965265888665,-0.5674287974861649,2.997375497951721,-0.8748730195645156,-3.5635387002912235,0.0,0.0,0.0,0.0,0.0,0.0,0.0,0.0,1.7119547501359833,-1.5022863201177636,1.8075555070420788,-0.5108743344243133,-0.9782470109290344,0.0,0.0,1.844589265541392,0.0,-0.368734000232971,-0.0881924694268788,-0.3085450700851042,-0.1613466526744586,0.2190075922201445
27,1605.5087089671015,0.0,0.0,0.0,0.0,0.0,0.0,0.0,0.0,0.0,-1.5603095109710272,0.0,1.6416752708526026,0.0,0.0,0.8630522466851569,-0.6814398490860878,0.0,0.0,-3.3607901991362064,-1.1725180854032757,2.726259652443825,0.0,0.0,0.5149323283443823,-0.4884112372949668,2.7564397480078324,-1.2063870922691553,-3.58423492140883,0.0,0.0,0.0,0.0,0.0,0.0,0.0,0.0,1.7334858621073774,-1.5265491644188183,1.9450022813917278,-0.5280595194036813,-0.9895464901319536,0.0,0.0,1.8401517725548733,0.0,-0.36607533809645254,-0.08935339708294335,-0.303875076078614,-0.15911697405769587,0.25248070116672916
28,1604.6784642814782,0.0,0.0,0.0,0.0,0.0,0.0,0.0,0.0,0.0,-1.5593434030958928,0.0,1.5867662732691978,0.0,0.0,0.872872988106853,-0.674941381413296,0.0,0.0,-3.4274647945149272,-1.2454139461520832,2.6054434219137788,0.0,0.0,0.489851226971601,-0.5527202754349033,2.8402422454094065,-0.659042679394834,-3.557741270164258,0.0,0.0,0.0,0.0,0.0,0.0,0.0,0.0,1.754853278814003,-1.5435709223495266,1.8990124459211621,-0.5357205629653582,-0.9963038468392202,0.0,0.0,1.8439436366647068,0.0,-0.3494941370809041,-0.08543725117438998,-0.292595386084729,-0.1519058404052294,0.32795105939839847
29,1603.9638953695676,0.0,0.0,0.0,0.0,0.0,0.0,0.0,0.0,0.0,-1.564986705558483,0.0,1.513256197333706,0.0,0.0,0.889218258848583,-0.7025428522581976,0.0,0.0,-3.3362655184017354,-1.4352134170110913,2.4702742425917332,0.0,0.0,0.43416903178832306,-0.5881156429360628,2.855630227661417,-0.7593417616884173,-3.569223731178383,0.0,0.0,0.0,0.0,0.0,0.0,0.0,0.0,1.722589374822983,-1.5321191128374019,1.83607484682844,-0.5170809408354452,-0.9927650154145734,0.0,0.0,1.8528629896947555,0.0,-0.34432431598682434,-0.08279438081683058,-0.2953958987827024,-0.14807622030941678,0.36289696201773153
30,1602.8782524100511,0.0,0.0,0.0,0.0,0.0,0.0,0.0,0.0,0.0,-1.5793965382349178,0.0,1.5016736293296031,0.0,0.0,0.9068794079939265,-0.7200878302098885,0.0,0.0,-3.286907322966636,-1.4884146064581203,2.433987117791144,0.0,0.0,0.42298179466555375,-0.5722176166281518,2.855029933062915,-0.8384855536151573,-3.6735960065958104,0.0,0.0,0.0,0.0,0.0,0.0,0.0,0.0,1.704190670524582,-1.5362810817773676,1.8280367255916494,-0.49892898225211507,-0.9721456099103399,0.0,0.0,1.8715144098581162,0.0,-0.3383375864899756,-0.08084281616767977,-0.29395655691111194,-0.1396170734399831,0.4854504860131875
31,1601.9690377605245,0.0,0.0,0.0,0.0,0.0,0.0,0.0,0.0,0.0,-1.5923377142132307,0.0,1.4975907288031653,0.0,0.0,0.9199092968767267,-0.7305912816043396,0.0,0.0,-3.244979494683409,-1.5269552329718525,2.414315065380998,0.0,0.0,0.4092283599960077,-0.5593901103291411,2.8548788702810506,-0.8723381499344904,-3.7629264309756856,0.0,0.0,0.0,0.0,0.0,0.0,0.0,0.0,1.6968377391533018,-1.5427930418125002,1.828533756922931,-0.4871171336941581,-0.9615967197751192,0.0,0.0,1.892046056876901,0.0,-0.33361686886915654,-0.07944259926098678,-0.29303735503867057,-0.1309775962223226,0.622040806355526
32,1601.1245664258308,0.0,0.0,0.0,0.0,0.0,0.0,0.0,0.0,0.0,-1.6188727936398755,0.0,1.5640152248762083,0.0,0.0,0.9411330144223828,-0.7324352377854206,0.0,0.0,-3.279256310455255,-1.4656023321663438,2.543962188198264,0.0,0.0,0.4340371708007496,-0.5639807836761511,2.9316504224464928,-0.9490200211597962,-3.9251693034820434,0.0,0.0,0.0,0.0,0.0,0.0,0.0,0.0,1.6874659569884145,-1.568741448124734,1.89782761699309,-0.47894709108481887,-0.9398155870919411,0.0,0.0,1.9402991580191502,0.0,-0.35452424872309335,-0.08595670195220916,-0.31094920736882486,-0.12744311256944707,0.7740568460991273
33,1600.6633125325172,0.0,0.0,0.0,0.0,0.0,0.0,0.0,0.0,0.0,-1.6124438675963768,0.0,1.5753972514412558,0.0,0.0,0.9277316290885795,-0.7137601471646123,0.0,0.0,-3.319592575009658,-1.473552763031421,2.5830402832531494,0.0,0.0,0.43983038849244466,-0.5137068205449102,2.897433967827238,-0.9425924441177641,-3.9597479293127518,0.0,0.0,0.0,0.0,0.0,0.0,0.0,0.0,1.7040772963029271,-1.5742159764579169,1.9293117543746314,-0.4850693287732215,-0.9472274174541032,0.0,0.0,1.910591651079866,0.0,-0.35012466365011485,-0.0844080568675777,-0.3101199659376828,-0.12216749243151749,0.8805193396308084
34,1599.5950175751864,0.0,0.0,0.0,0.0,0.0,0.0,0.0,0.0,0.0,-1.5951974100392743,0.0,1.6024892377869093,0.0,0.0,0.9007434518421097,-0.6834258239002331,0.0,0.0,-3.393639156397145,-1.4235710481753119,2.6486382895079426,0.0,0.0,0.44695224871274675,-0.49433462180934606,2.8761623175203326,-0.8885250237772345,-3.938393197987699,0.0,0.0,0.0,0.0,0.0,0.0,0.0,0.0,1.7486575002977982,-1.5705809827384005,1.972399398313165,-0.5044088784178797,-0.9668831662170173,0.0,0.0,1.8659564991676534,0.0,-0.355495638258152,-0.08566498102839552,-0.3180097629030843,-0.11759067525517955,1.0672840735815505
35,1598.4374222524232,0.0,0.0,0.0,0.0,0.0,0.0,0.0,0.0,0.0,-1.5818698940723834,0.0,1.6265977560428722,0.0,0.0,0.8872708876820574,-0.6758599390092588,0.0,0.0,-3.443942218878924,-1.3699746336419978,2.665914366772148,0.0,0.0,0.4666523080979588,-0.5076607743566098,2.8671646637955743,-0.7995386876005092,-3.784479801150794,0.0,0.0,0.0,0.0,0.0,0.0,0.0,0.0,1.7679547035005707,-1.5627428781451078,1.9781178134817654,-0.5134453278744238,-0.9717428321227922,0.0,0.0,1.8447779649097111,0.0,-0.3504934731496205,-0.08442191673344517,-0.3170996502013138,-0.11380562755160445,1.2095143983737944
36,1597.5386802796047,0.0,0.0,0.0,0.0,0.0,0.0,0.0,0.0,0.0,-1.5705731634790003,0.0,1.6008564622013504,0.0,0.0,0.8836272915540498,-0.6963504602686642,0.0,0.0,-3.41689386044586,-1.3351060607464647,2.615250161743689,0.0,0.0,0.4502488907832785,-0.5613953228081384,2.8749724226657265,-0.7512073349020099,-3.608740295991653,0.0,0.0,0.0,0.0,0.0,0.0,0.0,0.0,1.7598919143277656,-1.5305565830292165,1.9472989487643668,-0.5024309345245493,-0.9641523191990786,0.0,0.0,1.8530635853926634,0.0,-0.34070489305803475,-0.0820172910401741,-0.3060042903096026,-0.10377236768178577,1.4808161958261215
37,1597.3803952682142,0.0,0.0,0.0,0.0,0.0,0.0,0.0,0.0,0.0,-1.558275847097634,0.0,1.5438358174441207,0.0,0.0,0.8797932147011809,-0.7094703884794182,0.0,0.0,-3.3764889763390715,-1.4069391914929814,2.593170922869982,0.0,0.0,0.4413929023433467,-0.5751208859457765,2.8655570816340457,-0.8431531908621344,-3.506473067002951,0.0,0.0,0.0,0.0,0.0,0.0,0.0,0.0,1.755896688064672,-1.498196666931108,1.9251319996550504,-0.48432004526324385,-0.9616848901017738,0.0,0.0,1.8507760606981933,0.0,-0.3478566948348898,-0.0841570172902592,-0.29928774810505804,-0.10494879536858003,1.5964118234037428
38,1596.6916261057218,0.0,0.0,0.0,0.0,0.0,0.0,0.0,0.0,0.0,-1.5715303342793385,0.0,1.5628473708918773,0.0,0.0,0.8932914549894487,-0.7026756482618348,0.0,0.0,-3.4130078821950804,-1.417444665611693,2.6165133483832714,0.0,0.0,0.4604728607930424,-0.5767437129844195,2.9023450463149967,-0.8662802654020146,-3.569746434530284,0.0,0.0,0.0,0.0,0.0,0.0,0.0,0.0,1.7431610463629406,-1.5102509688395414,1.9292823224671984,-0.47379439048372685,-0.9522332453953708,0.0,0.0,1.8665585167751018,0.0,-0.34518863336216393,-0.08315303665013443,-0.3014071929638596,-0.09961174354856639,1.723635951933788
39,1596.4090355469957,0.0,0.0,0.0,0.0,0.0,0.0,0.0,0.0,0.0,-1.5735391373593721,0.0,1.5585454769281055,0.0,0.0,0.8966231470072192,-0.7017266930039834,0.0,0.0,-3.423436649755329,-1.409961452846268,2.6196869887990784,0.0,0.0,0.45398992292804946,-0.577490582519401,2.9176230365494606,-0.8911046942182124,-3.620871827223249,0.0,0.0,0.0,0.0,0.0,0.0,0.0,0.0,1.7350399656633704,-1.5077579869979687,1.9313146905967695,-0.47021059080438377,-0.9512876029097885,0.0,0.0,1.8699230334840218,0.0,-0.3433861613587574,-0.08240204390560722,-0.3009134774540803,-0.09542740339196625,1.8656899405050178
40,1596.0660215320747,0.0,0.0,0.0,0.0,0.0,0.0,0.0,0.0,0.0,-1.5811376987789902,0.0,1.56792652849764,0.0,0.0,0.9054074270148834,-0.6997190393208192,0.0,0.0,-3.434734557266168,-1.4159334369596788,2.6259611904443902,0.0,0.0,0.45847745681061813,-0.5662705414114715,2.923263647239384,-0.9091343915074651,-3.695835825655484,0.0,0.0,0.0,0.0,0.0,0.0,0.0,0.0,1.7337209434286622,-1.5151823106763487,1.9380175385380816,-0.46613459118444733,-0.9473828732473374,0.0,0.0,1.8732783007861507,0.0,-0.33830028088662584,-0.08072091027225234,-0.30036130828531565,-0.09051303945038497,2.072023624295075
41,1595.7344789163258,0.0,0.0,0.0,0.0,0.0,0.0,0.0,0.0,0.0,-1.5823245662200172,0.0,1.5717584830464713,0.0,0.0,0.905164634436558,-0.6995947488303456,0.0,0.0,-3.4185507663995236,-1.4034245979846978,2.611456910264194,0.0,0.0,0.4499652251628606,-0.5505458629717322,2.8980157030876867,-0.8890484488061475,-3.7685465876337267,0.0,0.0,0.0,0.0,0.0,0.0,0.0,0.0,1.738883169119829,-1.521348694308737,1.9420158048138862,-0.47109783582766757,-0.9505056414072217,0.0,0.0,1.8689778761278595,0.0,-0.33076815466700504,-0.07856932932210424,-0.2971183853466046,-0.08919056345019485,2.1632831807758754
42,1595.3428868485869,0.0,0.0,0.0,0.0,0.0,0.0,0.0,0.0,0.0,-1.5784925596880377,0.0,1.568746092574897,0.0,0.0,0.900040223530051,-0.7070688157295537,0.0,0.0,-3.366489548432853,-1.4345648131506077,2.5774025255443513,0.0,0.0,0.4458677753713507,-0.5146366167983745,2.8190249346988017,-0.8305375047988608,-3.7645010927471514,0.0,0.0,0.0,0.0,0.0,0.0,0.0,0.0,1.7520430277997412,-1.5192942033098114,1.9445812649233802,-0.46677971434496235,-0.9461564962416306,0.0,0.0,1.8557776341044876,0.0,-0.31277009103010167,-0.07395991558101402,-0.28302444961721096,-0.08193273176973463,2.4841103741663315
43,1595.21217088629,0.0,0.0,0.0,0.0,0.0,0.0,0.0,0.0,0.0,-1.5795051105991487,0.0,1.5724365340899742,0.0,0.0,0.8999568492687877,-0.704131289122882,0.0,0.0,-3.3679781042145702,-1.4133129600665066,2.5710973821878986,0.0,0.0,0.4464225438458186,-0.530889790897927,2.827843068509844,-0.8041984563761843,-3.7402734096827315,0.0,0.0,0.0,0.0,0.0,0.0,0.0,0.0,1.760702928447313,-1.5194678524221694,1.9364603667653513,-0.4671714033789511,-0.9500074137695683,0.0,0.0,1.8608732509568202,0.0,-0.3129148634850237,-0.0739663779767877,-0.28097859416998633,-0.08160652122278,2.553759272365673
44,1595.1124668392674,0.0,0.0,0.0,0.0,0.0,0.0,0.0,0.0,0.0,-1.5789441842479788,0.0,1.5723340712552831,0.0,0.0,0.8993391542241496,-0.7027310976726795,0.0,0.0,-3.373705222013401,-1.3985131747345325,2.5784900851554493,0.0,0.0,0.4462703515013026,-0.5380545745627503,2.8354591017450463,-0.7914593507013359,-3.7221136591450668,0.0,0.0,0.0,0.0,0.0,0.0,0.0,0.0,1.7637734237416454,-1.5154877072072128,1.9389189247496215,-0.46629656224991745,-0.952996976384392,0.0,0.0,1.8683898714336622,0.0,-0.3119156206663989,-0.07385586025807767,-0.2794794410016003,-0.07876591592279335,2.737970126910657
45,1595.003812029792,0.0,0.0,0.0,0.0,0.0,0.0,0.0,0.0,0.0,-1.579632218586407,0.0,1.5748016057077092,0.0,0.0,0.8998853781831212,-0.7019085094344651,0.0,0.0,-3.3771146721475604,-1.3997186879033936,2.582125066764079,0.0,0.0,0.44915179173834907,-0.5356296640143218,2.8335400754863134,-0.7829955419380799,-3.7197479049260194,0.0,0.0,0.0,0.0,0.0,0.0,0.0,0.0,1.7697124100113015,-1.5140362946502948,1.9424443289438176,-0.4637011774504579,-0.9523524957021409,0.0,0.0,1.8698158245419545,0.0,-0.3096603397371732,-0.07322963891917819,-0.2777801024869524,-0.0753349034768767,2.9596340554953775
46,1594.897622911606,0.0,0.0,0.0,0.0,0.0,0.0,0.0,0.0,0.0,-1.57927351717342,0.0,1.5761208770858752,0.0,0.0,0.9005580660919766,-0.7027901940155815,0.0,0.0,-3.3891910596521835,-1.4237251452240398,2.604596572305236,0.0,0.0,0.4570676614138087,-0.5211937071660542,2.833673194445742,-0.8039327978764791,-3.7184648283646946,0.0,0.0,0.0,0.0,0.0,0.0,0.0,0.0,1.7693626156431719,-1.5109919523288278,1.9573067605078194,-0.4605702003122233,-0.9481415752430347,0.0,0.0,1.8693545731732213,0.0,-0.31115350363041216,-0.07378646738701558,-0.2810134845840674,-0.07275602640504712,3.193152218004606
47,1594.8712087953377,0.0,0.0,0.0,0.0,0.0,0.0,0.0,0.0,0.0,-1.5778511347579653,0.0,1.576536937997338,0.0,0.0,0.8978805759972717,-0.7001793167672691,0.0,0.0,-3.412930067543479,-1.396746883352087,2.601455543382618,0.0,0.0,0.4516346208788076,-0.530559725743486,2.849178584175417,-0.8052100690721175,-3.7163945392589253,0.0,0.0,0.0,0.0,0.0,0.0,0.0,0.0,1.764813250807225,-1.5091646534409366,1.9536654903386979,-0.4612908823480886,-0.9481484931596325,0.0,0.0,1.8645873789006084,0.0,-0.3087523902770136,-0.07260981337321641,-0.2804143861974521,-0.07148083183205609,3.2801236553274347
48,1594.8616628983712,0.0,0.0,0.0,0.0,0.0,0.0,0.0,0.0,0.0,-1.5765777438993054,0.0,1.5743880454671573,0.0,0.0,0.8971327038341727,-0.70233255946869,0.0,0.0,-3.4135323501619395,-1.396670922645756,2.5914683382889665,0.0,0.0,0.44899163642721873,-0.5336913967253556,2.8475506412171083,-0.8043966306037188,-3.7091778472715564,0.0,0.0,0.0,0.0,0.0,0.0,0.0,0.0,1.7604904149386345,-1.5049338418160818,1.9509674051585792,-0.45910341597829946,-0.9446705880438422,0.0,0.0,1.8607992050438746,0.0,-0.3050158105393102,-0.0715080117598118,-0.279715772391746,-0.06882423168065817,3.4719397039984687
49,1594.8580930556402,0.0,0.0,0.0,0.0,0.0,0.0,0.0,0.0,0.0,-1.5770898406497598,0.0,1.5729920219850497,0.0,0.0,0.8985877448298778,-0.7049977668248818,0.0,0.0,-3.40052942186387,-1.4127358878339642,2.589796349421803,0.0,0.0,0.450997029201054,-0.529062492043538,2.83886821271991,-0.806832698368163,-3.7083031087144622,0.0,0.0,0.0,0.0,0.0,0.0,0.0,0.0,1.7610411266312722,-1.5052665508605259,1.9510891716472571,-0.4581668272301862,-0.9434084325786806,0.0,0.0,1.861693537390948,0.0,-0.3058626286164656,-0.071944552153469,-0.2801979844442202,-0.06951605791245721,3.445810577511456
50,1594.8532597005385,0.0,0.0,0.0,0.0,0.0,0.0,0.0,0.0,0.0,-1.5775676557723772,0.0,1.5739797125456287,0.0,0.0,0.8986542027649704,-0.7039403601063718,0.0,0.0,-3.4034816856044383,-1.4082105445956512,2.5931734440364913,0.0,0.0,0.4513182118079521,-0.527580239070738,2.839778439149727,-0.8046719475379177,-3.7117211155685697,0.0,0.0,0.0,0.0,0.0,0.0,0.0,0.0,1.7633184571731686,-1.5063429357724067,1.9520844443289804,-0.45826311966046124,-0.9448326403111416,0.0,0.0,1.863345743474931,0.0,-0.30565750958665194,-0.07183221532851211,-0.27938723323642056,-0.06929519239631829,3.455093710472786
51,1594.8532162384568,0.0,0.0,0.0,0.0,0.0,0.0,0.0,0.0,0.0,-1.5777168717365584,0.0,1.5740608217837648,0.0,0.0,0.8987444598270914,-0.7034907206027123,0.0,0.0,-3.4013233725536525,-1.4082512524940072,2.592959016947368,0.0,0.0,0.4513633869275521,-0.5277561645719913,2.839061341742406,-0.8032003766071361,-3.713639868561129,0.0,0.0,0.0,0.0,0.0,0.0,0.0,0.0,1.7637330671382496,-1.5065490508761397,1.9522633485407666,-0.45842016379760037,-0.9452433656682213,0.0,0.0,1.8641729235644824,0.0,-0.3057318214094488,-0.07190975257885243,-0.2791459949787787,-0.06939871483351087,3.4465016522030045
52,1594.8531605762128,0.0,0.0,0.0,0.0,0.0,0.0,0.0,0.0,0.0,-1.577787086881697,0.0,1.5740368971339596,0.0,0.0,0.8988385613413432,-0.7034158882120798,0.0,0.0,-3.40046517410092,-1.4086297242431156,2.592718961368554,0.0,0.0,0.4513990104689565,-0.5277917931213427,2.8386313718263696,-0.8026415149124013,-3.7144586465713263,0.0,0.0,0.0,0.0,0.0,0.0,0.0,0.0,1.7638789576303229,-1.5064736516707904,1.9523195257895072,-0.45831345525616923,-0.9452545538475812,0.0,0.0,1.864431951923216,0.0,-0.3056379350488123,-0.0719033015638873,-0.27899508690494657,-0.06930756524609374,3.454694965858624
53,1594.8531438235163,0.0,0.0,0.0,0.0,0.0,0.0,0.0,0.0,0.0,-1.5778607741225337,0.0,1.5742385826471437,0.0,0.0,0.8989219949348667,-0.7035023498906408,0.0,0.0,-3.4020095478193646,-1.408449559771389,2.5935159531752343,0.0,0.0,0.4516102557373821,-0.5273910773577746,2.8391298624886168,-0.803038301048881,-3.714294102349012,0.0,0.0,0.0,0.0,0.0,0.0,0.0,0.0,1.7637793087896905,-1.5066617724457039,1.9523419822573675,-0.4582609845698265,-0.945206162333825,0.0,0.0,1.8642397536872606,0.0,-0.3056484870236597,-0.07187176765078351,-0.27902293647005943,-0.06932524087485807,3.4532545343035372
54,1594.853139926986,0.0,0.0,0.0,0.0,0.0,0.0,0.0,0.0,0.0,-1.5778139465789256,0.0,1.5741120590135327,0.0,0.0,0.8988752392021926,-0.7034762041614057,0.0,0.0,-3.4016003567056172,-1.4083661521551751,2.5932735159240266,0.0,0.0,0.4514906519636693,-0.527534630589119,2.8390426481105764,-0.8029843985132566,-3.714443640530421,0.0,0.0,0.0,0.0,0.0,0.0,0.0,0.0,1.7637857709271063,-1.5065873103777072,1.952312496980413,-0.45829028278667633,-0.9452573525336591,0.0,0.0,1.864285080314357,0.0,-0.3056566899000471,-0.07188313920296029,-0.2790077539342189,-0.06933284074231673,3.452591704376126
55,1594.8531377261424,0.0,0.0,0.0,0.0,0.0,0.0,0.0,0.0,0.0,-1.5778198188220052,0.0,1.5741115994939017,0.0,0.0,0.8988792234855827,-0.7034424500463683,0.0,0.0,-3.4014596554247216,-1.408378707809515,2.5932096444219184,0.0,0.0,0.45148861362727594,-0.5275821542943413,2.8390302932965983,-0.802944098099797,-3.714538968772014,0.0,0.0,0.0,0.0,0.0,0.0,0.0,0.0,1.7637736025328683,-1.5065948612397546,1.9522997888189488,-0.45830408891069946,-0.9452709471397703,0.0,0.0,1.8643151515090148,0.0,-0.30566384442474226,-0.07188889367028563,-0.27899999748975285,-0.06934499995695272,3.451510586090957
56,1594.8531368294257,0.0,0.0,0.0,0.0,0.0,0.0,0.0,0.0,0.0,-1.577814593972921,0.0,1.5740716950873193,0.0,0.0,0.8988774535137966,-0.7034392602051788,0.0,0.0,-3.4013686586823444,-1.4083670155229067,2.5931767972148987,0.0,0.0,0.4514570997825975,-0.527620171301549,2.8390311584094827,-0.8029748812517765,-3.714626250381628,0.0,0.0,0.0,0.0,0.0,0.0,0.0,0.0,1.7637448740904635,-1.5065996586864794,1.952267783871012,-0.45832232647663074,-0.9452952306961117,0.0,0.0,1.8643249505685717,0.0,-0.3056885447612382,-0.07189701693090186,-0.27900147713771867,-0.06937324750211236,3.449104928874791
57,1594.8531363705056,0.0,0.0,0.0,0.0,0.0,0.0,0.0,0.0,0.0,-1.5778284837913323,0.0,1.5741188676620557,0.0,0.0,0.8988893889970457,-0.7034473405012897,0.0,0.0,-3.401492173192647,-1.4083962608073781,2.593238570140761,0.0,0.0,0.451500155141832,-0.5275716694101034,2.839056184445426,-0.802988947682841,-3.7145439717192446,0.0,0.0,0.0,0.0,0.0,0.0,0.0,0.0,1.7637489992050916,-1.5066241421643252,1.952279414206134,-0.4583153502798196,-0.9452743618132189,0.0,0.0,1.8643061829005676,0.0,-0.30568468610695293,-0.07189338123461742,-0.2790102163788561,-0.06936939312473428,3.4494418545876853
58,1594.853136304145,0.0,0.0,0.0,0.0,0.0,0.0,0.0,0.0,0.0,-1.5778262510859162,0.0,1.5741205989064264,0.0,0.0,0.8988876761350456,-0.703463088046585,0.0,0.0,-3.4015477445106503,-1.4083968946747343,2.5932692844581267,0.0,0.0,0.45150022252273836,-0.527554294194248,2.839058571097235,-0.8030072519152673,-3.7144952791207286,0.0,0.0,0.0,0.0,0.0,0.0,0.0,0.0,1.7637520313829556,-1.506623744952338,1.9522836430029773,-0.45831201031552604,-0.945268804547281,0.0,0.0,1.8642918324114683,0.0,-0.3056848777630204,-0.07189177398031209,-0.27901632313663965,-0.0693675644000725,3.4496202677811545
59,1594.853136302975,0.0,0.0,0.0,0.0,0.0,0.0,0.0,0.0,0.0,-1.5778283669686313,0.0,1.5741273151561,0.0,0.0,0.8988890835841337,-0.703460249504627,0.0,0.0,-3.4015508411661597,-1.4083993208308374,2.5932680310686416,0.0,0.0,0.4515065656856387,-0.5275514091877852,2.8390616602359544,-0.8030038625065512,-3.714491887825971,0.0,0.0,0.0,0.0,0.0,0.0,0.0,0.0,1.763752539447961,-1.5066274200398357,1.952284255930205,-0.4583127114532978,-0.9452670435070805,0.0,0.0,1.8642919296069094,0.0,-0.30568457893760875,-0.07189178586514106,-0.27901669756446296,-0.0693677277891003,3.44960293313634
60,1594.8531363028933,0.0,0.0,0.0,0.0,0.0,0.0,0.0,0.0,0.0,-1.57782793431855,0.0,1.5741264083438327,0.0,0.0,0.8988886805788793,-0.7034606331481434,0.0,0.0,-3.401549427021923,-1.4083991211919489,2.5932682012191703,0.0,0.0,0.45150535360133287,-0.5275524619480733,2.839060704734746,-0.8030038362867504,-3.714491610422758,0.0,0.0,0.0,0.0,0.0,0.0,0.0,0.0,1.76375254188904,-1.5066268562573593,1.9522843101974108,-0.45831283375915466,-0.945267386435419,0.0,0.0,1.864291838886607,0.0,-0.3056847502651446,-0.07189183701506477,-0.27901682385464177,-0.0693678101189624,3.4495967397374065
61,1594.8531363028846,0.0,0.0,0.0,0.0,0.0,0.0,0.0,0.0,0.0,-1.577827835684096,0.0,1.5741263216789751,0.0,0.0,0.8988885663872802,-0.703460750070977,0.0,0.0,-3.4015495084922587,-1.4083988669230478,2.593268132073443,0.0,0.0,0.4515052408939502,-0.5275524042419932,2.8390606473069897,-0.803003822135537,-3.714491137041084,0.0,0.0,0.0,0.0,0.0,0.0,0.0,0.0,1.763752606003204,-1.5066267994554445,1.9522843109261114,-0.45831292999064666,-0.9452674044017131,0.0,0.0,1.8642916998768613,0.0,-0.30568482278332637,-0.07189185361255884,-0.2790169196104016,-0.06936785678254685,3.4495931558811086
62,1594.8531363028842,0.0,0.0,0.0,0.0,0.0,0.0,0.0,0.0,0.0,-1.577827849451464,0.0,1.574126394934684,0.0,0.0,0.8988885711712551,-0.7034607422439864,0.0,0.0,-3.401549575863685,-1.408398927687944,2.593268220905839,0.0,0.0,0.4515052794341245,-0.527552415964893,2.839060656476309,-0.8030038089168842,-3.714491015188803,0.0,0.0,0.0,0.0,0.0,0.0,0.0,0.0,1.7637526085788284,-1.5066268448641313,1.9522843335621527,-0.45831294008096557,-0.94526739185509,0.0,0.0,1.8642916760011625,0.0,-0.3056848307092771,-0.07189185451721808,-0.2790169415561557,-0.06936786735575312,3.4495922680226685
63,1594.8531363028842,0.0,0.0,0.0,0.0,0.0,0.0,0.0,0.0,0.0,-1.5778278537593182,0.0,1.5741263969359727,0.0,0.0,0.8988885766671141,-0.7034607410181248,0.0,0.0,-3.4015496067874813,-1.4083989117264937,2.5932682052858724,0.0,0.0,0.45150529432282666,-0.5275523850996298,2.8390606784224888,-0.8030038204445809,-3.7144910314194313,0.0,0.0,0.0,0.0,0.0,0.0,0.0,0.0,1.7637526049943872,-1.506626848916603,1.952284325059775,-0.4583129403071693,-0.9452673884263342,0.0,0.0,1.8642916763543478,0.0,-0.3056848312144467,-0.07189185433641467,-0.2790169391205245,-0.06936786838837067,3.449592175619663
std.err,,,,,,,,,,,0.1396112066287605,,0.2926142017281203,,,0.14898771971616148,0.14541216130018123,,,0.3880851154262277,0.4659325246128184,0.3950607083703853,,,0.2779930695025021,0.3170988382222929,0.32011128292537483,0.3796299114658907,0.42168736483599356,,,,,,,,,0.18443286379717375,0.250535151502627,0.3327388808107517,0.18548478092707332,0.21845660520306054,,,0.22640988147376062,,0.04311824252328248,0.013619683753198674,0.05936298271036715,0.016670716196570998,1.3758089719225488
t.test,,,,,,,,,,,-11.301584535078998,,5.379528360686188,,,6.033306492505549,-4.8377022576945095,,,-8.764957664123793,-3.022752946677951,6.564227093053706,,,1.6241602538179927,-1.6636843832578299,8.868980351074779,-2.1152280054642896,-8.808637253962077,,,,,,,,,9.563114559312151,-6.013634573353692,5.867316498459207,-2.4708924258716585,-4.3270258985654655,,,8.234144482648857,,-7.0894547951342535,-5.278525965739137,-4.700183959452512,-4.161061082824921,2.5073191453310697
p.val,,,,,,,,,,,0.0,,7.468122964482404E-8,,,1.6063832486423735E-9,1.3134870024966716E-6,,,0.0,0.0025048664598110726,5.2303494868510825E-11,,,0.10434161115570517,0.09617551873530994,0.0,0.03441051913414794,0.0,,,,,,,,,0.0,1.81409198773963E-9,4.42904757314011E-9,0.01347763545699876,1.5113619683537749E-5,,,2.220446049250313E-16,,1.3464784842653899E-12,1.302272147896133E-7,2.5992723415857455E-6,3.167723369412734E-5,0.012165081773850561
