Iteration,LL,asc_carD,b_carD_p.age_group_agg_5_14,b_carD_p.age_group_agg_15_24,b_carD_p.age_group_agg_40_69,b_carD_p.age_group_agg_70,b_carD_p.female,b_carD_p.occupation_worker,b_carD_hh.cars_gr_0,b_carD_hh.cars_gr_2,b_carD_hh.cars_gr_3,asc_carP,b_carP_p.age_group_agg_5_14,b_carP_p.age_group_agg_15_24,b_carP_p.age_group_agg_40_69,b_carP_p.age_group_agg_70,b_carP_p.female,b_carP_p.occupation_worker,b_carP_hh.cars_gr_0,b_carP_hh.cars_gr_2,b_carP_hh.cars_gr_3,asc_pt,b_pt_p.age_group_agg_5_14,b_pt_p.age_group_agg_15_24,b_pt_p.age_group_agg_40_69,b_pt_p.age_group_agg_70,b_pt_p.female,b_pt_p.occupation_worker,b_pt_hh.cars_gr_0,b_pt_hh.cars_gr_2,b_pt_hh.cars_gr_3,asc_bike,b_bike_p.age_group_agg_5_14,b_bike_p.age_group_agg_15_24,b_bike_p.age_group_agg_40_69,b_bike_p.age_group_agg_70,b_bike_p.female,b_bike_p.occupation_worker,b_bike_hh.cars_gr_0,b_bike_hh.cars_gr_2,b_bike_hh.cars_gr_3,asc_walk,b_walk_p.age_group_agg_5_14,b_walk_p.age_group_agg_15_24,b_walk_p.age_group_agg_40_69,b_walk_p.age_group_agg_70,b_walk_p.female,b_walk_p.occupation_worker,b_walk_hh.cars_gr_0,b_walk_hh.cars_gr_2,b_walk_hh.cars_gr_3,b_car_time,b_pt_time,b_bike_cost,b_walk_cost,g_walk_aadt
0,3618.2737582613204,0.0,0.0,0.0,0.0,0.0,0.0,0.0,0.0,0.0,0.0,0.0,0.0,0.0,0.0,0.0,0.0,0.0,0.0,0.0,0.0,0.0,0.0,0.0,0.0,0.0,0.0,0.0,0.0,0.0,0.0,0.0,0.0,0.0,0.0,0.0,0.0,0.0,0.0,0.0,0.0,0.0,0.0,0.0,0.0,0.0,0.0,0.0,0.0,0.0,0.0,0.0,0.0,-0.1,-0.1,0.0
1,3063.69884046104,0.0,0.0,0.0,0.0,0.0,0.0,0.0,0.0,0.0,0.0,-0.002072863268837409,0.0,-3.491010809347482E-4,0.0,0.0,-0.0011065502905813968,-0.0013187430087849925,0.0,0.0,0.0,-0.005881123210075685,-0.001163362339801738,-5.07219799620573E-4,-0.002096631180269868,-9.985033171961348E-4,-0.002845009653184994,-0.0019173073615950153,-8.886114713885506E-4,-0.0018064820404981063,-4.2089990549722974E-4,-0.0032153654495594712,0.0,0.0,0.0,0.0,0.0,0.0,0.0,0.0,0.0,0.006929031283910394,0.001132686988839362,0.0014932093925028407,0.001867348309227213,9.849259908516553E-4,0.0,0.0,0.0030705903856372415,0.0,0.0,0.025404167215491633,-0.15558080540535663,-0.11502207914547956,-0.03628183728330006,-0.002473244642523613
2,3041.5243171384686,0.0,0.0,0.0,0.0,0.0,0.0,0.0,0.0,0.0,0.0,-0.0029957185016070017,0.0,-4.589209123656046E-4,0.0,0.0,-0.0015596229988037752,-0.0017420583611854436,0.0,0.0,0.0,-0.0059957251189553945,-0.0012022529728907593,-5.133208877988804E-4,-0.0021446840095866175,-0.001008170528640237,-0.002883617638522794,-0.0019618308019751438,-8.538196455248523E-4,-0.0018620579304985986,-4.357459786098341E-4,-0.003968531867528005,0.0,0.0,0.0,0.0,0.0,0.0,0.0,0.0,0.0,0.008062426783951906,0.0013036042627740394,0.0017742479211798345,0.0021569972145062243,0.0011327614868708688,0.0,0.0,0.0036319029603212125,0.0,0.0,0.025042633943839127,-0.15429269066411938,-0.11839033702449697,-0.030095046492501797,-0.0025562458508683653
3,2811.507510112295,0.0,0.0,0.0,0.0,0.0,0.0,0.0,0.0,0.0,0.0,-0.23550245257615243,0.0,-0.029240546957276257,0.0,0.0,-0.11695362051860499,-0.11374105026845799,0.0,0.0,0.0,-0.05052746956695914,-0.014397667987666438,-0.003334629359521602,-0.020014353109435168,-0.0058933172259980505,-0.01985442988669526,-0.018470774820161583,0.006725846120621059,-0.021127227103490666,-0.005448646536578546,-0.19997567049893183,0.0,0.0,0.0,0.0,0.0,0.0,0.0,0.0,0.0,0.2796636962856505,0.039914816337875275,0.07738673062451684,0.0675368473270048,0.03416674304914063,0.0,0.0,0.15376445905598424,0.0,0.0,0.17234568034277906,-0.14350119762593452,-0.9382355313348731,-0.09040811198321361,0.007721470466705804
4,2149.5045890978863,0.0,0.0,0.0,0.0,0.0,0.0,0.0,0.0,0.0,0.0,-1.5499333079654052,0.0,-0.18697948405326925,0.0,0.0,-0.6894035121340968,-0.6603321009301277,0.0,0.0,0.0,-0.32426583514492413,-0.09454772956986071,-0.02488554146284339,-0.12239230554340769,-0.03855826723804996,-0.12736626350990474,-0.11303038680212922,0.027484281785196612,-0.12865922489926385,-0.032929178161583375,-0.5362669960738196,0.0,0.0,0.0,0.0,0.0,0.0,0.0,0.0,0.0,1.577259999808527,0.21824909994759864,0.440285168843788,0.3803502864688366,0.18207019318356232,0.0,0.0,0.8401713275824836,0.0,0.0,-1.0204807625667023,-0.38490099019521506,-1.4734221150524687,-0.32554362602827536,-0.16753297939643635
5,2099.1534129183515,0.0,0.0,0.0,0.0,0.0,0.0,0.0,0.0,0.0,0.0,-1.43998685618458,0.0,-0.17590232629346536,0.0,0.0,-0.4043998530188962,-0.7244937097903117,0.0,0.0,0.0,-0.5148365529863898,-0.18568484448959072,-0.008568760851415336,-0.2099442705294831,-0.051023322324895565,-0.17681376960009382,-0.20316728842048004,0.15458125483606827,-0.25252818188423876,-0.07013954920966214,-0.6742686746365307,0.0,0.0,0.0,0.0,0.0,0.0,0.0,0.0,0.0,1.8564344212489563,0.19925912892607242,0.6331171302966603,0.3650745892833657,0.13471186753782377,0.0,0.0,1.0615679367722997,0.0,0.0,-1.0913555580883407,-0.38657105068264297,-1.4422417335607116,-0.3288795574280826,0.28097664300500214
6,2098.5689982056565,0.0,0.0,0.0,0.0,0.0,0.0,0.0,0.0,0.0,0.0,-0.679167579045324,0.0,-0.07722169234816131,0.0,0.0,1.3174088842855216,-1.0019864262559106,0.0,0.0,0.0,-1.551542997321131,-0.7125307687017943,0.10549556280887423,-0.6993693195869235,-0.11036321647208513,-0.41689814483931836,-0.7132083274878847,0.9313542746752717,-0.9588797664522053,-0.2884533009416689,-1.4481557204866222,0.0,0.0,0.0,0.0,0.0,0.0,0.0,0.0,0.0,3.38030081763855,0.08922275367495354,1.698211752564333,0.27937481244094114,-0.16753309227608798,0.0,0.0,2.290581291683192,0.0,0.0,-0.8310683813025928,-0.24405242101898786,-1.070663253611414,-0.31530963866096584,0.20355926292470128
7,2074.222628547192,0.0,0.0,0.0,0.0,0.0,0.0,0.0,0.0,0.0,0.0,-1.037126563321378,0.0,-9.46835671306101E-4,0.0,0.0,1.5359197904779687,-1.45974817035703,0.0,0.0,0.0,-2.1114202295489504,-1.0675336390785704,0.2234480240415655,-0.9918513301407499,-0.11523307237084703,-0.46323640845362124,-1.0439755412894005,1.5875619993889436,-1.4238965101201857,-0.44292451833727503,-1.8412414018444834,0.0,0.0,0.0,0.0,0.0,0.0,0.0,0.0,0.0,3.57043279085329,-0.11720841648983245,2.2614347202178617,-0.08737992404790684,-0.5187027281274892,0.0,0.0,2.9037369165319653,0.0,0.0,-0.14874061268851602,-0.08446855578245513,-0.6147706618716551,-0.22422651731707452,0.3042785316016041
8,1913.518513243319,0.0,0.0,0.0,0.0,0.0,0.0,0.0,0.0,0.0,0.0,-1.220013868727352,0.0,0.307584733846318,0.0,0.0,1.7940227717877657,-1.915710234176291,0.0,0.0,0.0,-3.2025393561784723,-1.7828205307588272,0.5031304173967608,-1.5908076200413697,-0.10928966866762652,-0.5066706659667674,-1.736296849340991,3.035215512426663,-2.3947274772046168,-0.7636268480007617,-2.6671057201332937,0.0,0.0,0.0,0.0,0.0,0.0,0.0,0.0,0.0,2.866340485467468,-0.7492152406404546,3.1176177494460138,-1.1001018907883662,-1.3827843734013647,0.0,0.0,3.7031320012767868,0.0,0.0,-0.30097751584737453,-0.06461516268442218,-0.5716103186241154,-0.21756798009437509,0.16636893991559543
9,1825.6216680026932,0.0,0.0,0.0,0.0,0.0,0.0,0.0,0.0,0.0,0.0,-1.2042595785301404,0.0,0.731811920804605,0.0,0.0,1.367571361815764,-1.4208429907900557,0.0,0.0,0.0,-3.7213659419564116,-2.3080598369355423,0.8410821879622377,-1.9069117407764804,-0.14557100736626646,-0.25915162221073196,-2.1540642598413045,4.23862090292613,-3.0288398686028613,-0.9991078100158801,-3.291947188105261,0.0,0.0,0.0,0.0,0.0,0.0,0.0,0.0,0.0,2.8817358155640025,-1.4187914371228283,3.3603318826015873,-0.8512089477004566,-1.6806242520499184,0.0,0.0,3.6983774742223243,0.0,0.0,-0.2656042135581677,-0.035027387519140404,-0.4386142172094159,-0.20825249031088705,0.16421189724991145
10,1775.7330288410503,0.0,0.0,0.0,0.0,0.0,0.0,0.0,0.0,0.0,0.0,-1.6416346512018982,0.0,1.343973699256333,0.0,0.0,1.7126850952044745,-1.1721194553679402,0.0,0.0,0.0,-3.5366921176953054,-2.722598717859294,1.5583682281438258,-1.700110037889257,-0.5940616520715415,0.46086398406020546,-2.0764738806659473,5.320211347225919,-3.2514968449538113,-1.2021306700321508,-4.199548315989031,0.0,0.0,0.0,0.0,0.0,0.0,0.0,0.0,0.0,2.9147853232920875,-1.502701031651863,3.1805929681719447,-1.1498562228105171,-1.4172802271166272,0.0,0.0,3.387617979665297,0.0,0.0,-0.34139838318772336,-0.07642150818472346,-0.32670043866233733,-0.2149907462074494,0.1687755710888598
11,1762.4686141347288,0.0,0.0,0.0,0.0,0.0,0.0,0.0,0.0,0.0,0.0,-1.6310311352439684,0.0,1.4584910324245957,0.0,0.0,1.7066156757536366,-1.2526018967594033,0.0,0.0,0.0,-3.5547629259938933,-2.8032952919154135,1.7758388342476388,-1.642631904151201,-0.791628275892986,0.5543178489093143,-2.0104843159959978,5.340551550662368,-3.2395421467811714,-1.24791233703316,-4.438692789120499,0.0,0.0,0.0,0.0,0.0,0.0,0.0,0.0,0.0,2.8571658599713796,-1.633701280751911,3.099549125700211,-1.1033518233672852,-1.3635899770726414,0.0,0.0,3.407641874950793,0.0,0.0,-0.3580011714345944,-0.08154369747160256,-0.29171310374568526,-0.21469597701265242,0.16484426980705316
12,1752.2277218237252,0.0,0.0,0.0,0.0,0.0,0.0,0.0,0.0,0.0,0.0,-1.6925208061073933,0.0,1.4771874942127394,0.0,0.0,1.703329506631411,-1.1241786371148286,0.0,0.0,0.0,-3.603178021060891,-2.871550332421717,1.9999900709881877,-1.6253439212474274,-0.943457263258114,0.5856098866500299,-1.9552407135094814,5.238627527335332,-3.193825045775911,-1.3021121371938684,-4.654670344071044,0.0,0.0,0.0,0.0,0.0,0.0,0.0,0.0,0.0,2.791669437215163,-1.6218700194113815,3.054911455307682,-1.0823355121814857,-1.4487214167249896,0.0,0.0,3.4246827862633578,0.0,0.0,-0.3615108008899901,-0.08175170310668631,-0.2593061752085973,-0.2129241466797668,0.1649995745847367
13,1729.5002279260207,0.0,0.0,0.0,0.0,0.0,0.0,0.0,0.0,0.0,0.0,-1.5646760467725962,0.0,1.0621128287740833,0.0,0.0,1.4728344353101275,-1.3914189122890912,0.0,0.0,0.0,-3.541309831534215,-3.206747736051593,3.2996976804313345,-1.7312371154194943,-1.0004821280468958,0.7823087602646489,-1.7933916906998362,4.86313441113422,-2.8205844736341823,-1.8160814799106682,-5.30325184200321,0.0,0.0,0.0,0.0,0.0,0.0,0.0,0.0,0.0,2.773575614614723,-1.5136463567526472,3.125645476442426,-0.980387574292579,-1.9762717510593055,0.0,0.0,2.3873240644962914,0.0,0.0,-0.47381952411206524,-0.11436440657370633,-0.22254924832662779,-0.22165537303135358,0.12535707227493456
14,1709.6267854600378,0.0,0.0,0.0,0.0,0.0,0.0,0.0,0.0,0.0,0.0,-1.4919468400037121,0.0,1.0008594748731166,0.0,0.0,1.1624459037840167,-1.1903842887255023,0.0,0.0,0.0,-3.6445609937679935,-3.371779774105887,3.945363972280835,-1.727469052729309,-0.9710607994068791,0.7165173945021517,-1.729767353832989,4.457441826441824,-2.488234431992601,-2.2834631055417427,-5.374345114434612,0.0,0.0,0.0,0.0,0.0,0.0,0.0,0.0,0.0,2.7751962277313984,-1.7385668449054126,3.2404235171216627,-1.3582719226469637,-1.515545834206307,0.0,0.0,1.9672064486820664,0.0,0.0,-0.5114451412112577,-0.11922451563641119,-0.2429319909771334,-0.2233276175296627,0.0924613725037469
15,1667.9209486334373,0.0,0.0,0.0,0.0,0.0,0.0,0.0,0.0,0.0,0.0,-1.9006424481682094,0.0,1.8896634885611423,0.0,0.0,1.3216612452267706,-0.9453706397149547,0.0,0.0,0.0,-3.4593211742363645,-3.3635931346614862,4.171275140947179,-1.2636011502701825,-0.40392195079214865,0.5516179629109468,-1.464741239276718,3.9470639425443075,-1.6668213194533716,-3.318656939112665,-5.013321362313375,0.0,0.0,0.0,0.0,0.0,0.0,0.0,0.0,0.0,2.195945380250264,-2.22891376824929,3.2572857719809885,-0.8241741414402318,-1.3000790759582777,0.0,0.0,1.8268387084128204,0.0,0.0,-0.637974205075014,-0.16690108260763548,-0.41338136194231534,-0.23348012008849622,0.04324487090697508
16,1654.1484104715835,0.0,0.0,0.0,0.0,0.0,0.0,0.0,0.0,0.0,0.0,-1.5732640274298846,0.0,2.395625112624636,0.0,0.0,0.8507789814411615,-0.9973146270202519,0.0,0.0,0.0,-3.602466170053214,-3.2269536984490923,3.705883438386066,-0.8696667597727017,-0.41944570644856094,0.4745467162161711,-1.4482865607767013,3.9666958559671923,-1.5543578852806004,-3.8870344383610234,-5.094904687727172,0.0,0.0,0.0,0.0,0.0,0.0,0.0,0.0,0.0,1.9826389164001454,-1.4588667221491949,2.744199204933304,-0.7061331919995315,-1.1822320472020693,0.0,0.0,2.028647418592558,0.0,0.0,-0.6532120866331028,-0.16399224380636565,-0.39040192337277557,-0.2315114349539827,0.037585698587703026
17,1645.6014582405473,0.0,0.0,0.0,0.0,0.0,0.0,0.0,0.0,0.0,0.0,-1.4891993240172134,0.0,1.8459347034507942,0.0,0.0,0.7561965845139572,-0.879922937823397,0.0,0.0,0.0,-3.5148005890002327,-2.8885305927445137,3.197054380854867,-0.570426208415939,-0.66336518989596,0.5824313981177727,-1.3934492295986645,4.1802547679209425,-1.5433101936902744,-4.244527319925699,-5.262700417720427,0.0,0.0,0.0,0.0,0.0,0.0,0.0,0.0,0.0,1.7194039641741004,-1.3882559477922713,2.574246630848889,-0.5151233389758829,-1.0064568816585449,0.0,0.0,2.2634134977514293,0.0,0.0,-0.6610796819696998,-0.17245502597282458,-0.3568859873861103,-0.22721375283939246,0.03414301800009842
18,1641.824153116476,0.0,0.0,0.0,0.0,0.0,0.0,0.0,0.0,0.0,0.0,-1.677014368587128,0.0,1.544399272973492,0.0,0.0,0.9509768863535398,-0.8447541830339325,0.0,0.0,0.0,-3.7381514633263904,-2.494305502410129,2.7900647849542666,-0.7488003123947713,-0.9966637134047918,0.42592843154610255,-1.416125421435812,4.231446741456506,-1.6611505905211428,-4.579439227516965,-5.269032239301935,0.0,0.0,0.0,0.0,0.0,0.0,0.0,0.0,0.0,1.5875279986681454,-1.4521479609330854,2.0302107736351918,-0.35584458635023847,-0.847450605757117,0.0,0.0,2.0985020834062,0.0,0.0,-0.6429978112382296,-0.15551054559117064,-0.36187375098446084,-0.2229977935539061,0.026865460487428997
19,1636.779573900497,0.0,0.0,0.0,0.0,0.0,0.0,0.0,0.0,0.0,0.0,-1.7418189239641575,0.0,1.5582024162357881,0.0,0.0,0.9733633628684618,-0.7449820211895363,0.0,0.0,0.0,-3.8148015686092838,-1.982481926638668,2.117649556006637,-0.9388594459457555,-1.2333819216924395,0.7119798490504562,-1.224332872161157,3.9487171560483763,-1.6583858559414384,-4.931268416603735,-5.332290873335104,0.0,0.0,0.0,0.0,0.0,0.0,0.0,0.0,0.0,1.7658896784563485,-1.8124756804277633,1.7349342234313807,-0.5789419927022657,-1.1007630162674662,0.0,0.0,1.908265458502041,0.0,0.0,-0.6246912458779513,-0.14941559718674488,-0.3409406938810372,-0.2180918022538602,0.021383494292188405
20,1633.8041300769246,0.0,0.0,0.0,0.0,0.0,0.0,0.0,0.0,0.0,0.0,-1.70064839454139,0.0,1.5189926003828802,0.0,0.0,0.9533170903504308,-0.6806661175908199,0.0,0.0,0.0,-3.6857028144940545,-1.912911242159279,2.1790745836957015,-1.1761374292777158,-1.1872316349278937,0.9554953219552201,-1.0750305577753267,3.857761015220405,-1.6280004091803786,-5.160409512646568,-5.056770282899858,0.0,0.0,0.0,0.0,0.0,0.0,0.0,0.0,0.0,1.8166483922354033,-1.8754513011381195,1.5133004742008567,-0.6377352606370715,-1.184143678082113,0.0,0.0,2.1228302544835236,0.0,0.0,-0.6091588933379991,-0.14997659460482787,-0.36753123258001197,-0.21561356626828218,0.02697085925502789
21,1624.3500161936497,0.0,0.0,0.0,0.0,0.0,0.0,0.0,0.0,0.0,0.0,-1.6200343766857068,0.0,1.6770945247182665,0.0,0.0,0.8514010974043333,-0.49266558692351947,0.0,0.0,0.0,-3.345602062954687,-2.1078834084135916,2.426819479641029,-0.9727473311706563,-1.360709448890317,0.6538629893094878,-0.48530492897223254,3.5166863209797286,-1.3354171703208428,-6.111094153488713,-4.096385321090967,0.0,0.0,0.0,0.0,0.0,0.0,0.0,0.0,0.0,1.7555005594156239,-1.7214979489642122,2.143066127611531,-0.5583578406729649,-1.234523881660522,0.0,0.0,2.0467499162568132,0.0,0.0,-0.5216097598077367,-0.13083695751838836,-0.4447728137590731,-0.2015024159131861,0.03336294323646932
22,1618.813000486197,0.0,0.0,0.0,0.0,0.0,0.0,0.0,0.0,0.0,0.0,-1.6222922575442655,0.0,1.7302905556945927,0.0,0.0,0.8761445545862038,-0.45685925266970007,0.0,0.0,0.0,-3.134689912188352,-2.170851546040359,2.5067683198417208,-0.7942255718814208,-0.9350860967218405,0.5669790682579136,-0.7939501807354317,3.1700757625100544,-1.104259111014321,-6.544886927447402,-4.114381714047711,0.0,0.0,0.0,0.0,0.0,0.0,0.0,0.0,0.0,1.665264016652775,-1.7057997797819926,2.2129046503922116,-0.5259374893644004,-1.0864765823526104,0.0,0.0,2.013283744973133,0.0,0.0,-0.4805967210562137,-0.12242229040864348,-0.39526724482598175,-0.19142305171478102,0.04016845354247251
23,1618.0259149268381,0.0,0.0,0.0,0.0,0.0,0.0,0.0,0.0,0.0,0.0,-1.569717226664664,0.0,1.369402482304321,0.0,0.0,0.947153823997145,-0.6036304290668764,0.0,0.0,0.0,-3.2107944040133334,-2.4084461145798346,2.340078187713913,0.3369823213076688,-0.22749455044852596,0.4625228897428858,-0.6358010950690195,2.634557083441887,-0.6993259481845829,-8.124847011009393,-3.486133267621719,0.0,0.0,0.0,0.0,0.0,0.0,0.0,0.0,0.0,1.8844818293286847,-1.861049323015599,1.439376289720637,-0.7911327718743291,-1.2538616512670313,0.0,0.0,1.6838393393607523,0.0,0.0,-0.3657655729514607,-0.08792769910256257,-0.3677683155696076,-0.16722265403988795,0.06015975690350713
24,1612.8202639868534,0.0,0.0,0.0,0.0,0.0,0.0,0.0,0.0,0.0,0.0,-1.51753700437726,0.0,1.4531625819633456,0.0,0.0,0.9010006202219593,-0.6670147038162888,0.0,0.0,0.0,-3.023533268078756,-1.9998915323848614,2.282322336205455,-0.10637710898916641,-0.17238995245954347,0.3927052645400618,-0.5079109604496569,2.63504145976992,-0.5813705547291789,-8.28008893155935,-3.588846191267475,0.0,0.0,0.0,0.0,0.0,0.0,0.0,0.0,0.0,1.7843703263026223,-1.709913462490833,1.591519604194124,-0.7283741893020335,-1.0951686918354147,0.0,0.0,1.6678190741722776,0.0,0.0,-0.3414470258122188,-0.08331344142011943,-0.3118978769036304,-0.16044442932663977,0.07040123715776159
25,1610.38371934332,0.0,0.0,0.0,0.0,0.0,0.0,0.0,0.0,0.0,0.0,-1.5321374784941098,0.0,1.5361111436664525,0.0,0.0,0.9164608022282635,-0.7104183095983679,0.0,0.0,0.0,-3.0384205569546334,-1.7470670651879097,2.303205158044152,-0.29459030689714605,-0.5263041625842096,0.6605808666817137,-0.8955617505976821,2.632671743779191,-0.693630138590026,-7.9875935011792984,-3.4698791462938923,0.0,0.0,0.0,0.0,0.0,0.0,0.0,0.0,0.0,1.7117051393900469,-1.5812289876640488,1.8189313558024827,-0.6141890714312499,-1.0499641359856198,0.0,0.0,1.695195819725169,0.0,0.0,-0.3470875476793898,-0.08204354166237082,-0.3375871773244002,-0.16266288767385448,0.07417740643255033
26,1608.4435726205088,0.0,0.0,0.0,0.0,0.0,0.0,0.0,0.0,0.0,0.0,-1.5391020567203966,0.0,1.577798438413334,0.0,0.0,0.8933825885773237,-0.6962141974889645,0.0,0.0,0.0,-2.9095826222490873,-1.6802947836431772,2.345162533371552,-0.4013627761666002,-0.688004485622822,0.3983435190139743,-0.9034957631353451,2.9163688011370934,-0.9003827897703423,-7.1730470242771105,-3.6625601152804848,0.0,0.0,0.0,0.0,0.0,0.0,0.0,0.0,0.0,1.7709452537056969,-1.64531704217944,1.8261501681014698,-0.6394263571740395,-1.1248766748577517,0.0,0.0,1.8640370478024126,0.0,0.0,-0.37150344751694714,-0.09087827984338272,-0.32560179820339646,-0.16816538732222003,0.08447415493025362
27,1607.6309861865059,0.0,0.0,0.0,0.0,0.0,0.0,0.0,0.0,0.0,0.0,-1.5730607997333208,0.0,1.551316205163934,0.0,0.0,0.9215459459958771,-0.7073878633397547,0.0,0.0,0.0,-3.054273234447426,-1.9209514525854563,2.2274239315867295,-0.5577379343655444,-0.6593519948645937,0.4866231297414723,-0.7269764637772538,2.967797461405101,-0.9209667007431573,-6.7259977974095255,-3.7941775967383826,0.0,0.0,0.0,0.0,0.0,0.0,0.0,0.0,0.0,1.6973306240253192,-1.5963791420870328,1.8856058974069954,-0.5584810294770444,-1.026759010953769,0.0,0.0,1.892395294170546,0.0,0.0,-0.3846929344249339,-0.09196114923795425,-0.3172736023383023,-0.1703283487811771,0.08932420256384055
28,1607.1444376638935,0.0,0.0,0.0,0.0,0.0,0.0,0.0,0.0,0.0,0.0,-1.5571826109918128,0.0,1.577503142894467,0.0,0.0,0.8883417166977126,-0.7131952871336115,0.0,0.0,0.0,-3.04487973477659,-1.920398027907722,2.223254907067158,-0.7002136733474191,-0.7875981926541968,0.47449354328942733,-0.7711498779148684,3.0898230543768754,-0.3012574881561365,-6.046284108920351,-3.7348197354346078,0.0,0.0,0.0,0.0,0.0,0.0,0.0,0.0,0.0,1.711121903150419,-1.5866031866687305,1.9006837548045208,-0.5583490219655769,-1.0753099506799264,0.0,0.0,1.9202227298229257,0.0,0.0,-0.38328698101726744,-0.09314330012538827,-0.3098460327892926,-0.16842978761305685,0.11131933345227621
29,1605.469478767729,0.0,0.0,0.0,0.0,0.0,0.0,0.0,0.0,0.0,0.0,-1.5818922387097512,0.0,1.6555340062822541,0.0,0.0,0.8767570985224128,-0.7189711675089383,0.0,0.0,0.0,-2.7126004013032547,-1.7598494018985538,2.246502645337776,-0.7061165041539427,-0.731494393602339,0.5017990971934468,-0.655465326160235,2.776877698328318,-0.7916507313972192,-4.523077352466908,-3.548145678022793,0.0,0.0,0.0,0.0,0.0,0.0,0.0,0.0,0.0,1.6815476757123096,-1.5607297915566611,1.9754908270328109,-0.5293745003456597,-1.032647428817644,0.0,0.0,1.898564579533658,0.0,0.0,-0.3608624086243239,-0.090551031299181,-0.29708360679242024,-0.16139718776828907,0.15154557774996502
30,1603.8066918810662,0.0,0.0,0.0,0.0,0.0,0.0,0.0,0.0,0.0,0.0,-1.5790091272784945,0.0,1.5738420981775347,0.0,0.0,0.8720133648373861,-0.7237617106078802,0.0,0.0,0.0,-2.907164368578235,-1.861672076241012,2.2352515339768684,-0.5908186492374943,-0.6100552284183066,0.4463868373056742,-0.7544976605879941,2.857916291388771,-0.8415034830334271,-2.6141060240378975,-3.460332877148012,0.0,0.0,0.0,0.0,0.0,0.0,0.0,0.0,0.0,1.7286306991710854,-1.5983105121920582,1.8775185876006537,-0.5831954649923912,-1.0776097571306262,0.0,0.0,1.8882498811037223,0.0,0.0,-0.35765211215657267,-0.08535767682137943,-0.3165071345454528,-0.16066180144699624,0.16818899285856087
31,1603.3477471493225,0.0,0.0,0.0,0.0,0.0,0.0,0.0,0.0,0.0,0.0,-1.586448438549326,0.0,1.5849196732491861,0.0,0.0,0.9014836372988675,-0.7012645301625816,0.0,0.0,0.0,-2.98435488615943,-1.8849572658674656,2.19197336252068,-0.5002310157771013,-0.6923374779246468,0.48291043814861984,-0.7441874182139345,2.9124970881269276,-0.7145792185339583,-1.8489640586006675,-3.650285175152224,0.0,0.0,0.0,0.0,0.0,0.0,0.0,0.0,0.0,1.706558046180035,-1.630742060604635,1.8420333515810896,-0.5815566400898867,-1.0632475369253387,0.0,0.0,1.8618484955942447,0.0,0.0,-0.3669669920227138,-0.08838726096832857,-0.30262206854983936,-0.16057632094669846,0.16928567955753085
32,1603.2559733160133,0.0,0.0,0.0,0.0,0.0,0.0,0.0,0.0,0.0,0.0,-1.5679631238223257,0.0,1.5265452860912005,0.0,0.0,0.9023321532056071,-0.693154070230599,0.0,0.0,0.0,-2.956004459628857,-1.8912544433604697,2.1223135770481227,-0.49595680087550675,-0.6967333893834174,0.44710545202665736,-0.7458530475671085,2.8926026086580863,-0.6022359198829775,-2.5699455077407416,-3.6434500715246156,0.0,0.0,0.0,0.0,0.0,0.0,0.0,0.0,0.0,1.7076608903390256,-1.6215322806693664,1.8109300791008989,-0.5811888504514902,-1.064945918623078,0.0,0.0,1.8667704373424057,0.0,0.0,-0.3587063399049376,-0.0861650145773779,-0.30793717587141783,-0.15992865598855738,0.16135702618778558
33,1603.0859879048223,0.0,0.0,0.0,0.0,0.0,0.0,0.0,0.0,0.0,0.0,-1.56796665996331,0.0,1.5436752594864849,0.0,0.0,0.8943544277330131,-0.7012714453306821,0.0,0.0,0.0,-2.904653809567619,-1.8779571630000405,2.1599387045238405,-0.5376985134016151,-0.6719498931039429,0.4469567610395163,-0.7393765485158483,2.858223476322449,-0.6365419923964021,-2.2034666503307876,-3.615292472118686,0.0,0.0,0.0,0.0,0.0,0.0,0.0,0.0,0.0,1.71250651400027,-1.6158281504181156,1.8410072274053297,-0.5802495792587056,-1.0713356862998145,0.0,0.0,1.8794374592611958,0.0,0.0,-0.3539998671157807,-0.08533907413484454,-0.3077366237921841,-0.15891005613568174,0.17075774043794018
34,1603.0346082510725,0.0,0.0,0.0,0.0,0.0,0.0,0.0,0.0,0.0,0.0,-1.5779359609941928,0.0,1.5801934519510206,0.0,0.0,0.8993709977070695,-0.7018986935572666,0.0,0.0,0.0,-2.919861116564678,-1.869036986298773,2.1871692955147224,-0.5316861302925278,-0.6613122489880783,0.46019369968772006,-0.7349380314125495,2.865622875347186,-0.6584418946955751,-2.1277643725242625,-3.687783146275063,0.0,0.0,0.0,0.0,0.0,0.0,0.0,0.0,0.0,1.710695292777834,-1.627597171688941,1.8577381394184118,-0.5821278355520162,-1.0678687348867857,0.0,0.0,1.875215220360846,0.0,0.0,-0.3534808646271626,-0.08506454848174848,-0.3005900574289214,-0.1585823678705764,0.1736519847475388
35,1603.0032474453083,0.0,0.0,0.0,0.0,0.0,0.0,0.0,0.0,0.0,0.0,-1.5809315576457348,0.0,1.5735278886199522,0.0,0.0,0.9019575583887692,-0.7024526761512037,0.0,0.0,0.0,-2.9052460831285583,-1.8642566748818634,2.1781344017007918,-0.5262072057048691,-0.6614179392830727,0.4556044729653122,-0.7266256855580785,2.8537503564930122,-0.6553223820416062,-2.0865025385609317,-3.7233088235417466,0.0,0.0,0.0,0.0,0.0,0.0,0.0,0.0,0.0,1.7092289558670801,-1.6292506077504858,1.8558647038782587,-0.5793142860751594,-1.066307534314455,0.0,0.0,1.8797327538637223,0.0,0.0,-0.3525376031998143,-0.08503362650134419,-0.3010873476989201,-0.158311657800766,0.17759967401962043
36,1602.9927937329762,0.0,0.0,0.0,0.0,0.0,0.0,0.0,0.0,0.0,0.0,-1.5833559777133066,0.0,1.5745121003272258,0.0,0.0,0.9049187363951079,-0.7023639030135967,0.0,0.0,0.0,-2.9016471080363795,-1.876089931735626,2.1748229696371975,-0.5239495697050385,-0.6661975912653018,0.4510884099056595,-0.7282512609278066,2.853971470908375,-0.64267449273239,-2.148690176860596,-3.747915036862545,0.0,0.0,0.0,0.0,0.0,0.0,0.0,0.0,0.0,1.7120282611571795,-1.637641530300032,1.854268178071834,-0.5812335886431605,-1.0700181470708752,0.0,0.0,1.88638851191386,0.0,0.0,-0.34992827395065507,-0.08423935978704555,-0.29909308889940944,-0.1577084885267391,0.18120279968352263
37,1602.988249981186,0.0,0.0,0.0,0.0,0.0,0.0,0.0,0.0,0.0,0.0,-1.5837416333055672,0.0,1.5707760332966896,0.0,0.0,0.9047383493780655,-0.7021573982102974,0.0,0.0,0.0,-2.903551534729252,-1.871064669023771,2.1720953602043633,-0.5217533849433769,-0.6656401841822401,0.4511230495901554,-0.7254691144204402,2.856179871714996,-0.6423662074390186,-2.1621864069226424,-3.746520408177606,0.0,0.0,0.0,0.0,0.0,0.0,0.0,0.0,0.0,1.7101126363100199,-1.6370266337321204,1.8533042288486787,-0.5807080747253704,-1.0693576773623257,0.0,0.0,1.8870714581100028,0.0,0.0,-0.3506424049379772,-0.084430604004934,-0.3004836399729393,-0.15756269582545,0.18365163585884056
38,1602.978936414241,0.0,0.0,0.0,0.0,0.0,0.0,0.0,0.0,0.0,0.0,-1.584132601355665,0.0,1.5666568899286049,0.0,0.0,0.9044786715509482,-0.7023253894020521,0.0,0.0,0.0,-2.9042616168833075,-1.8738302569901448,2.170379539850537,-0.5180439892578337,-0.6669309565877831,0.4499918151056113,-0.7269982264707154,2.856437394676792,-0.6428211708912897,-2.1673050613383267,-3.7404540385709266,0.0,0.0,0.0,0.0,0.0,0.0,0.0,0.0,0.0,1.7065863853096659,-1.6374407184776951,1.8511625634722149,-0.5796915129218119,-1.069645272431362,0.0,0.0,1.889012794183765,0.0,0.0,-0.3505695875760875,-0.08441871101888354,-0.30186477058679767,-0.1566651186390944,0.19249579527398566
39,1602.9753601216105,0.0,0.0,0.0,0.0,0.0,0.0,0.0,0.0,0.0,0.0,-1.5844196537789952,0.0,1.5699243852258564,0.0,0.0,0.9050658858544243,-0.7021809691238519,0.0,0.0,0.0,-2.911072439306698,-1.8710061596131926,2.175312334866366,-0.5207863224372756,-0.6662336799507487,0.4520093090997746,-0.7253180359810755,2.8603620332454627,-0.6442183528973501,-2.1677829499236414,-3.7338836833325035,0.0,0.0,0.0,0.0,0.0,0.0,0.0,0.0,0.0,1.7031388128498788,-1.638508836937225,1.8539749666937522,-0.5797551916883009,-1.0681638571819994,0.0,0.0,1.8881620111507782,0.0,0.0,-0.3501812848810201,-0.08423223779871553,-0.3019561205112393,-0.15596762623422641,0.1983331197952741
40,1602.974634422086,0.0,0.0,0.0,0.0,0.0,0.0,0.0,0.0,0.0,0.0,-1.5834351438284584,0.0,1.571330370846485,0.0,0.0,0.9045268628268274,-0.7024979342078679,0.0,0.0,0.0,-2.9090819341702896,-1.8739787773702214,2.1775426291808238,-0.5223420840595292,-0.6651131177984124,0.4523212640476366,-0.7290510309423006,2.8580932105341814,-0.6461665800119641,-2.164142743723304,-3.735223823608298,0.0,0.0,0.0,0.0,0.0,0.0,0.0,0.0,0.0,1.7025406282262627,-1.6374712296792822,1.8547392738659616,-0.579557537768841,-1.067721282415166,0.0,0.0,1.8871845813539263,0.0,0.0,-0.3499416296831708,-0.08421156284649045,-0.30113554142050425,-0.15577108645582863,0.20026477724382075
41,1602.9744608047015,0.0,0.0,0.0,0.0,0.0,0.0,0.0,0.0,0.0,0.0,-1.5833802034879947,0.0,1.5728335264300093,0.0,0.0,0.9047225400992432,-0.7023507457127854,0.0,0.0,0.0,-2.911159941533867,-1.8723498289112406,2.1786914288359744,-0.5230521882592589,-0.6650848998868034,0.452625405350916,-0.7276314341434824,2.858372481462847,-0.6458357287411159,-2.159942809245435,-3.7343653925511515,0.0,0.0,0.0,0.0,0.0,0.0,0.0,0.0,0.0,1.7024513041362896,-1.637737775712589,1.8555750852450827,-0.5796100679429145,-1.0674652390175128,0.0,0.0,1.8865822013153026,0.0,0.0,-0.3496225087292687,-0.08409092294909293,-0.3009355857780237,-0.1557222240563165,0.2006123619372461
42,1602.9744037858536,0.0,0.0,0.0,0.0,0.0,0.0,0.0,0.0,0.0,0.0,-1.583294208029253,0.0,1.5724723992376988,0.0,0.0,0.904698597860443,-0.7023574283416295,0.0,0.0,0.0,-2.91089311695443,-1.8721277806979517,2.17850381398356,-0.5229790304946036,-0.6648005588094166,0.4527642239295258,-0.7277631989305866,2.858015950402309,-0.645702174053722,-2.161102879705828,-3.73501167470514,0.0,0.0,0.0,0.0,0.0,0.0,0.0,0.0,0.0,1.7027486145972852,-1.637740375085062,1.8554606160139806,-0.579760603235709,-1.0676105242680674,0.0,0.0,1.88651436115813,0.0,0.0,-0.3496442258617001,-0.08410401216980393,-0.3008522921178597,-0.15574850466443033,0.20075702169312307
43,1602.9743872437352,0.0,0.0,0.0,0.0,0.0,0.0,0.0,0.0,0.0,0.0,-1.5832339507506692,0.0,1.5721793649791114,0.0,0.0,0.9045716998345168,-0.7023744492865595,0.0,0.0,0.0,-2.9107199091984843,-1.8720596164009122,2.1781629497200687,-0.5225121895951642,-0.6648100972165302,0.4526084193968208,-0.7277773751976154,2.857618856574945,-0.6456186555338506,-2.161989959168068,-3.7350856595421176,0.0,0.0,0.0,0.0,0.0,0.0,0.0,0.0,0.0,1.7028783756485721,-1.6376593254810194,1.8552377063960703,-0.579728311003944,-1.0677720508316217,0.0,0.0,1.8865362039535147,0.0,0.0,-0.34964454562533687,-0.08410406078123941,-0.30085624779627496,-0.15574925197408415,0.2010478513583117
44,1602.9743866953818,0.0,0.0,0.0,0.0,0.0,0.0,0.0,0.0,0.0,0.0,-1.583281976857878,0.0,1.5720868699841415,0.0,0.0,0.9046110329342393,-0.7023669795817439,0.0,0.0,0.0,-2.910809900052831,-1.8720519715446626,2.178156957431634,-0.5224635589511791,-0.664809129953388,0.4527068833317481,-0.7277284339670317,2.857730321463969,-0.6455746416314693,-2.162175762796171,-3.734977547744519,0.0,0.0,0.0,0.0,0.0,0.0,0.0,0.0,0.0,1.7029181741419455,-1.6377576472313995,1.8552040242396504,-0.5797834771759005,-1.0678205187600118,0.0,0.0,1.886588409284857,0.0,0.0,-0.34964970031069065,-0.08410673111740233,-0.3008733411286212,-0.15574612397460896,0.20111431596977036
45,1602.9743866451763,0.0,0.0,0.0,0.0,0.0,0.0,0.0,0.0,0.0,0.0,-1.583275699626107,0.0,1.5720929502102787,0.0,0.0,0.9045988165108639,-0.7023716768794218,0.0,0.0,0.0,-2.9107894507936924,-1.8720644377418019,2.1781438238239743,-0.5224550948302021,-0.6648141154214386,0.45265949353591234,-0.7277507703775351,2.857705878900744,-0.6455958809544572,-2.1621970827646404,-3.7349746637314873,0.0,0.0,0.0,0.0,0.0,0.0,0.0,0.0,0.0,1.7028989451494163,-1.6377387635133924,1.8551961075024432,-0.5797674015060724,-1.067816163142932,0.0,0.0,1.8865852416815139,0.0,0.0,-0.3496525452536963,-0.0841062268502225,-0.30087141239447374,-0.1557450695034371,0.20112237515813672
46,1602.9743866406538,0.0,0.0,0.0,0.0,0.0,0.0,0.0,0.0,0.0,0.0,-1.5832756339012213,0.0,1.5721047355656865,0.0,0.0,0.9045972611280334,-0.7023709037858177,0.0,0.0,0.0,-2.910792321372341,-1.872070102705095,2.1781502134735207,-0.5224544069246095,-0.6648211755689916,0.45266798129363767,-0.7277436913969227,2.8577087686636675,-0.6455946531764593,-2.16218021487965,-3.734965567479636,0.0,0.0,0.0,0.0,0.0,0.0,0.0,0.0,0.0,1.7029018958839497,-1.6377390015516613,1.8552016937303153,-0.579767294082312,-1.0678166128423652,0.0,0.0,1.886584328404455,0.0,0.0,-0.349650955710852,-0.08410609375487914,-0.3008722333617014,-0.15574518905625434,0.2011189903546668
47,1602.9743866404258,0.0,0.0,0.0,0.0,0.0,0.0,0.0,0.0,0.0,0.0,-1.5832762971475243,0.0,1.5721009315728303,0.0,0.0,0.9045986791927894,-0.7023708617722577,0.0,0.0,0.0,-2.910795004187559,-1.8720663245013196,2.1781501423731577,-0.5224540128163696,-0.6648177977805715,0.45266888385404186,-0.7277440913659862,2.857709822494309,-0.6455936106714414,-2.1621777396181585,-3.7349679779625826,0.0,0.0,0.0,0.0,0.0,0.0,0.0,0.0,0.0,1.70290242048632,-1.6377402897540356,1.8552001875690536,-0.5797682822823127,-1.0678167867717814,0.0,0.0,1.8865848322877627,0.0,0.0,-0.3496509653080228,-0.08410607290438359,-0.3008717380474426,-0.15574519671695305,0.20111896809998003
48,1602.9743866404142,0.0,0.0,0.0,0.0,0.0,0.0,0.0,0.0,0.0,0.0,-1.583276268455884,0.0,1.572101647962597,0.0,0.0,0.9045985564235923,-0.7023708863432264,0.0,0.0,0.0,-2.91079344081629,-1.8720682501357881,2.1781498434007935,-0.522454722725355,-0.6648188301798231,0.45266829946952825,-0.7277445262344379,2.857709583995175,-0.6455940235863035,-2.1621793578947464,-3.734967567096507,0.0,0.0,0.0,0.0,0.0,0.0,0.0,0.0,0.0,1.702902365767599,-1.6377403904682528,1.8552004884762763,-0.5797682984030632,-1.0678169121703736,0.0,0.0,1.8865848451168876,0.0,0.0,-0.349651102838157,-0.08410610793092582,-0.30087186817801487,-0.1557452122512305,0.20111899935821037
49,1602.974386640413,0.0,0.0,0.0,0.0,0.0,0.0,0.0,0.0,0.0,0.0,-1.5832762283585022,0.0,1.5721016086291089,0.0,0.0,0.9045984815370817,-0.7023708896171298,0.0,0.0,0.0,-2.9107938748445568,-1.8720677260530838,2.1781499533696382,-0.5224544463061311,-0.6648186329845027,0.4526684230288871,-0.7277443533872462,2.8577095982620926,-0.6455939757002294,-2.162179158460251,-3.7349675703516283,0.0,0.0,0.0,0.0,0.0,0.0,0.0,0.0,0.0,1.7029023490414625,-1.6377402490611588,1.85520044120016,-0.5797682224774268,-1.0678168665490004,0.0,0.0,1.886584803354279,0.0,0.0,-0.3496510637159701,-0.08410609716485014,-0.3008718382250321,-0.1557452070830489,0.20111899976531486
50,1602.9743866404128,0.0,0.0,0.0,0.0,0.0,0.0,0.0,0.0,0.0,0.0,-1.583276241639,0.0,1.5721015955702973,0.0,0.0,0.9045985051891211,-0.7023708878665583,0.0,0.0,0.0,-2.910793840371999,-1.8720677786755546,2.1781499416753296,-0.5224544709751663,-0.6648186391171513,0.45266841894152166,-0.7277443768257968,2.8577096034623035,-0.6455939661786456,-2.1621790854458727,-3.734967576439733,0.0,0.0,0.0,0.0,0.0,0.0,0.0,0.0,0.0,1.7029023592728079,-1.6377402804203587,1.8552004416243542,-0.5797682388718501,-1.0678168741792915,0.0,0.0,1.8865848136635177,0.0,0.0,-0.34965106454922107,-0.08410609765233383,-0.3008718383388833,-0.15574520770279937,0.20111899487040819
std.err,,,,,,,,,,,,0.13964612214645766,,0.29258016197468856,,,0.1490027224923939,0.14550701630071178,,,,0.48351933708091,0.5481009417985581,0.4658716546469963,0.3685857836185034,0.40570473645915817,0.2819435815529744,0.34266637892188484,0.32426615117619306,0.3943319459046099,1.1439632569502,0.4225593351139658,,,,,,,,,,0.18271564879522123,0.2503473646580411,0.3311007535348499,0.18572328532060117,0.22266824861625167,,,0.22680441012331107,,,0.046539355659412175,0.014590615443834536,0.060395876520548966,0.013919506151364395,0.12398065659126502
t.test,,,,,,,,,,,,-11.337774492430919,,5.373233731774,,,6.071019979083253,-4.827058555135272,,,,-6.020015368868111,-3.4155529317874995,4.675429208771616,-1.4174569237209682,-1.6386760601304389,1.6055283700667247,-2.1237694200273305,8.812852013991249,-1.637184034627559,-1.8900773886831213,-8.838918622948889,,,,,,,,,,9.319959021032389,-6.541871461908177,5.603129626913052,-3.1216777038540786,-4.795550693981413,,,8.318113446902563,,,-7.513019026478662,-5.764396846458866,-4.981661922507496,-11.188989466234272,1.6221804303993168
p.val,,,,,,,,,,,,0.0,,7.733697526823846E-8,,,1.2710037466945323E-9,1.385643903173417E-6,,,,1.7440051625072783E-9,6.365265701309131E-4,2.933394555704183E-6,0.1563493800206026,0.10128074241063989,0.10837757489854849,0.03368942926166296,0.0,0.1015920219214379,0.05874761070643442,0.0,,,,,,,,,,0.0,6.075362435353782E-11,2.105156671206032E-8,0.001798236840857781,1.6222853556069339E-6,,,0.0,,,5.773159728050814E-14,8.195038203595573E-9,6.304050197414313E-7,0.0,0.10476472059689823
