Iteration,LL,asc_carD,b_carD_age_gr_under16,b_carD_female,b_carD_hhcars_0,b_carD_hhcars_2,b_carD_hhcars_3,asc_carP,b_carP_age_gr_under16,b_carP_female,b_carP_hhcars_0,b_carP_hhcars_2,b_carP_hhcars_3,asc_pt,b_pt_age_gr_under16,b_pt_female,b_pt_hhcars_0,b_pt_hhcars_2,b_pt_hhcars_3,asc_bike,b_bike_age_gr_under16,b_bike_female,b_bike_hhcars_0,b_bike_hhcars_2,b_bike_hhcars_3,asc_walk,b_walk_age_gr_under16,b_walk_female,b_walk_hhcars_0,b_walk_hhcars_2,b_walk_hhcars_3,b_car_time,b_pt_time,b_bike_cost,b_walk_cost,g_bike_grad,g_bike_stressLink,g_walk_speed
0,8528.363993556424,0.0,0.0,0.0,0.0,0.0,0.0,0.0,0.0,0.0,0.0,0.0,0.0,0.0,0.0,0.0,0.0,0.0,0.0,0.0,0.0,0.0,0.0,0.0,0.0,0.0,0.0,0.0,0.0,0.0,0.0,0.0,0.0,-0.1,-0.1,0.0,0.0,0.0
1,8235.305457356828,0.0,0.0,0.0,0.0,0.0,0.0,1.8389226516453745E-7,0.0,9.53071154518708E-8,3.0494685313814E-8,0.0,2.6709021010529143E-9,-2.2642275085389898E-7,-2.197950038494228E-7,-1.160436633100041E-7,-3.813422323410142E-8,-7.477586586475327E-8,-1.255669330897408E-8,-1.0252798552728606E-7,-8.947486490834583E-8,-5.825003092414145E-8,0.0,-3.121789518152842E-8,-6.119778847301681E-9,1.3004755992399229E-7,9.702738515915781E-8,6.35368627513211E-8,2.9606399345568047E-8,0.0,0.0,3.167199593200774E-5,-3.6614341460656033E-4,-0.10000062598388798,-0.09999837634750912,8.407931963277106E-10,5.1123979355412747E-8,-9.767231011496568E-8
2,8036.437455224923,0.0,0.0,0.0,0.0,0.0,0.0,6.209024184584534E-6,0.0,3.257089495991207E-6,1.048135685663685E-6,0.0,-2.904419699029188E-7,-6.260984449898556E-6,-8.664762032966966E-6,-3.183264089225503E-6,-1.1227928735081854E-6,-2.147006236423367E-6,2.2867542044207145E-8,-7.156564144085282E-6,-6.226812162200479E-6,-3.995047786964241E-6,0.0,-2.189078167185477E-6,-4.220861596911817E-7,7.6241893502224456E-6,5.661226585335804E-6,3.722735986773251E-6,1.7435349848997815E-6,0.0,0.0,-0.0015761414050021847,-6.278684866500277E-4,-0.10004731697812663,-0.09990558678529318,6.226734898876946E-8,3.865146757729426E-6,-5.67486644483907E-6
3,7398.503801056077,0.0,0.0,0.0,0.0,0.0,0.0,0.004234250755745703,0.0,0.002211680685539027,7.024867686740646E-4,0.0,-6.342212065577329E-5,-0.002573035290350111,-0.0037014198395794577,-0.001327365557835689,-4.444363556637093E-4,-9.145457733339801E-4,-8.08365497056856E-6,-0.005549305055366331,-0.004639206225589341,-0.003001439543527588,0.0,-0.001711040161192167,-3.420042007371106E-4,0.0038068197062867894,0.0028032608811223714,0.0018544781254326921,8.808509328419209E-4,0.0,0.0,-0.0025971703004047135,-8.064150948551876E-4,-0.14795135910542553,-0.05432779890778625,5.9948379038516004E-5,0.0039419797102744816,-0.002734567024955973
4,7103.6335987455695,0.0,0.0,0.0,0.0,0.0,0.0,0.02639135951529532,0.0,0.013795333616942185,0.0043938608611104844,0.0,-4.948959823707351E-4,-0.01508627452715892,-0.02217213553243259,-0.007780469726518653,-0.0025491235175589414,-0.005469553373377756,-8.364250944034486E-5,-0.02511695797458117,-0.021633286228412738,-0.013973367056466126,0.0,-0.007702345641331356,-0.0015032638178180547,0.013293495171478212,0.008874078728910923,0.006281145612295201,0.0036599894278623217,0.0,0.0,-0.006292851757018647,-0.0014611641861167935,-0.2771774386699265,-0.11246750650049528,3.176596671950843E-4,0.020117793798643716,1.658894128323883E-4
5,6274.4662675269055,0.0,0.0,0.0,0.0,0.0,0.0,0.4218687627595688,0.0,0.23424460769002994,0.06309541355477447,0.0,-0.04929031442502969,-0.46222836623601815,-0.6922848304808044,-0.2385813259402325,-0.07109111634233334,-0.17408051755755344,-0.0165030002017743,-0.46627288539547745,-0.4615705930228712,-0.2856201284710682,0.0,-0.13866795490152048,-0.023003850194036023,0.5124570673556182,0.331278163013857,0.2411054878758717,0.1425220383111602,0.0,0.0,-0.004049384432088061,-5.983028011620471E-4,-0.10144085468600936,-0.12440066026120494,0.009615569355627933,0.5292709015648265,-0.06657864303649871
6,6044.463352854509,0.0,0.0,0.0,0.0,0.0,0.0,0.07299177269168461,0.0,-0.030814857553976643,-0.014037170166464996,0.0,-0.13440530808515228,-0.5821829424720385,-0.9766108813914163,-0.24323117415173942,-0.06593061487457388,-0.23399642021194028,-0.04599960583201712,-0.5876469451846786,-0.5858015565895026,-0.35756436158084093,0.0,-0.16699639318059187,-0.036523770590242866,0.8738802841021771,0.5012778524327762,0.39323312639299396,0.2484868161713818,0.0,0.0,-0.003993294750738965,-6.125573588957702E-4,-0.10741151733902761,-0.16588531237909124,0.012640305010004623,0.6272626108270111,-0.16121925118391536
7,5880.321876863225,0.0,0.0,0.0,0.0,0.0,0.0,-0.4473647267127115,0.0,-0.027561916084778277,-0.00255535737273138,0.0,-0.4921323692631156,-0.8458782055758421,-2.284209381953656,-0.08533110080251324,0.08885926426484833,-0.3708666626401552,-0.37150635078569355,-0.7758762454220255,-0.8554786616348137,-0.5336856053452068,0.0,-0.12369742287519839,-0.1329774735805893,1.3474567272080429,-0.7345898699740713,-0.21232359634416015,0.4508878126921638,0.0,0.0,-0.00201303112270482,-6.648369818467793E-5,-0.10334416270125628,-0.16314052609493973,0.01907308193331381,0.17631273337256437,-0.39331923599223495
8,5820.462042823747,0.0,0.0,0.0,0.0,0.0,0.0,-0.5892261133474845,0.0,3.315952849961973E-4,0.06715836948234004,0.0,-0.5501676326628562,-0.6776576257503719,-2.3565713501457073,0.018824269582303488,0.18691989402246373,-0.30433721181529083,-0.5424566808988417,-1.0144250432896011,-1.1596682153909001,-0.6805985741528483,0.0,-0.15427213476743007,-0.19409876288808495,1.6374421192551756,-1.2093168176447837,-0.3251640050667502,0.5105856558646801,0.0,0.0,-0.0024013533092350475,-2.410935122464544E-4,-0.07889889190007152,-0.17226744700161625,0.024169609183777634,0.1277486800630074,-0.5238210818710073
9,5805.510838135509,0.0,0.0,0.0,0.0,0.0,0.0,-0.6704999137192331,0.0,-0.037466350808386076,0.22483203379048644,0.0,-0.5346108844550592,-0.5612070694880453,-2.388714626098706,-0.07683256511261256,0.26572665004489493,-0.2636308653029338,-0.762869974309156,-1.1365795425074499,-1.4097708097057193,-0.7285265484869716,0.0,-0.12710674742245326,-0.29921401024655675,2.1094453290763955,-1.735208945981324,-0.24033049932536762,0.5578962807493179,0.0,0.0,-0.002346113814819231,-2.7158426361119993E-4,-0.06514796297718761,-0.15453016858585755,0.030576866053107544,-0.029048830994477248,-0.11608443326372175
10,5804.090536534282,0.0,0.0,0.0,0.0,0.0,0.0,-0.6460922228688469,0.0,0.12278261031358102,0.4726196010853019,0.0,-0.36981362050715544,-0.4303952585452667,-2.3263432415024154,-0.4379805918092063,0.3420662221129961,-0.27531350315472175,-1.0618938046232431,-0.8972936401614977,-1.403427218412,-0.518739175350314,0.0,0.04527027471235437,-0.5175646403421656,3.112227459855696,-2.4090719983733964,-0.051556183476986955,0.6699409576098294,0.0,0.0,-0.001986668441123466,-1.4796729894387623E-4,-0.08742809638937789,-0.17288029374823358,0.04365575524177264,-0.17386497025773592,-0.18643735576010348
11,5793.476853905376,0.0,0.0,0.0,0.0,0.0,0.0,-0.5088682189381458,0.0,0.022658702951206644,0.4778245444869004,0.0,-0.32586247051746914,-0.30664078537134243,-2.328314573463943,-0.28686694605712165,0.40061297029710463,-0.3977785812517346,-1.071046218095749,-0.7278326583582074,-1.3669604032950804,-0.38186518435487615,0.0,0.05310411956195991,-0.6589574015650664,3.473347446907885,-2.5838406587841507,-0.1967859328138267,0.7099644626298158,0.0,0.0,-0.0022868165779632763,-2.3329900984063662E-4,-0.09417487535544196,-0.17007781262280303,0.05740873138348669,0.037370565680063306,-0.09933869262497617
12,5788.41860372093,0.0,0.0,0.0,0.0,0.0,0.0,-0.5069438073466962,0.0,0.058620828476674075,0.45958187190144684,0.0,-0.3896925137128393,-0.2567406846383182,-2.280936573548873,-0.3229193090889211,0.37433204443292845,-0.4171238780555532,-1.028192241715958,-0.5976029695399933,-1.4077927006470754,-0.4205459981760393,0.0,-0.023092203921007935,-0.7607718460463877,3.647020467527007,-2.54069702877364,-0.3981532085340296,0.7040174964268426,0.0,0.0,-0.0023561047460263483,-2.6132112507493225E-4,-0.09767470256455216,-0.16998541788103835,0.06997502221744117,0.050053719061443444,-0.039691144556292864
13,5777.766571424014,0.0,0.0,0.0,0.0,0.0,0.0,-0.27685983046288853,0.0,-0.237731926199048,0.45456928937348423,0.0,-0.5730063728156551,-0.2196914653438704,-2.210515892234397,-0.4572719427565769,0.24779519201372327,-0.3652752944060691,-0.9250757737422877,-0.23610212040229384,-1.5484274676961434,-0.6576013502357473,0.0,-0.23599556221643353,-1.0404302958926062,3.8426288209259196,-2.5539118731180297,-0.6179626897795483,0.6009301779350114,0.0,0.0,-0.002281699333829693,-2.421924579414607E-4,-0.10026969658229203,-0.17185692295783397,0.1093822008980176,0.005733920530887601,-0.07283206042048845
14,5769.034895522836,0.0,0.0,0.0,0.0,0.0,0.0,-0.17308595661250709,0.0,-0.3870773689949015,0.2582893511128971,0.0,-0.5975760497947938,-0.12091013601008899,-2.205576663390203,-0.6456008202367529,0.3012769522082084,-0.340636142103113,-0.9595157637448947,0.07086258592307515,-1.6024862318022564,-1.0018459207410801,0.0,-0.26843283855725,-1.2909596374716745,3.8642320587351366,-2.564711255262374,-0.7246857075991415,0.5610840503925768,0.0,0.0,-0.0024758286976543304,-2.876312644601314E-4,-0.10554571124608646,-0.17039516723156548,0.1511487832979287,0.09943603636316282,-0.06567120670852847
15,5761.835732513075,0.0,0.0,0.0,0.0,0.0,0.0,-0.11317746609541363,0.0,-0.4655733344167726,0.3325829720911297,0.0,-0.5257258518802181,0.020713474126454523,-2.2869683642294163,-0.6503291324461761,0.296301679531779,-0.3476347973711803,-1.0558847020218582,0.24747890259067867,-1.6626731616226893,-1.2315415051848888,0.0,-0.1366533735473898,-1.4757513756091898,3.8420622097516994,-2.4136536467624254,-0.7977082434249683,0.4820927014962707,0.0,0.0,-0.0024554034962509515,-3.0323405652327834E-4,-0.10954219442714752,-0.17163945904227915,0.19388517050290788,0.0729354971034964,-0.07486885709789545
16,5751.145323597667,0.0,0.0,0.0,0.0,0.0,0.0,-0.1396551440575512,0.0,-0.5794234737699581,0.4189568875748889,0.0,-0.5132565201494076,0.09385793132448145,-2.2569372320512464,-0.8184640579353208,0.18036261213381155,-0.5443199905447434,-1.1648890192819124,0.21369703897257833,-1.7906089016969646,-1.1673524832441355,0.0,-0.016522656057054483,-1.6604033209183833,3.589697344003064,-2.285890613652848,-0.882885842533525,0.5782140651883421,0.0,0.0,-0.002658550344947066,-3.3731129916068735E-4,-0.11257366887504933,-0.1709959150806008,0.2885062829310835,0.14061070448839688,-0.11208901727634346
17,5729.2849858007485,0.0,0.0,0.0,0.0,0.0,0.0,-0.06246565078552599,0.0,-0.4920418952830687,0.2718982095850163,0.0,-0.542760436677843,0.21390481296922104,-2.2983646680844587,-0.6625423580382566,0.07385485756873843,-0.5393765611527361,-1.256087636369957,0.007598483108851528,-1.7199822669971419,-0.9729528943798532,0.0,-0.18967450309021816,-1.8963447663369521,3.2085856838608513,-1.9469921252502425,-0.6582487749883248,0.9425091154507322,0.0,0.0,-0.0026208210659736187,-3.771927060596101E-4,-0.11630303899668067,-0.17364400016078818,0.5193186465815889,-0.03206542860987996,-0.13451275275412547
18,5703.660835081538,0.0,0.0,0.0,0.0,0.0,0.0,-0.27431961160714347,0.0,-0.2386299760752802,0.4488814691313068,0.0,-0.7400782717724139,0.0947303553156994,-2.2791653585128175,-0.4253862409635864,0.08472863956406104,-0.44459999910722664,-1.183699322670247,-0.2846797619449395,-1.3472645564065002,-0.8656875658969483,0.0,-0.4777390236057096,-2.0914777061167475,2.736867734707629,-1.7083122006848526,-0.2751426924798149,0.7967672344243104,0.0,0.0,-0.0031546347309897253,-5.344419503806564E-4,-0.12752451003570944,-0.173591002118508,0.8306266610777613,0.1610743210219084,-0.12759722980830435
19,5692.608851624472,0.0,0.0,0.0,0.0,0.0,0.0,-0.3005255428135383,0.0,-0.18064416220081483,0.3447922807193694,0.0,-0.6465917849617954,-0.22570120395306925,-2.119053155930725,-0.2645111535979249,0.30008069440534274,-0.5486607884911647,-1.0150091568048003,-0.4641002297410471,-1.3518749022960974,-0.8317042923758199,0.0,-0.43069082518431884,-2.0828593268380184,2.648498209799841,-1.6086882218676064,-0.1979136579086569,0.5758160558704374,0.0,0.0,-0.003104813940624028,-4.980927639245094E-4,-0.1277500274384749,-0.17689780232467048,0.9589252623949442,0.05301479469768454,-0.16217579014267383
20,5687.91029283103,0.0,0.0,0.0,0.0,0.0,0.0,-0.3246417667727064,0.0,-0.19132386768351067,0.2775354398586569,0.0,-0.5068414489272498,-0.3717635719156201,-2.0903111537558434,-0.23195178100863242,0.26124974255652833,-0.3477882193046174,-0.8558461762271155,-0.5317893284462589,-1.3825027792081668,-0.7967570972934599,0.0,-0.29509606883127354,-1.9954497122068227,2.6405277029968217,-1.6034654615286383,-0.24980405249973192,0.5345240193132591,0.0,0.0,-0.0031731456033891256,-5.096424545891776E-4,-0.1293038414980532,-0.17671639598663796,1.0158420523484617,0.0883103911071065,-0.1564036461061674
21,5686.068811793293,0.0,0.0,0.0,0.0,0.0,0.0,-0.3210374817179131,0.0,-0.1880174673418238,0.2537519733027654,0.0,-0.4899662802546461,-0.29845810135511025,-2.116126505149742,-0.2551973519995861,0.2329853677120438,-0.36494788446009757,-0.6708763558644455,-0.5411116675180521,-1.3981665431913224,-0.8294884665670762,0.0,-0.22024662246652174,-1.8441942776676936,2.657411873354277,-1.6268974212133898,-0.23133535820244747,0.5223122212223029,0.0,0.0,-0.0031815644828494007,-5.306506591202336E-4,-0.12991986998206437,-0.17681672903575807,1.046897372195246,0.08449199209618952,-0.1563100047060373
22,5683.242339732575,0.0,0.0,0.0,0.0,0.0,0.0,-0.24492855515306072,0.0,-0.3183055798608526,0.22266595686049692,0.0,-0.29009275144656754,-0.12218094548281058,-2.1805498722063223,-0.4030672924448167,0.2094477284070621,-0.41521584353618657,-0.7071919574254755,-0.4549757466305288,-1.4162113421252998,-0.9342268273563051,0.0,-0.3408083882871383,-0.8972473629241352,2.7712296008621196,-1.6212847671442376,-0.39032575301971273,0.40566026881345185,0.0,0.0,-0.0032208723614028894,-5.474575940392024E-4,-0.13385084610155817,-0.17777661422914134,1.1849503409344981,0.11052040777210745,-0.17234649347374958
23,5681.764626461596,0.0,0.0,0.0,0.0,0.0,0.0,-0.21570278829036965,0.0,-0.3301194119680821,0.2266255171184724,0.0,-0.3454580178188877,-0.14533641862809626,-2.133865762045202,-0.37781921442345395,0.1692413724643984,-0.4393501884839126,-0.7606285636281651,-0.38879264185425944,-1.4216973250395166,-1.022359514340881,0.0,-0.28506594869167184,-0.6364444343421737,2.810242505759304,-1.6293692012844514,-0.4149049152673352,0.45673854880220616,0.0,0.0,-0.0032588859846347934,-5.489835248252646E-4,-0.1365360962550521,-0.17784907894167773,1.230666020250757,0.13208929394897317,-0.1677160302119598
24,5680.958146286449,0.0,0.0,0.0,0.0,0.0,0.0,-0.19455838792113828,0.0,-0.327347231242527,0.22884878104178039,0.0,-0.43340917914869276,-0.13203083583787262,-2.1456839160131986,-0.3900699615154697,0.2405143409297069,-0.395157704148639,-0.7816166742813123,-0.3474179985545996,-1.4775334107037683,-0.9847433844722278,0.0,-0.24003415294883554,-0.6102572008716947,2.8134137856304813,-1.6112679112229902,-0.4175281354996473,0.45434229173119917,0.0,0.0,-0.003264748670376791,-5.537653964717154E-4,-0.13764975545527564,-0.17790047596608038,1.2720825114509626,0.14415413178738148,-0.17149663953560332
25,5673.418218173835,0.0,0.0,0.0,0.0,0.0,0.0,-0.2912523281087407,0.0,-0.1841211776925422,0.3220132609596232,0.0,-0.40007799227937246,-0.21481727169795428,-2.178074497083023,-0.30217131044583345,0.26394022149555924,-0.3871869983974372,-0.7727963194530931,-0.06187717346578586,-1.7999877756552645,-1.033471318800513,0.0,-0.28710938866250457,-1.128310466403942,2.781326855608951,-1.687161762745474,-0.3664660299363388,0.5991714549050116,0.0,0.0,-0.0032137891446536258,-5.290054711598383E-4,-0.13401210992169413,-0.17794513667683898,1.7235990301773145,0.2012483962715805,-0.22301277712397535
26,5672.345175981596,0.0,0.0,0.0,0.0,0.0,0.0,-0.17077331339214125,0.0,-0.2844024390495691,0.2913957969186483,0.0,-0.5231317125054022,-0.17364242233180296,-2.1447164461821906,-0.4107645761074516,0.23349540106615643,-0.36894561328136843,-0.8341186311469303,-0.40050193688483854,-1.483444440316114,-1.185240266773232,0.0,-0.14897039582428004,-1.5124107467239043,2.9147151624752663,-1.6719007152268286,-0.5453736716348769,0.600172054163413,0.0,0.0,-0.003055714801222927,-4.857429960759095E-4,-0.11984784193034488,-0.17826212365789454,1.9935975461591333,0.1458957139157125,-0.2472307282615026
27,5671.505797630463,0.0,0.0,0.0,0.0,0.0,0.0,-0.18077697447803,0.0,-0.24198987023309515,0.1785171267322372,0.0,-0.552378191841448,-0.14928825070187512,-2.1625362793388976,-0.3796112290839922,0.10373013043786844,-0.3898769545573337,-0.8923337713057514,-0.3828074819503042,-1.5408018035482545,-1.1473434688475896,0.0,-0.13164649326162806,-1.5169271874301309,2.92812390889626,-1.69449296237943,-0.500725607828495,0.4692055139321534,0.0,0.0,-0.0030641804371189106,-4.883985801387162E-4,-0.11969446221803172,-0.17707254830096922,2.0990495207523097,0.16688551609064353,-0.2315831353029633
28,5665.569023112643,0.0,0.0,0.0,0.0,0.0,0.0,-0.3115579468701248,0.0,-0.17499121510479831,0.34053505882189816,0.0,-0.41042500705659973,-0.21557675570216508,-2.2222332087089045,-0.32651355401690924,0.28333570945346453,-0.37439818585299667,-0.7637383742943915,-0.0662473327409826,-1.863967211697957,-1.179976959843848,0.0,-0.3335366089565742,-1.3167269211382175,2.8660527674923646,-1.783266557510116,-0.3829435768344637,0.6276209227071592,0.0,0.0,-0.0031117006747234718,-5.021255857581486E-4,-0.11757698186805948,-0.16484198411210257,3.035960908577543,0.34560832226508476,-0.08166884691712198
29,5661.082399618626,0.0,0.0,0.0,0.0,0.0,0.0,-0.285986709746457,0.0,-0.19258631298952011,0.32040274987774936,0.0,-0.4309050269520094,-0.2059548464753435,-2.2096297501557722,-0.34029256599196833,0.2549536803530084,-0.3730691205205717,-0.79220417327363,-0.04441428064294728,-1.8686101680739846,-1.2237959331643016,0.0,-0.32548548574873265,-1.3509484855143892,2.8611228046391033,-1.7572949118833705,-0.3845469731657439,0.596397098349807,0.0,0.0,-0.0031036112954816487,-4.979240288417488E-4,-0.10933533940448029,-0.1571602997043228,3.84794194791648,0.4915098955997198,-0.020964895088664753
30,5656.713863752856,0.0,0.0,0.0,0.0,0.0,0.0,-0.21727843821890705,0.0,-0.2528342753364193,0.27572682042913577,0.0,-0.47623195325919065,-0.19086897594231564,-2.1731606433936372,-0.38239917307061977,0.2387099061247183,-0.38327862961926784,-0.8276772018567562,-0.19273407507725218,-1.701771326408381,-1.2963621302015416,0.0,-0.26579585419631074,-1.4094727589306792,2.830881684133989,-1.68787427185748,-0.44405617169990025,0.5488674697434647,0.0,0.0,-0.003039493248647691,-4.812685463271845E-4,-0.08322358038829097,-0.1269096293208457,6.77986046775123,0.9129878048566482,0.2249320825847649
31,5654.438277885897,0.0,0.0,0.0,0.0,0.0,0.0,-0.22073238545087034,0.0,-0.2584555942754838,0.26787038124788304,0.0,-0.47257938470318667,-0.1938166258135068,-2.182930335409355,-0.37829190242266536,0.23308724126537117,-0.39238720805641814,-0.8253575967352441,-0.22755093389630704,-1.6623759263407307,-1.2261502673254772,0.0,-0.24360760540194282,-1.341186681152636,2.804449536851096,-1.6602777953619587,-0.4335650963204208,0.5407873469753698,0.0,0.0,-0.0030864419127704223,-4.938757437645849E-4,-0.09878800011768431,-0.14156597770645551,5.893246998133822,0.7436360011689036,0.1076616185298652
32,5652.2501686196365,0.0,0.0,0.0,0.0,0.0,0.0,-0.2372725427766941,0.0,-0.24452803745893092,0.2823083017499633,0.0,-0.46343988679654124,-0.19999033421875007,-2.1937421657042218,-0.37036340246945926,0.2388166721959994,-0.38847848968987375,-0.8147457668116921,-0.15834044795922692,-1.705651956848349,-1.2202424350502927,0.0,-0.25796656847146693,-1.3393091523560308,2.8180657216123746,-1.6846782197802561,-0.42665275273713016,0.5583910068591827,0.0,0.0,-0.003070962271493738,-4.895009569779782E-4,-0.0949301780646564,-0.13484922952499526,6.641297786390215,0.8717016464113444,0.18430087523254407
33,5650.5297298284895,0.0,0.0,0.0,0.0,0.0,0.0,-0.24173226558465666,0.0,-0.24139141982121806,0.28661212263985064,0.0,-0.46118234010355086,-0.2053832280772143,-2.198673004623336,-0.3684071251819393,0.2405094667966746,-0.3884155746728597,-0.8099007705675808,-0.1195918856935847,-1.7113919308518066,-1.2096471853293875,0.0,-0.2597358211233763,-1.3491445130883426,2.8198001842776597,-1.6891487533674348,-0.4258541241576303,0.5652419517716405,0.0,0.0,-0.0030502437408996426,-4.834470105122262E-4,-0.08963529243201955,-0.1261082195574348,7.7841018938175015,1.045571062043872,0.2891856831098636
34,5648.8539509415195,0.0,0.0,0.0,0.0,0.0,0.0,-0.25413105984569584,0.0,-0.2303067375846477,0.2953326590427545,0.0,-0.45073187553005334,-0.21374103208386253,-2.2100631547251854,-0.3648346771926272,0.24228436742378612,-0.38859520693746136,-0.7983363310718751,-0.07778024353150532,-1.7266038886432264,-1.1927948279281968,0.0,-0.26625817256193296,-1.3677128812102337,2.83365791136158,-1.70783706080533,-0.4223473853621147,0.5758783036589721,0.0,0.0,-0.003005398152143042,-4.7090519367470434E-4,-0.08577886561096239,-0.12214603912101372,8.792839334787612,1.1819035709853658,0.36186333640343005
35,5645.724706200537,0.0,0.0,0.0,0.0,0.0,0.0,-0.25725032804260095,0.0,-0.2215333841959494,0.29449217449571213,0.0,-0.4422760751639331,-0.21960092917365048,-2.2120218861189933,-0.3595504611312278,0.245643538445219,-0.3935981262691209,-0.7888715640565034,-0.017769822937134583,-1.7180354749624551,-1.1624139585460262,0.0,-0.2579339695321161,-1.3590460363086596,2.857246798060553,-1.7200690247031176,-0.42253731330936933,0.577353055118952,0.0,0.0,-0.0029899835126560737,-4.66035155931253E-4,-0.08296563785741254,-0.11552975558804929,11.350481594730324,1.473512746454701,0.5139724227798679
36,5644.2623321305555,0.0,0.0,0.0,0.0,0.0,0.0,-0.24581791328428454,0.0,-0.2305966770833323,0.28353000850306526,0.0,-0.4469857578363657,-0.2161072752025145,-2.205098284303926,-0.36772306591808307,0.24216894652848317,-0.3956740852264925,-0.7937464174498193,-0.054814825681415956,-1.6841449900673866,-1.1760785676907788,0.0,-0.2509183822890589,-1.3728914357217976,2.843279888836585,-1.7030079690081157,-0.42686666856257705,0.5655166564070205,0.0,0.0,-0.002963275395182737,-4.6018573900733514E-4,-0.08005361605814422,-0.11426631640218843,12.99248456599607,1.5907409539126864,0.5713815686025328
37,5642.816382022089,0.0,0.0,0.0,0.0,0.0,0.0,-0.2139367628098539,0.0,-0.2549531399676743,0.2565759643154252,0.0,-0.4675476041644305,-0.20304932182760801,-2.178925821390203,-0.3806593704757621,0.23782826853262767,-0.3971984823145788,-0.8135922586797915,-0.10978887210588864,-1.6150569093875102,-1.212755805686846,0.0,-0.23325370656678437,-1.3627448062854386,2.8038866053435365,-1.6536841396954587,-0.43770520031924476,0.5370069150440826,0.0,0.0,-0.0029705452083420678,-4.651096784242375E-4,-0.07195342972525015,-0.10156467621068946,17.82900148599218,2.002990006518797,0.8085938397094599
38,5642.6688220936085,0.0,0.0,0.0,0.0,0.0,0.0,-0.2469424381196267,0.0,-0.23016345147645553,0.2858595379213386,0.0,-0.4532284148631636,-0.2129904262791092,-2.1977563759578755,-0.3657782919084701,0.24123384366233397,-0.3873754186772882,-0.7995938013591423,-0.03828294780027694,-1.7030310521198813,-1.2043463201862454,0.0,-0.26372553883903604,-1.356737015675402,2.8392109864363775,-1.6969056298647351,-0.4215074292975947,0.5659893353819675,0.0,0.0,-0.0029652705303217235,-4.623873317626401E-4,-0.07332966395419374,-0.10632181450494761,17.581436505488565,1.9663522166624294,0.770877025714424
39,5642.108343914375,0.0,0.0,0.0,0.0,0.0,0.0,-0.23726271369969726,0.0,-0.23791998995527636,0.27849237610815414,0.0,-0.4589941003756927,-0.21051778403354748,-2.191485820669119,-0.37036168723045854,0.2402446552476283,-0.3888096044131925,-0.804413409843251,-0.056187364634474886,-1.6793602980912945,-1.2137037885522175,0.0,-0.2572537926018118,-1.35920045388579,2.8278871634385183,-1.68353839373456,-0.42677153802223206,0.559383738539781,0.0,0.0,-0.0029572469003860753,-4.608580718637926E-4,-0.07044915148601452,-0.10179305101549657,19.234721744889573,2.100905798529156,0.8500244472797629
40,5641.964160139987,0.0,0.0,0.0,0.0,0.0,0.0,-0.23732770992251914,0.0,-0.23774681412266055,0.279527989619687,0.0,-0.45979108811620784,-0.21095804207558178,-2.190540727975825,-0.3697090701146125,0.24082355098417768,-0.3881780511021545,-0.8045130593732297,-0.04805725269198742,-1.6833902872847102,-1.2160033885597243,0.0,-0.25828811987998784,-1.3572679900585827,2.829644254145375,-1.684076729862243,-0.4269919702673792,0.560860210205841,0.0,0.0,-0.002956757960794729,-4.606468728029188E-4,-0.06990595797131825,-0.1003345350107178,20.26183331727649,2.170496158259049,0.8881759289881916
41,5641.872435925045,0.0,0.0,0.0,0.0,0.0,0.0,-0.23697587400146358,0.0,-0.23864512066792348,0.2794059550657506,0.0,-0.46019422829999734,-0.21266537491011975,-2.1905588061303454,-0.3708629791790702,0.23994995914617887,-0.3880053981369095,-0.8043665303733165,-0.053935712191231604,-1.6793411444812378,-1.2174612772013955,0.0,-0.2585612421955505,-1.3653388946974532,2.826824432894406,-1.6813441320215117,-0.42652793998987965,0.560633878240729,0.0,0.0,-0.0029412481050988155,-4.564865017225743E-4,-0.06816564467423014,-0.09928163402964953,21.1371492690032,2.2283285440887513,0.9160660198002355
42,5641.811186382974,0.0,0.0,0.0,0.0,0.0,0.0,-0.2374554328474662,0.0,-0.23740162182351243,0.2802148280705429,0.0,-0.4602335179868023,-0.21203385381585726,-2.1896556077224165,-0.369266121026898,0.24139706361054353,-0.3877547826787853,-0.8040960152113674,-0.04195738367697795,-1.6846662419682095,-1.2173494570049967,0.0,-0.25887401060295395,-1.3585736458542998,2.831909292943352,-1.6842425161602843,-0.42704500577869187,0.5620312768985753,0.0,0.0,-0.0029515124988338413,-4.591713509001097E-4,-0.06899668476088323,-0.09871178733466257,21.74841967813499,2.2594370268225106,0.9355492759946745
43,5641.69661752578,0.0,0.0,0.0,0.0,0.0,0.0,-0.2372750475011146,0.0,-0.23771724424680918,0.28021275911269783,0.0,-0.46061125094174926,-0.21376061031210006,-2.1893103592578442,-0.36981194644195764,0.24118875939444018,-0.3874540832037638,-0.8036076997312653,-0.044583543710559476,-1.6808709611779644,-1.218454181580415,0.0,-0.2592227032185147,-1.3656079574480728,2.831378475491777,-1.6824197961978475,-0.42668436388571834,0.5623016525855373,0.0,0.0,-0.0029373367943168398,-4.554168178649108E-4,-0.06716018346801943,-0.09704814791427994,23.234016762949466,2.3480908879360296,0.9818767903433249
44,5641.638706241861,0.0,0.0,0.0,0.0,0.0,0.0,-0.23746743374435478,0.0,-0.23792473080503088,0.28030855964841567,0.0,-0.4605424662502118,-0.21469072176466455,-2.189773336346424,-0.3701576970562739,0.24076411627981892,-0.38752023606604774,-0.8035240607924266,-0.04557832595532525,-1.6799022651554,-1.2180548177468267,0.0,-0.2591909570836993,-1.3678301357025766,2.828433900691309,-1.6810191606069615,-0.4262450503613801,0.5623171508897526,0.0,0.0,-0.0029317420720803996,-4.538057445878746E-4,-0.0665212777481769,-0.09664307693305908,23.969246694916123,2.381111086294633,0.9962426479823597
45,5641.604018771012,0.0,0.0,0.0,0.0,0.0,0.0,-0.2374799827966898,0.0,-0.23788667717005968,0.2801962044405237,0.0,-0.460446735301264,-0.2150722508309323,-2.1899706436673725,-0.37019399882010745,0.24072767229087516,-0.3875252427018032,-0.803362022719533,-0.04550332539991251,-1.6786944348236101,-1.2177285977767558,0.0,-0.2590433252492317,-1.3680756762427644,2.8263456960549775,-1.680114232588592,-0.4260706106761096,0.5622072598763234,0.0,0.0,-0.0029287940168327693,-4.53060830237596E-4,-0.06599183736763513,-0.09606669201884138,24.61089197178793,2.4113471175277374,1.0107187995347475
46,5641.43985150813,0.0,0.0,0.0,0.0,0.0,0.0,-0.23749606080651958,0.0,-0.23808749665484644,0.2798649591435414,0.0,-0.45959723765501304,-0.2172991203252535,-2.19200035141111,-0.37066530172023104,0.24029658581125968,-0.38812183255083316,-0.8023786769969512,-0.05220284537756708,-1.6715831773631107,-1.2138928432857343,0.0,-0.25753285502451095,-1.3707679614200372,2.8143033163790414,-1.6756368103578376,-0.42540688453461467,0.5617623367195574,0.0,0.0,-0.002914095507844439,-4.4918239659100056E-4,-0.06415789495533383,-0.09495847135436519,27.413840962581638,2.4949792850668393,1.0430016051018458
47,5641.335123204739,0.0,0.0,0.0,0.0,0.0,0.0,-0.23743075867646415,0.0,-0.2377631042141576,0.279889445590371,0.0,-0.4595320187844859,-0.21752146769591935,-2.19193151372533,-0.37029556491882687,0.24083053733608065,-0.38810740572188485,-0.8019234892956988,-0.05186880755401191,-1.670395464037596,-1.2133862958928865,0.0,-0.2574775660110789,-1.3702752845335036,2.81441465594775,-1.6756572821361666,-0.42534960657635634,0.5620578362406278,0.0,0.0,-0.0029128235109380563,-4.489863112479588E-4,-0.0636224819276996,-0.09442640851350617,28.648081053955202,2.520400512256825,1.0552783115715645
48,5641.241241616025,0.0,0.0,0.0,0.0,0.0,0.0,-0.23764178167612077,0.0,-0.23767059138924593,0.28008929108613795,0.0,-0.45959245406364396,-0.21791231813751913,-2.1920878959015186,-0.3702174274904105,0.24071201054227928,-0.38802985960126446,-0.8018980537637919,-0.04865898362682081,-1.670891699354702,-1.2130280139745024,0.0,-0.25752834092868165,-1.3694302996696603,2.813975100776087,-1.6750726752571319,-0.4249760377318816,0.5622652456084825,0.0,0.0,-0.0029112301929663147,-4.485377749921171E-4,-0.06286162611021369,-0.09390727228029533,30.226991866681097,2.562531952095989,1.072523713627635
49,5641.163062807295,0.0,0.0,0.0,0.0,0.0,0.0,-0.23755731003855418,0.0,-0.23766084669577822,0.28004152741443855,0.0,-0.4596449820357315,-0.21783185317832368,-2.19209712719517,-0.3702253378793134,0.24087637625764566,-0.38804071258395567,-0.8018669693169468,-0.04793003930995491,-1.670529599390395,-1.2133465905143848,0.0,-0.2574435537357068,-1.3686898142071584,2.8148378845626616,-1.6751576878456025,-0.42518818194589,0.5623683053764734,0.0,0.0,-0.002910856487932118,-4.484866215888002E-4,-0.06242390295830056,-0.09361294848873324,31.360937413212895,2.5840263511097348,1.0817582362328553
50,5641.0949328944325,0.0,0.0,0.0,0.0,0.0,0.0,-0.237568715877215,0.0,-0.23769905916353845,0.2800471889724523,0.0,-0.4596802347099761,-0.21765147575785795,-2.1921515856099187,-0.3702598966317199,0.24086675748693218,-0.38804143154236903,-0.8020030152323921,-0.047846765887165285,-1.6709292701775245,-1.2137042588553144,0.0,-0.25745940502966225,-1.3678277813088928,2.8151876949943566,-1.6752841602075064,-0.4252117718672145,0.562361888466674,0.0,0.0,-0.0029118621224945643,-4.4874935899065754E-4,-0.0622898168323724,-0.09368956647268448,32.00136998395389,2.583917997530599,1.0800752255424566
51,5641.0280663738795,0.0,0.0,0.0,0.0,0.0,0.0,-0.23754450960308487,0.0,-0.2377119814688016,0.28007444995933306,0.0,-0.4597086926159408,-0.21762547343764668,-2.1921787477923087,-0.37025974375551657,0.2409226750438511,-0.3880323318368075,-0.8020230717951726,-0.04807974965275834,-1.670915882738179,-1.2139607220921065,0.0,-0.25742140655857504,-1.3673681861831035,2.8153530844927936,-1.675303489275328,-0.42525055000653267,0.5624006423374674,0.0,0.0,-0.002911842504404954,-4.4875733888350707E-4,-0.06203884482243453,-0.09366010001876561,32.73396401262491,2.5885650634996717,1.0808337235687415
52,5640.966630133424,0.0,0.0,0.0,0.0,0.0,0.0,-0.23758069144270777,0.0,-0.23773354853032452,0.2801318613384478,0.0,-0.45975004456237595,-0.21750817582708393,-2.1922013948526073,-0.37026335039671404,0.24088816640271124,-0.38801136150910914,-0.8021401370375075,-0.04738796579401008,-1.6715087644374442,-1.2141845941844207,0.0,-0.2574162549547296,-1.3664439381554012,2.8154776818232605,-1.675349604910866,-0.42522505112332926,0.562417961678183,0.0,0.0,-0.0029127216064275424,-4.4898184575325686E-4,-0.061896133232711356,-0.09371061816704127,33.35109641333204,2.589715926126057,1.0794839766325328
53,5640.9100527321325,0.0,0.0,0.0,0.0,0.0,0.0,-0.2375605377229558,0.0,-0.2377524107684095,0.28016246509943116,0.0,-0.45979300539746093,-0.21736978399898743,-2.1921755419763223,-0.37026078996164946,0.24091979303206737,-0.3879940971455261,-0.8022064651423811,-0.04726432211883272,-1.6717780022227597,-1.21440556949398,0.0,-0.2573705788495439,-1.3657583443082713,2.8159956043007774,-1.6755358231426833,-0.42531268027042707,0.5624447670753283,0.0,0.0,-0.0029134507585725044,-4.4918395582943315E-4,-0.061776631930962445,-0.09378841061052018,33.88980441946033,2.588382225968971,1.077208873216957
54,5640.857480271949,0.0,0.0,0.0,0.0,0.0,0.0,-0.2375638604228267,0.0,-0.2377749018162428,0.2802048224734168,0.0,-0.4598333170414372,-0.217234167908129,-2.1921525921933434,-0.3702608230679102,0.24092613216807482,-0.3879774332789352,-0.8022892460709026,-0.047068506921966145,-1.672172491100793,-1.2146040003665983,0.0,-0.2573475328936924,-1.3650820716912075,2.816448717566623,-1.6757220805878164,-0.4253580629231502,0.5624694675034533,0.0,0.0,-0.002914311796241842,-4.4941115737043844E-4,-0.06169063399952166,-0.09389804435480957,34.36450690586505,2.585341927112973,1.0740276003555795
55,5640.807490875567,0.0,0.0,0.0,0.0,0.0,0.0,-0.23756471507963497,0.0,-0.23778865975470037,0.2802475429100488,0.0,-0.45986920825751204,-0.21714973195198534,-2.192132435994988,-0.37025522197085503,0.24094246384560616,-0.3879598124629516,-0.8023407336862208,-0.04682874939415875,-1.6724478954638102,-1.214761421572809,0.0,-0.2573140481059607,-1.3645111087922601,2.8168355645656646,-1.6758544676794185,-0.4253983664372874,0.5625039350860015,0.0,0.0,-0.002914825382643165,-4.495495496768197E-4,-0.061555773171370676,-0.09395461117212763,34.888035512108075,2.5855170383020036,1.0723784138447405
56,5640.754146081793,0.0,0.0,0.0,0.0,0.0,0.0,-0.2374668297514587,0.0,-0.23784199732155398,0.2802417044316211,0.0,-0.4598583077125792,-0.21701806844837293,-2.1920791134347337,-0.37029139015291207,0.2410770446312117,-0.3880034502186699,-0.8023140464580524,-0.04856392071053222,-1.6722486258994336,-1.2150534146918621,0.0,-0.2572437132273514,-1.3646874577586576,2.817544124753068,-1.6762488616274525,-0.42561974196476626,0.5625314965779447,0.0,0.0,-0.002915320288764503,-4.4969012885902034E-4,-0.061611062722492005,-0.09422335186552337,35.14861196367618,2.570938178064721,1.0644937544816626
57,5640.225887196427,0.0,0.0,0.0,0.0,0.0,0.0,-0.2377485147943563,0.0,-0.2389719067338771,0.28206458705324816,0.0,-0.45995828600878313,-0.2126879667769549,-2.1905828399607783,-0.3707031876688121,0.24146604380739148,-0.38774583911900345,-0.8046391341065028,-0.07890792481331523,-1.6860317141815246,-1.2229969518482213,0.0,-0.2579899750592795,-1.3584099843846023,2.8254548163718534,-1.6852293697668934,-0.42656584220535093,0.5625042416906197,0.0,0.0,-0.002949229545173786,-4.5818265417195815E-4,-0.063824597255268,-0.10383162826912345,41.81733892269827,2.0406193510681394,0.7655435341285923
58,5639.776106121066,0.0,0.0,0.0,0.0,0.0,0.0,-0.23848187832765386,0.0,-0.23859960803502975,0.28328841253121856,0.0,-0.4598634357894621,-0.21630652034435116,-2.191227735789399,-0.37037813521626994,0.2409161390434266,-0.3872968417845422,-0.8035272717311893,-0.0639830466203911,-1.6857098175668692,-1.2197871534618259,0.0,-0.2575996045869406,-1.36084930257426,2.8150614764557287,-1.6799662438390373,-0.4252259244106144,0.5636690565860213,0.0,0.0,-0.0029304268297068873,-4.5304744189896684E-4,-0.06109770493357394,-0.10127544035764843,45.033502946978366,2.256356865411597,0.8602848456250818
59,5639.644802151835,0.0,0.0,0.0,0.0,0.0,0.0,-0.2379486551153953,0.0,-0.2387187934907009,0.28314494039611565,0.0,-0.45993894887999276,-0.2143611997682955,-2.189988740856603,-0.37025408208270744,0.24159029021690462,-0.3872788785508112,-0.8035530435991977,-0.061685630160506745,-1.6875451974020017,-1.2211285776072653,0.0,-0.25692271432629665,-1.355108994691357,2.8226773731456323,-1.6828140924886184,-0.42673801038108694,0.5635556299835646,0.0,0.0,-0.00293946859594921,-4.5572809458181273E-4,-0.06105458160911624,-0.10266899042164145,48.52358527467214,2.19919033109415,0.8203379880651717
60,5639.582266680974,0.0,0.0,0.0,0.0,0.0,0.0,-0.23784804477048646,0.0,-0.23860966708920178,0.28262372455300727,0.0,-0.4598463481295166,-0.21437417520704147,-2.1903199231528596,-0.3703079186370333,0.24176186944194303,-0.38742327781412206,-0.8033037148149671,-0.06036216553198529,-1.6844999526071849,-1.220479973428621,0.0,-0.2566208623826236,-1.3538452753163381,2.823928226200841,-1.6825714370620826,-0.42693357339589294,0.563390715302114,0.0,0.0,-0.002936450899217505,-4.550994930888662E-4,-0.06012335522519966,-0.1017458194173856,50.22005877757618,2.26393079770166,0.8495973464152972
61,5639.543717139424,0.0,0.0,0.0,0.0,0.0,0.0,-0.23782668356280576,0.0,-0.2387256544411154,0.2826469394055885,0.0,-0.4598313574575439,-0.2139534092853237,-2.1905132820112496,-0.370356348239366,0.24186687165049323,-0.3875123201985762,-0.8035084543624199,-0.06114933772096998,-1.6851244711243536,-1.2210302545085632,0.0,-0.2565238355062829,-1.3518192954594948,2.8242301331825184,-1.682989405629347,-0.42714466862569284,0.5633897193016862,0.0,0.0,-0.0029390473348415136,-4.557912185695856E-4,-0.05987386285501617,-0.10220559871122462,52.199617974622576,2.248594369354458,0.8350368252664959
62,5639.5088352919265,0.0,0.0,0.0,0.0,0.0,0.0,-0.2377732423761412,0.0,-0.2386658481151221,0.28255676509696204,0.0,-0.45981657389225006,-0.2141647186687047,-2.1907599095651524,-0.37032768760633383,0.24197817536841543,-0.3875442111911867,-0.8033681611813148,-0.06181470209568649,-1.6836695530255683,-1.2208413143742143,0.0,-0.25644786202489595,-1.3516000832159205,2.824378104408367,-1.6827468150602698,-0.4271496067554318,0.5634006313436538,0.0,0.0,-0.0029368831596620296,-4.5528340018457E-4,-0.059246017357136985,-0.10183863747166638,53.661547048903145,2.278738546853053,0.8462941337204826
63,5639.486560697568,0.0,0.0,0.0,0.0,0.0,0.0,-0.23773516118164575,0.0,-0.23868721214701133,0.2825665485222234,0.0,-0.4598759077541314,-0.21405935972437687,-2.1908369477863383,-0.3703247391207661,0.24206666158609771,-0.3875590592250499,-0.8034295266109276,-0.06178246608362868,-1.6836398597349889,-1.2211081572128673,0.0,-0.25647736290361856,-1.350876352213431,2.8249316810270066,-1.682896958815085,-0.42722845301193874,0.5634710326306023,0.0,0.0,-0.0029372799987751343,-4.5541070175442985E-4,-0.05898721176585571,-0.1018135738749124,54.87810445350898,2.286326404022665,0.8466260952038069
64,5639.472866278809,0.0,0.0,0.0,0.0,0.0,0.0,-0.23769114267401187,0.0,-0.23866463653069306,0.28249133178630975,0.0,-0.45989328607758123,-0.21415802151772023,-2.1909765084665502,-0.3703344902753544,0.2421232930686653,-0.3875704362532949,-0.803381287922655,-0.06231448394071607,-1.6827342229327027,-1.2210967079380892,0.0,-0.25647294584196156,-1.3508258726270828,2.8251852682275023,-1.682784495361639,-0.4272658978880291,0.5634745171717548,0.0,0.0,-0.002935969384749487,-4.5510182517900143E-4,-0.058633162805301,-0.10154744473900626,55.72496725597728,2.3059892644624247,0.8542319213057687
65,5639.465677159459,0.0,0.0,0.0,0.0,0.0,0.0,-0.23768838826226446,0.0,-0.2387482872230711,0.2826463259966597,0.0,-0.4598918123904791,-0.2141058843429594,-2.1910080108935865,-0.3703804337316348,0.2421881948833185,-0.38757413888194414,-0.803447928585285,-0.06444941493853505,-1.6831317578810632,-1.221569726009538,0.0,-0.2564967265977497,-1.3507296368368258,2.825161973321446,-1.6830917218107722,-0.4273523813908502,0.5635611309739298,0.0,0.0,-0.002936611106123803,-4.5524146810200697E-4,-0.05853472610764329,-0.10201817930589864,56.821460711533355,2.28744150578509,0.8402872998594465
66,5639.448086368444,0.0,0.0,0.0,0.0,0.0,0.0,-0.23764368672885214,0.0,-0.23872695225547794,0.2826539330248254,0.0,-0.4599475842116721,-0.21431831630312265,-2.1911246940056475,-0.3703763081666365,0.24230828454702405,-0.3875524421384725,-0.803372672750025,-0.06571096331756401,-1.6820890656283178,-1.2217575027304943,0.0,-0.2565771135698611,-1.350901634243476,2.8255429901377647,-1.6830164395830205,-0.4273362015516665,0.5636571871445312,0.0,0.0,-0.0029346290451087572,-4.54758020955625E-4,-0.05798382991449775,-0.10178930381255696,58.446067129023994,2.3118929141206626,0.8471204182944159
67,5639.435745039696,0.0,0.0,0.0,0.0,0.0,0.0,-0.23762331679614915,0.0,-0.23873163684060278,0.2826920711265704,0.0,-0.4599748500585938,-0.21447924591972733,-2.1911849631441855,-0.37039340839992685,0.24239528466255994,-0.3875270843205365,-0.8033216692263453,-0.06704570187534623,-1.68147799455796,-1.222030325253674,0.0,-0.256655531510963,-1.3510757304863519,2.825683388148151,-1.6829948057752455,-0.42733441524026333,0.563728513948177,0.0,0.0,-0.002933212386449952,-4.5440380869567356E-4,-0.0575517662090783,-0.10172182934294326,59.86070515072997,2.3260035473358713,0.8489361122683362
68,5639.427734216653,0.0,0.0,0.0,0.0,0.0,0.0,-0.23763906517204317,0.0,-0.23873816844656678,0.2827112235663214,0.0,-0.45998825367505186,-0.21458482477085813,-2.191255823747569,-0.3704125980277057,0.2424023049066477,-0.38751087782190985,-0.8033220408245749,-0.06728821257243003,-1.6812480720990228,-1.2221911898760973,0.0,-0.25671807712585676,-1.3509288391251115,2.825469618067684,-1.6828555210763618,-0.42727924740264017,0.5637468532375837,0.0,0.0,-0.002932348250907765,-4.5418370405655534E-4,-0.05724040893828005,-0.10162256092281455,60.87689378914548,2.339704592843446,0.8514913150375708
69,5639.4207052644015,0.0,0.0,0.0,0.0,0.0,0.0,-0.2376574751041848,0.0,-0.2387279785406683,0.28267988243199077,0.0,-0.4599951363395234,-0.21466435525768285,-2.1913531531963466,-0.37042218783107383,0.2423719085316123,-0.3875077227641829,-0.8033311240123774,-0.06671963501325284,-1.681018237031224,-1.2221984682620473,0.0,-0.2567347024614621,-1.3505626424210089,2.825147234440412,-1.6826126324918,-0.4272175592097914,0.563722803172971,0.0,0.0,-0.002931615818258443,-4.540031397904477E-4,-0.0569737771301581,-0.10140475000740566,61.568443830325535,2.3577909570512596,0.8572222637809136
70,5639.417121522392,0.0,0.0,0.0,0.0,0.0,0.0,-0.23763026242632287,0.0,-0.23872398593586344,0.28266750673082314,0.0,-0.4600132590339128,-0.21469962714470575,-2.191367314424407,-0.37042048964523877,0.24240170516319348,-0.3874981425119446,-0.8033072412072092,-0.06682336393063837,-1.680712861207014,-1.222234170613629,0.0,-0.2567312510429737,-1.3505179401365863,2.82533675866709,-1.6826132138180816,-0.4272625692091084,0.5637358028864445,0.0,0.0,-0.0029311024242116997,-4.538844661380285E-4,-0.05682711981983086,-0.1013412820447321,62.03492339238196,2.366875928652494,0.8589676041887786
71,5639.413377206631,0.0,0.0,0.0,0.0,0.0,0.0,-0.23760979697766413,0.0,-0.23870835982475264,0.2826405973237828,0.0,-0.4600324767511195,-0.21477466066283196,-2.1913648692146888,-0.370413946939595,0.2424363213620593,-0.387488189225276,-0.8032600509309059,-0.06696101643758423,-1.6803181879422135,-1.222247187909402,0.0,-0.2567538204953974,-1.3507149408238435,2.8255528629703774,-1.682595594785056,-0.4272732798176259,0.5637587922718452,0.0,0.0,-0.002930373513764121,-4.5370671014416457E-4,-0.056689501371694165,-0.10121696014569447,62.295387618792304,2.3772722419179337,0.8623872027117635
72,5639.409985034914,0.0,0.0,0.0,0.0,0.0,0.0,-0.23761222088706677,0.0,-0.23869474779949512,0.28262134705315234,0.0,-0.4600627561957807,-0.2148474525747041,-2.1913720449653664,-0.3704084777051991,0.2424362659352078,-0.38747557219080236,-0.803246447849315,-0.066540225261381,-1.680136548433244,-1.2222753001654019,0.0,-0.25680081871459487,-1.3508091558282305,2.8256197133970793,-1.6825031590030604,-0.42723496669551625,0.5637796273174573,0.0,0.0,-0.002929797590644298,-4.5356004371244636E-4,-0.056562401772310894,-0.1010405809273742,62.499971909352425,2.3897671675064123,0.8671776725572435
73,5639.403791431745,0.0,0.0,0.0,0.0,0.0,0.0,-0.23763541356772933,0.0,-0.23870030996493477,0.2826297397823648,0.0,-0.4600891769832422,-0.21503348078799617,-2.1914454018874143,-0.3704427938788982,0.24240313172049388,-0.38744585104974244,-0.8032398820234122,-0.06660109792394293,-1.6797742854895372,-1.2224436004618948,0.0,-0.2568895583570844,-1.351003196931358,2.8253792318299706,-1.6823081400524906,-0.4271670995263413,0.5637838078780406,0.0,0.0,-0.0029283825863807298,-4.53183234916988E-4,-0.05622146445946157,-0.10088113647555684,63.3782654144196,2.4124947299429222,0.8713558531150976
74,5639.4001444511505,0.0,0.0,0.0,0.0,0.0,0.0,-0.2376220262851233,0.0,-0.23869193022764992,0.28261605168643406,0.0,-0.4601102255614971,-0.215120793741341,-2.1914386310957825,-0.37044311874521446,0.24241220446261688,-0.3874223335801794,-0.8032091568794464,-0.06647830445105729,-1.6794594068747395,-1.2225057859454416,0.0,-0.2569233751118429,-1.35112888152495,2.8254686903163884,-1.6822579013956334,-0.4271684548596062,0.5637858924509258,0.0,0.0,-0.0029275859676915913,-4.529845197991072E-4,-0.056050829124717455,-0.10079198258432115,63.760828127471584,2.426889513487,0.8737871414354405
75,5639.397658447086,0.0,0.0,0.0,0.0,0.0,0.0,-0.2375871321810907,0.0,-0.23867524724718545,0.2826004793446443,0.0,-0.460145859670965,-0.21522426783985585,-2.1913854427833974,-0.3704312459895834,0.24246926022971832,-0.38739456644608705,-0.8031379785925332,-0.06663473022892549,-1.6789884240660684,-1.2225852200329008,0.0,-0.2569685722260093,-1.351554830338791,2.8258773835593605,-1.6822974559083708,-0.42719989961549676,0.5638297289869498,0.0,0.0,-0.0029266231266156326,-4.527472978484587E-4,-0.05589024898920019,-0.10068278440438298,64.02334074929185,2.4403456190825765,0.8768749915914754
76,5639.396029027681,0.0,0.0,0.0,0.0,0.0,0.0,-0.23759442528700642,0.0,-0.23867593511874435,0.282607677620263,0.0,-0.4601569789279465,-0.2152664770531009,-2.191361550088712,-0.3704353818296282,0.24247268654707452,-0.387381150945607,-0.8031279363017167,-0.06651996813677724,-1.6789387592919003,-1.2226514017900385,0.0,-0.25701606636517843,-1.3517199330189265,2.8259357367036184,-1.6823062713135346,-0.4271785261687213,0.5638444893987421,0.0,0.0,-0.0029263391336348597,-4.526700932054604E-4,-0.05584173578888959,-0.1006740875502109,64.10000997803277,2.44601420582225,0.8771479680102082
77,5639.394399711801,0.0,0.0,0.0,0.0,0.0,0.0,-0.23759268093471264,0.0,-0.2386752943806437,0.2826065215182665,0.0,-0.4601578236772984,-0.215304628651937,-2.1913479862865968,-0.3704399883523136,0.24247655829729844,-0.38737067264629094,-0.8031106386544439,-0.0665853017589769,-1.6788180598978995,-1.2226870419642466,0.0,-0.25703646350740617,-1.3518749361009508,2.8259578022341114,-1.6823098691219232,-0.4271812353070927,0.5638437088593407,0.0,0.0,-0.0029260280729679075,-4.525890019391225E-4,-0.0557925661738978,-0.10068137258690722,64.15197068811725,2.450313189308949,0.8769401086469774
78,5639.392412311938,0.0,0.0,0.0,0.0,0.0,0.0,-0.23761287693565394,0.0,-0.23867578368492096,0.2826078677886578,0.0,-0.46016261737653374,-0.2153638442344345,-2.19137557585136,-0.3704493967770151,0.2424490944834796,-0.387361527062553,-0.8031182665097487,-0.0662113610594892,-1.6787828036860262,-1.2227308761992781,0.0,-0.25707118398868795,-1.351841238315497,2.82577308394423,-1.6822149928200656,-0.42713361332294686,0.5638348380131722,0.0,0.0,-0.002925646333635172,-4.524846387982648E-4,-0.055676217334624335,-0.10063128858263373,64.39364029639884,2.460185339518744,0.8782042380365733
79,5639.3818891446745,0.0,0.0,0.0,0.0,0.0,0.0,-0.23768759362231867,0.0,-0.2386894567299797,0.28262338536763787,0.0,-0.460159410402161,-0.2155664828120977,-2.191480505147908,-0.37049068176763267,0.24233055270984202,-0.38731753718156775,-0.8031546555862662,-0.06391094971334062,-1.6786641844650274,-1.2229288520566282,0.0,-0.2571827123788924,-1.3513245033557482,2.8250176028573377,-1.6819270829972517,-0.42700012216345185,0.5637512614231748,0.0,0.0,-0.002924262671333367,-4.5211197833960003E-4,-0.05513897845593303,-0.10065106640341184,65.61832565324731,2.510410975850942,0.8773030991658459
80,5639.3780327749955,0.0,0.0,0.0,0.0,0.0,0.0,-0.23757671686688311,0.0,-0.23866043306478965,0.28255620703343187,0.0,-0.46017534567645224,-0.21560835686503424,-2.191380862395023,-0.37046045491908935,0.24247096063667467,-0.38730076429004967,-0.8030065375899605,-0.0643710431192784,-1.6776935602542709,-1.222911700736969,0.0,-0.2571423714446978,-1.3518273616292615,2.8260611691476103,-1.6822388104357406,-0.4272109665416401,0.5637774724254679,0.0,0.0,-0.0029232889868894647,-4.5190198231723016E-4,-0.05499512480022266,-0.10071344689273477,65.73247115582883,2.5260477819593072,0.8759131796006652
81,5639.360469526625,0.0,0.0,0.0,0.0,0.0,0.0,-0.2374926851641974,0.0,-0.23862033251988804,0.28248975309686686,0.0,-0.4602021628806009,-0.21589290209546713,-2.191174078518675,-0.37043516001999377,0.24271739742188783,-0.3872709098031081,-0.802718529864504,-0.06532967584478852,-1.6758843015667262,-1.223093453315945,0.0,-0.25739566964865274,-1.3537988891309247,2.827988604738613,-1.6830303142747312,-0.42734200605269573,0.5639188582312071,0.0,0.0,-0.00292088973421832,-4.512970852505505E-4,-0.05464253510748048,-0.10110946552723037,65.78083460151556,2.569317778129622,0.8656907546585979
82,5639.346902800322,0.0,0.0,0.0,0.0,0.0,0.0,-0.2376504069823648,0.0,-0.23864835866977435,0.28254052529430684,0.0,-0.46019246548480824,-0.21633052315742254,-2.1912654318053826,-0.37051648757526706,0.2425693097090444,-0.3872029789491127,-0.8027247912611558,-0.06279071723248854,-1.6754607466822014,-1.2235268876887806,0.0,-0.2578146441841092,-1.3544089718150247,2.8272953333851136,-1.6829672881856035,-0.4270713304459508,0.5638657444153905,0.0,0.0,-0.0029184276755367705,-4.505903557559949E-4,-0.0538991137323661,-0.10148933619706434,66.94464187176757,2.6474453739741013,0.8549215703223538
83,5639.342782090283,0.0,0.0,0.0,0.0,0.0,0.0,-0.23752147887646272,0.0,-0.23865398657020306,0.28250668958130976,0.0,-0.4602068705345744,-0.21618635607778436,-2.191129640611051,-0.37049307011995564,0.2426147293924346,-0.3871604841479941,-0.8026877820782016,-0.06176112316064495,-1.6752570415744497,-1.2235379379754183,0.0,-0.2576866863503032,-1.3542567520759463,2.828093103268782,-1.6832841677271824,-0.42740237795382957,0.5637830261685781,0.0,0.0,-0.002918749412039728,-4.507129595083357E-4,-0.053955314358128864,-0.10177939514694895,66.74904963783833,2.6579182791806932,0.8473347750698801
84,5639.338848014071,0.0,0.0,0.0,0.0,0.0,0.0,-0.23738274140337487,0.0,-0.2386482509079169,0.2823920018014883,0.0,-0.4600827240203714,-0.21612019267121207,-2.1910972028765237,-0.37051010446277266,0.2426586477927904,-0.38716952384938397,-0.8025381789750309,-0.0631787695200202,-1.674151032970666,-1.2232347358304145,0.0,-0.2574148218858509,-1.3544741139106469,2.828358994436962,-1.683580362753625,-0.4277549202982329,0.5635676329028975,0.0,0.0,-0.0029182402888317275,-4.5063063548659335E-4,-0.054003649561724626,-0.10226885272001816,66.11936445144512,2.6576373628789627,0.8341896372654691
85,5639.337676155625,0.0,0.0,0.0,0.0,0.0,0.0,-0.23749172144610067,0.0,-0.23866436721414513,0.2825096795560334,0.0,-0.46010749762309866,-0.21605087513059737,-2.191069479476382,-0.3704863676878677,0.24258972747785368,-0.38718223745632613,-0.8026684410359168,-0.06185250777284606,-1.6753293071344681,-1.2232998478892563,0.0,-0.2575398718841319,-1.354017287567397,2.827909921880494,-1.6835792798565132,-0.4275187847223155,0.5636377859208436,0.0,0.0,-0.002919760845593894,-4.509812827381259E-4,-0.054200313689022075,-0.10242340652304867,65.88253601181836,2.644173456563839,0.830147268990155
86,5639.337501896923,0.0,0.0,0.0,0.0,0.0,0.0,-0.2375419035450052,0.0,-0.23867409626580596,0.28253211441388604,0.0,-0.4600811183934985,-0.21607475006142318,-2.1911109478865036,-0.3705099909204697,0.24255971099390558,-0.38719216205539403,-0.8026922301602166,-0.06184168286030536,-1.6754828379930446,-1.223348003716784,0.0,-0.257612262685079,-1.3540054317082686,2.8276168817957092,-1.6835622580003315,-0.4274539541103708,0.5636262181680062,0.0,0.0,-0.002919832121839701,-4.509799351052378E-4,-0.05415299913057486,-0.10252608718908404,65.98421974567081,2.6433068652369935,0.8273863996431456
87,5639.33744420845,0.0,0.0,0.0,0.0,0.0,0.0,-0.23752094367958676,0.0,-0.2386813778321296,0.2825250299692034,0.0,-0.4600932842101503,-0.21597707655610984,-2.19108360315832,-0.37050629505418947,0.24257180099623818,-0.3871941900752778,-0.8027152171819731,-0.06167365713234631,-1.6756891506990226,-1.2233708518428255,0.0,-0.2575929359556141,-1.353861619022814,2.8278232078241294,-1.6836173704631763,-0.4275169403636027,0.5636259103638589,0.0,0.0,-0.0029204010903253162,-4.5113410573285623E-4,-0.05425298062118648,-0.10251829917237519,65.8841718772342,2.6352182110034748,0.8277676893372029
88,5639.337420383872,0.0,0.0,0.0,0.0,0.0,0.0,-0.23752050463539773,0.0,-0.23867963548965637,0.2825072081266391,0.0,-0.46008483300206704,-0.21598610800378,-2.191091580377985,-0.37050848194311115,0.2425727479845696,-0.3871997577040487,-0.802703752496581,-0.061759418635250786,-1.675573002443318,-1.2233476163773,0.0,-0.25759171925726293,-1.3539087086864732,2.8278239967835335,-1.6836256392146283,-0.42750936470258455,0.5636148936371448,0.0,0.0,-0.002920298941458118,-4.511096840420945E-4,-0.05424501148629021,-0.1025277592055516,65.84137458064322,2.6368755443264784,0.8274969922398827
89,5639.337415693989,0.0,0.0,0.0,0.0,0.0,0.0,-0.23752517375464677,0.0,-0.23867955225597975,0.2825080011713617,0.0,-0.46008191242330854,-0.21599365378383123,-2.191097290725923,-0.3705087959385521,0.2425700524194884,-0.38720101552296554,-0.8027037039045518,-0.06176401107559675,-1.6755646187498119,-1.2233446725481736,0.0,-0.25759727112842945,-1.3539187443325642,2.8277880913207354,-1.6836235093758145,-0.4274985619006958,0.5636130775367622,0.0,0.0,-0.0029202798342353167,-4.5110305221277334E-4,-0.05423848287810133,-0.10254107054265298,65.83877927143344,2.6374085659276227,0.8271258911852134
90,5639.337415535636,0.0,0.0,0.0,0.0,0.0,0.0,-0.23752649976757043,0.0,-0.23867964404129854,0.2825093273336411,0.0,-0.4600824942254492,-0.2159942291085905,-2.1910981380600068,-0.37050854832460073,0.24256898076584174,-0.38720088150615345,-0.8027052878507118,-0.06174380976224053,-1.6755748142070095,-1.2233461363864873,0.0,-0.25759952080538556,-1.353915771762317,2.8277813949683073,-1.6836217497449275,-0.42749590755948225,0.5636137765920627,0.0,0.0,-0.002920287899233084,-4.5110453748763136E-4,-0.054238173604044086,-0.10254145397174995,65.83990919147048,2.6374884415653894,0.8271160521467601
91,5639.337415518889,0.0,0.0,0.0,0.0,0.0,0.0,-0.23752662450558026,0.0,-0.23867965473694194,0.2825094581806699,0.0,-0.460082557241306,-0.21599426751722736,-2.1910982347700414,-0.37050852324864014,0.24256887042399022,-0.3872008674448516,-0.8027054571552726,-0.06174153992922677,-1.6755758586208171,-1.2233462955641843,0.0,-0.25759974439952943,-1.3539154025928402,2.827780775921326,-1.6836215827895793,-0.4274956681342902,0.5636138379538964,0.0,0.0,-0.0029202887973579384,-4.5110471130643603E-4,-0.05423813072034145,-0.10254150235857684,65.84004797027119,2.637498441620351,0.8271148499975433
92,5639.337415514903,0.0,0.0,0.0,0.0,0.0,0.0,-0.2375267041868951,0.0,-0.23867966175204922,0.28250954218994473,0.0,-0.4600825981936679,-0.21599429056387703,-2.1910982982934923,-0.37050850708244326,0.24256879909960555,-0.38720085844434016,-0.8027055671491566,-0.061740056531685475,-1.6755765329573322,-1.2233463989764193,0.0,-0.2575998882133762,-1.3539151580317748,2.827780381478433,-1.6836214760414216,-0.4274955160061684,0.5636138767161712,0.0,0.0,-0.002920289383899277,-4.511048255051242E-4,-0.054238101990579796,-0.10254153435739315,65.8401397852277,2.6375050635011106,0.8271140578328285
93,5639.337415418826,0.0,0.0,0.0,0.0,0.0,0.0,-0.23753054917262956,0.0,-0.2386801439090539,0.2825143613017205,0.0,-0.4600850802081102,-0.21599371947173968,-2.191101585507308,-0.3705074464416878,0.24256541717340735,-0.38720048292916287,-0.802711990036653,-0.06166743176431899,-1.675617955574679,-1.223352274590931,0.0,-0.2576067343361953,-1.3538992146523625,2.8277610676898632,-1.6836156051987126,-0.4274883098993367,0.5636164358191035,0.0,0.0,-0.0029203327535801656,-4.511141528596388E-4,-0.05423881710957347,-0.10254178269536583,65.844226468867,2.637548282688071,0.8271131030859071
94,5639.337415390336,0.0,0.0,0.0,0.0,0.0,0.0,-0.23752792410520843,0.0,-0.23868011628196675,0.28251186014642904,0.0,-0.46008425756494625,-0.2159913469006453,-2.1911014518284837,-0.3705079136176119,0.24256696342965994,-0.38720091412307683,-0.8027101522424845,-0.06168526517564361,-1.6756021041141635,-1.2233503674820507,0.0,-0.257602874098248,-1.3538983478519553,2.8277750863302558,-1.6836193262734123,-0.4274940805664224,0.5636145975145314,0.0,0.0,-0.002920326589030958,-4.5111366896813176E-4,-0.054238463010309906,-0.10254214134316553,65.84424111777452,2.6375489699099677,0.8271058962789248
95,5639.3374153838195,0.0,0.0,0.0,0.0,0.0,0.0,-0.23752721978056732,0.0,-0.2386801057393338,0.2825107390845839,0.0,-0.46008381192917924,-0.21599016776695326,-2.191102521308484,-0.3705080589472865,0.2425674771467574,-0.38720157674645495,-0.8027098602760824,-0.061690117963681346,-1.6755962939765316,-1.2233488657107927,0.0,-0.25760143968947324,-1.3538947969867574,2.827778928954965,-1.6836206678266161,-0.42749525234712604,0.5636139410426967,0.0,0.0,-0.0029203283117656786,-4.511144970546751E-4,-0.05423824716884294,-0.10254249212101477,65.84495185676325,2.637558475701359,0.8270979320939845
96,5639.33741538162,0.0,0.0,0.0,0.0,0.0,0.0,-0.23752728843686968,0.0,-0.23868004189348715,0.2825107434333593,0.0,-0.46008377476815476,-0.21599016432882107,-2.1911030317490305,-0.37050796062373575,0.2425675199960357,-0.3872017408588258,-0.8027099687366254,-0.061690579444233694,-1.6755958832938291,-1.2233483095582505,0.0,-0.2576014528620099,-1.3538938282139215,2.8277786073288524,-1.6836207086223167,-0.4274950509611481,0.5636139921017551,0.0,0.0,-0.002920329487094923,-4.51114783778597E-4,-0.054238168731951246,-0.10254264569262023,65.8452947652641,2.637563490729374,0.8270940109479274
97,5639.337415380143,0.0,0.0,0.0,0.0,0.0,0.0,-0.2375273304186203,0.0,-0.2386800170925453,0.28251079248638294,0.0,-0.4600837761339984,-0.21599021894580553,-2.191103251884496,-0.3705079151193806,0.24256752031622386,-0.3872018010082115,-0.8027100214719494,-0.06169092203288063,-1.6755957925139644,-1.2233480831405874,0.0,-0.2576015221793062,-1.3538935443103435,2.827778382252276,-1.6836207170349584,-0.4274949260740213,0.5636140447857362,0.0,0.0,-0.0029203298495717083,-4.5111485697843875E-4,-0.054238111499625125,-0.10254274797625992,65.845499757822,2.6375668704814057,0.8270913365879362
98,5639.337415380102,0.0,0.0,0.0,0.0,0.0,0.0,-0.2375273312257555,0.0,-0.2386800168457343,0.282510793892615,0.0,-0.4600837763886278,-0.21599022055481848,-2.1911032548681018,-0.370507914560803,0.24256752004350227,-0.38720180163789847,-0.8027100224251907,-0.0616909286300748,-1.675595792509617,-1.223348080878834,0.0,-0.2576015241651425,-1.3538935423953213,2.8277783774505587,-1.6836207171027122,-0.42749492377003634,0.5636140458913893,0.0,0.0,-0.002920329851868577,-4.5111485707567E-4,-0.05423811006928518,-0.10254275033846923,65.84550434849716,2.6375669566910642,0.8270912739539288
99,5639.3374153800805,0.0,0.0,0.0,0.0,0.0,0.0,-0.23752733164432122,0.0,-0.2386800167197707,0.28251079462389983,0.0,-0.46008377652158333,-0.215990221393653,-2.1911032564010506,-0.37050791427402563,0.24256751990066838,-0.3872018019589665,-0.8027100229170954,-0.06169093204125285,-1.6755957925173626,-1.2233480797276448,0.0,-0.25760152519842006,-1.3538935414337598,2.827778374956626,-1.6836207171369395,-0.427494922576628,0.563614046463789,0.0,0.0,-0.002920329853009472,-4.5111485711285434E-4,-0.05423810932386339,-0.1025427515669004,65.84550673629438,2.6375670016954715,0.8270912413739261
std.err,,,,,,,,0.08615789245121823,,0.10066105338484813,0.12510252709159259,,0.12334549637860166,0.12512989180426118,0.09281726595851399,0.10396082321262665,0.14255977333784275,0.09617831850799637,0.14733384987727888,0.20972438070829597,0.16420547520649878,0.17318197666207064,,0.15572154626689053,0.42934186911856836,0.15338171810740228,0.10999086010784853,0.12035950319772053,0.1444353455266257,,,1.982379335192371E-4,5.4973552558386345E-5,0.009818565412305908,0.010616795294720243,27.549899003633104,0.806165600558152,0.26482097221093953
t.test,,,,,,,,-2.756884191181985,,-2.37112576010155,2.2582341155831513,,-3.7300411448293462,-1.7261280920111661,-23.60663432362246,-3.563918626502616,1.7015144891246707,-4.0258741051578495,-5.448238972820634,-0.2941524100960789,-10.204262619198262,-7.063945702125571,,-1.6542445883302357,-3.153416050974205,18.436215279428115,-15.306914733516141,-3.5518169419024677,3.9021892072802253,,,-14.73143813177452,-8.206034285918378,-5.524036052750141,-9.658540898673552,2.3900453038906275,3.2717434232735076,3.1232089908465324
p.val,,,,,,,,0.005835501503933971,,0.017733995849516404,0.023931067378717863,,1.9144850440611094E-4,0.0843243709633803,0.0,3.653592610886047E-4,0.08884641942250937,5.676405468624246E-5,5.0870979428907503E-8,0.7686414439235443,0.0,1.6184831252985532E-12,,0.09807782662249087,0.00161371634979246,0.0,0.0,3.8258092544696254E-4,9.532659529143395E-5,,,0.0,2.220446049250313E-16,3.3129943455278976E-8,0.0,0.01684629460848064,0.001068865298393451,0.0017889067280483228
