Iteration,LL,asc_carD,b_carD_age_gr_under16,b_carD_age_gr_45_64,b_carD_age_gr_65up,b_carD_female,b_carD_shopping_trip,b_carD_hhcars_0,b_carD_hhcars_2,b_carD_hhcars_3,asc_carP,b_carP_age_gr_under16,b_carP_age_gr_45_64,b_carP_age_gr_65up,b_carP_female,b_carP_shopping_trip,b_carP_hhcars_0,b_carP_hhcars_2,b_carP_hhcars_3,asc_pt,b_pt_age_gr_under16,b_pt_age_gr_45_64,b_pt_age_gr_65up,b_pt_female,b_pt_shopping_trip,b_pt_hhcars_0,b_pt_hhcars_2,b_pt_hhcars_3,asc_bike,b_bike_age_gr_under16,b_bike_age_gr_45_64,b_bike_age_gr_65up,b_bike_female,b_bike_shopping_trip,b_bike_hhcars_0,b_bike_hhcars_2,b_bike_hhcars_3,asc_walk,b_walk_age_gr_under16,b_walk_age_gr_45_64,b_walk_age_gr_65up,b_walk_female,b_walk_shopping_trip,b_walk_hhcars_0,b_walk_hhcars_2,b_walk_hhcars_3,b_car_time,b_pt_time,b_bike_cost,b_walk_cost,g_bike_grad,g_bike_grad_f,g_bike_vgvi,g_bike_stressLink,g_bike_stressLink_f,g_walk_grad,g_walk_vgvi,g_walk_speed,g_walk_speed_c
0,25778.038176090424,0.0,0.0,0.0,0.0,0.0,0.0,0.0,0.0,0.0,0.0,0.0,0.0,0.0,0.0,0.0,0.0,0.0,0.0,0.0,0.0,0.0,0.0,0.0,0.0,0.0,0.0,0.0,0.0,0.0,0.0,0.0,0.0,0.0,0.0,0.0,0.0,0.0,0.0,0.0,0.0,0.0,0.0,0.0,0.0,0.0,0.0,0.0,-0.1,-0.1,0.0,0.0,0.0,0.0,0.0,0.0,0.0,0.0,0.0
1,23259.449843960556,0.0,0.0,0.0,0.0,0.0,0.0,0.0,0.0,0.0,-1.3492633061966557E-7,0.0,-1.1888591489622766E-7,-7.037233606144453E-8,5.242130015436641E-9,-1.4363467341047688E-7,-1.7296319728862842E-8,-3.585887680280582E-8,-1.4861800053281901E-8,-6.698528418452982E-7,-1.0826854628189411E-7,-2.142216792648056E-7,-1.4084422434460705E-7,-3.620776747526414E-7,-4.326517484711154E-7,-7.158646289528627E-8,-2.1955337711765092E-7,-7.787849553389436E-8,-2.2897839284072509E-7,-2.7828147255456045E-8,-7.186323352871583E-8,-5.933358736723545E-8,-1.2904510116441259E-7,-1.7566748790262798E-7,-3.228516939977469E-8,-6.992387723527388E-8,-2.2132910668875434E-8,2.5196157268737356E-7,1.8757158999879405E-8,8.078566047859752E-8,6.709905110377362E-8,1.3623025378175944E-7,1.790239455539195E-7,5.6617669673674587E-8,5.911954562520129E-8,1.616562433508182E-8,2.920766464696844E-4,-0.0016449581503558278,-0.10000153619624741,-0.09999675427876419,1.7538102756591685E-9,1.0079380737458868E-9,1.0673518053089342E-7,1.2446113556328337E-7,7.335681749330841E-8,-3.0008107688360543E-9,-2.2612496320047909E-7,-2.0672341098329328E-7,-1.271087328742525E-8
2,23232.670326242293,0.0,0.0,0.0,0.0,0.0,0.0,0.0,0.0,0.0,-1.8620364931915253E-4,0.0,-8.55231781840721E-5,-5.316156964282999E-5,-6.797607673073784E-5,-1.3816153380708738E-4,-2.5690495409713256E-5,-5.477094612650066E-5,-1.981361271595044E-5,-2.9538811403298098E-5,-7.038658897694247E-6,-1.1848227792577563E-5,-6.210277369977808E-6,-1.3916655788466215E-5,-2.0846606548989135E-5,4.893663487001089E-6,-1.4688827427411029E-5,-4.908355171173408E-6,-1.2078749890489058E-4,-1.6472285742753014E-5,-3.732631133165124E-5,-3.0468090221134566E-5,-6.758815062438648E-5,-9.233837753921537E-5,-1.7018901797357436E-5,-3.6786668303886674E-5,-1.1567657024323305E-5,1.0130156754137121E-4,7.096821175865677E-6,3.261415645813696E-5,2.7058210672231295E-5,5.4778769687811055E-5,7.165335218291394E-5,2.314181587835433E-5,2.34797255227058E-5,6.4200220916358525E-6,0.0012261581632162287,-0.0014805499339586537,-0.10085241845450706,-0.09870667191127033,9.633733340164202E-7,5.482587227064644E-7,5.923875155838404E-5,6.917390338828257E-5,4.004313613405858E-5,-1.1867245261050455E-6,-9.005821368789412E-5,-8.238137721923588E-5,-4.4855055632752015E-6
3,22889.049682906345,0.0,0.0,0.0,0.0,0.0,0.0,0.0,0.0,0.0,-0.001757478100885702,0.0,-8.034386007500385E-4,-4.999130870295231E-4,-6.452166848635034E-4,-0.0013030522495968966,-2.4247469296366988E-4,-5.17188089268754E-4,-1.8687923246184902E-4,-2.745172786300002E-4,-6.545697651206502E-5,-1.101744827777933E-4,-5.7962601285562083E-5,-1.2918962068397848E-4,-1.945946982644327E-4,4.574121574855562E-5,-1.3660630607307295E-4,-4.552614082558445E-5,-0.0010949947817517963,-1.4907481254161092E-4,-3.3825226408432254E-4,-2.769935388942939E-4,-6.131124845430281E-4,-8.379217238308264E-4,-1.5448021572709447E-4,-3.3342931970376086E-4,-1.0457400999197813E-4,9.480790130125528E-4,6.651756515415274E-5,3.052264625394289E-4,2.5321412757894527E-4,5.126716232459082E-4,6.708493899006383E-4,2.1634132090441857E-4,2.1992200688942759E-4,6.016090049344982E-5,9.864920815996232E-4,-0.0015239189630875162,-0.10757310858523993,-0.0878783225187035,8.59152423609548E-6,4.894621006495931E-6,5.273560822504369E-4,6.151537270428992E-4,3.570229560673974E-4,-1.1095126369749188E-5,-8.415148052978538E-4,-7.69753061869549E-4,-4.2124654304933075E-5
4,21329.710724511286,0.0,0.0,0.0,0.0,0.0,0.0,0.0,0.0,0.0,-0.07273858721145185,0.0,-0.034031428062782636,-0.02078761035827189,-0.025244389405030945,-0.05339703479757399,-0.009942315498731005,-0.021336182927495284,-0.007847533759165574,-0.010502838699719179,-0.0027429117752318863,-0.00442175202465663,-0.0020588672561374158,-0.004833500847811278,-0.007180390408988686,0.0024112857763826604,-0.005687146995296019,-0.0019488611473053765,-0.031066229596297526,-0.003920466965529544,-0.009625536207889876,-0.008209861483479425,-0.017582768293934934,-0.023942589773618867,-0.004436370340224484,-0.009495144813541322,-0.002875941210366762,0.014401238206442672,-5.293133620422772E-4,0.004918175474743703,0.004165359392310615,0.007688371408542323,0.0077652978023733344,0.005657875935584829,0.001575685601329886,1.597716452974016E-4,-0.006278136000634127,-0.0028732951954661924,-0.25523520983625714,-0.12827284887314228,4.2999005819385056E-4,2.4788320726268326E-4,0.026400651034142242,0.030333375481905546,0.01815286077978416,6.746056569728847E-4,0.046117016904822436,0.04249379895206955,0.005017080978148812
5,21064.49239412576,0.0,0.0,0.0,0.0,0.0,0.0,0.0,0.0,0.0,-0.5302760349638709,0.0,-0.25339325247584205,-0.15681633544141194,-0.13776431449973692,-0.38399634900786495,-0.07162711628545433,-0.14606521498752592,-0.05442203353913269,-0.06427656329421853,-0.02534285607821583,-0.030056365095401515,-0.006918198862257452,-0.029923385655985717,-0.03950557832737985,0.028987398324136465,-0.04590798607227266,-0.017125708065024624,-0.21275326989036392,-0.027511339919643607,-0.06485796257346821,-0.05825882183625802,-0.11597701989445036,-0.16406701714180322,-0.031970880295483076,-0.06426176884315701,-0.01736615021284363,0.10503052846936645,-0.009760126198093522,0.03627968029205181,0.031503024265027754,0.05466043440038173,0.047661934698034696,0.04904982193766673,0.0052377085387133706,-9.642937511192716E-4,-0.019357146760242902,-0.005398935278367668,-0.43796074827658327,-0.15807991356201637,0.009461580041338423,0.00535158789073821,0.6123938138906962,0.6662576446080372,0.3855252781048744,0.0039524034061721265,0.24758248272068667,0.24721846124086322,0.04251299862188368
6,20138.66017311361,0.0,0.0,0.0,0.0,0.0,0.0,0.0,0.0,0.0,-0.6595428696405856,0.0,-0.3127664506157818,-0.19346523945970182,-0.17693665580839824,-0.4778558582360597,-0.08917818501115973,-0.18265274881893181,-0.06772644581572634,-0.07910833961459185,-0.030462229029549006,-0.03690244447116838,-0.009303097926210301,-0.03654392252034103,-0.04868181690684719,0.03467585514458976,-0.055506455204146536,-0.02065083687895953,-0.2440245787703416,-0.03132128171976293,-0.07431405082070035,-0.06740594507242657,-0.13358129535402768,-0.18855590028786595,-0.03665339644459199,-0.07383807823652602,-0.019905854344712644,0.13246542083782062,-0.011414720494598865,0.04564794408416466,0.03956179413038375,0.06897934099192606,0.06186250805568508,0.06016289404103858,0.007873756911769688,-7.111158204175864E-4,-0.01790209354871291,-0.005171253581963464,-0.4071646343024788,-0.13672141018629302,0.010251925441835183,0.005809421939290804,0.660736486098673,0.7206501919245097,0.41854961160650495,0.005027698358296058,0.31863018292123035,0.3140982010849294,0.05236377147818259
7,19839.41597000893,0.0,0.0,0.0,0.0,0.0,0.0,0.0,0.0,0.0,-0.654853425953583,0.0,-0.3394498155183431,-0.20431134640485268,-0.08851975968431815,-0.4720334915476599,-0.08778584563778823,-0.16895812295924365,-0.06296920076493862,-0.1315708280578634,-0.050281995541035254,-0.05642723731403569,-0.018658078286226953,-0.06193439388214638,-0.08579648165409026,0.04457572723922702,-0.08318949984550353,-0.03041890768052839,-0.3120683742986816,-0.041802154610851704,-0.09385465429074746,-0.08672536687014401,-0.17124533560113347,-0.24063327634190024,-0.04624306755953619,-0.09503601806480054,-0.025804262697172984,0.19844937177927446,-0.021720345096999275,0.06836914527267912,0.06039428404384709,0.09875221825708284,0.09429637024522933,0.08488808905594812,0.013900674310616003,8.419761192190576E-4,-0.017633689633042952,-0.005072962746962751,-0.3879245021498683,-0.12442059969243524,0.010480461755068919,0.0059648374354608034,0.6671387459995425,0.7340844342573566,0.429925562888039,0.006299402823746773,0.3866033939816109,0.36248756161903867,0.07775382453007862
8,18903.513955136954,0.0,0.0,0.0,0.0,0.0,0.0,0.0,0.0,0.0,-0.7453508341390003,0.0,-0.5022945119452923,-0.28447486241189857,0.2661243209773217,-0.5232898925087628,-0.0950948900828735,-0.1380013011593979,-0.050443168171381655,-0.37679045520463117,-0.14496897790293323,-0.1487193040289556,-0.06198751110962836,-0.17444697341697604,-0.2543954574312973,0.0966018500454501,-0.21428123017557732,-0.07790829337223801,-0.6563825507364203,-0.0960657915868052,-0.1920776018238995,-0.18372993387442016,-0.3605233436830425,-0.5042573507565231,-0.09406127932528754,-0.201897699958492,-0.05604657087330539,0.5608643182121341,-0.06393570163123316,0.1852806481210889,0.1700623093542956,0.2608602664848073,0.2756058951318753,0.20985486885375543,0.05338311214874113,0.011990936497837022,-0.016116720492173636,-0.004614445985120948,-0.2952516084805354,-0.15590468366243332,0.010956421585024627,0.006322419366007484,0.6601055438136623,0.7508670313538057,0.45437484532430583,0.008543902622583692,0.42051341724703123,0.30510781260763964,0.17276881521213694
9,18538.508804633668,0.0,0.0,0.0,0.0,0.0,0.0,0.0,0.0,0.0,-0.8671686489158982,0.0,-0.590110565209876,-0.3539496363668022,0.4558367585953826,-0.48761471751556623,-0.07597988999290659,-0.1128299626130917,-0.009059612511731777,-0.4637846795849377,-0.26898846709071295,-0.19799965270897074,-0.051464281970961596,-0.09927639588681408,-0.21757105660542164,0.24652513419924776,-0.31522603278196326,-0.1390656613747669,-1.0089346372768122,-0.18674104959533944,-0.27157861035429776,-0.2699550329118867,-0.5088667172628067,-0.7452526963203564,-0.1255475047915263,-0.3092025620055285,-0.09843393989847207,0.5118337475051777,-0.1131887987437464,0.08375777263987537,0.10757119114272144,0.11996973028872171,-0.04896464916759791,0.27008877530518166,-0.06717684140439587,-0.007780541404350517,-0.015872837583878214,-0.004555914984339768,-0.2351800806653286,-0.14225809651969332,0.011853916852785985,0.0056705561535450415,0.6927332781392288,0.6977326595755335,0.37707138820498165,0.012406466636806758,0.47163595834893035,0.21019815871167724,0.1930397966666097
10,18379.13986782134,0.0,0.0,0.0,0.0,0.0,0.0,0.0,0.0,0.0,-0.9004470658762975,0.0,-0.5590631760662643,-0.35384559586577735,0.41120970262999235,-0.4364441718786076,-0.027159237730455303,-0.09159467557240908,0.04894325271528482,-0.5003900315207209,-0.3851905578483932,-0.23186593954017348,-0.03915544990052349,0.022165282784280427,-0.12920927243873587,0.40133123001363796,-0.377840096496553,-0.19848760996375167,-1.1418533288241945,-0.27829017727688643,-0.26776631300404896,-0.2854315227191251,-0.49218964428940715,-0.7764243293726886,-0.11618639813595473,-0.3390115759044252,-0.12594145018004188,0.6555824021230401,-0.18084173975922116,0.06116659965144881,0.09325325792132312,0.16919705140867336,-0.1646329340452906,0.3472234176393953,-0.10462507808907526,-0.024732400199630508,-0.0157977714794529,-0.004563894677955785,-0.21978687269345767,-0.14150610970645944,0.014330526613135504,0.0044804023437584,0.8701026755064472,0.6226201188867648,0.2124108735321261,0.01780184707751929,0.5772404627264729,0.12220765206481164,0.22358637392687794
11,18028.462349121688,0.0,0.0,0.0,0.0,0.0,0.0,0.0,0.0,0.0,-1.0241236906230695,0.0,-0.5514855188108152,-0.1259972540492232,0.6840013020188489,-0.7130223755623604,0.22227384974002334,-0.13021108052434532,0.13498320266215066,-1.0207816704427506,-0.8828953694142445,-0.44317384898742856,-0.16407721740577333,0.16038405789333413,-0.15113437894036183,0.8887428532845896,-0.5807982435895296,-0.46236919693973655,-1.2843512120025755,-0.6115532722281583,-0.1264122148926356,-0.22467889012550105,-0.3584077354178426,-0.5025466210831133,0.029121221634074365,-0.32259012835930756,-0.2174291760578697,0.959894806932602,-0.5569724585909164,-0.10684307189843875,-0.11725855003749051,0.034368312695403525,-0.5467049673145972,0.4695304368151778,-0.2090152557607366,-0.1310890820085665,-0.014775763643953636,-0.004153330265657712,-0.222930738349951,-0.12740761200441883,0.02667266202846578,0.0020975347645702065,1.6891313451888919,0.2631605950837162,-0.4188561447143353,0.05075936079869739,1.1986185978259103,-0.5487866223871962,0.2768484536417595
12,17835.33118474981,0.0,0.0,0.0,0.0,0.0,0.0,0.0,0.0,0.0,-1.0741551142855685,0.0,-0.4582139783648062,-0.09199983383054697,0.6662016052671138,-0.7018510199446706,0.22524564006146552,-0.09534057813400287,0.05934315323783128,-1.157982409358026,-1.092625116685205,-0.46004632972487786,-0.24601997746612075,0.2176347994447715,-0.08296920134282472,1.035235732850362,-0.46741833628878804,-0.566253201447118,-1.4403674816570669,-0.7529603972737611,-0.12411396611877973,-0.20762649231516084,-0.6447863706558552,-0.44879148168643407,0.1421381598190804,-0.3408117383044201,-0.2844375719588156,1.0173534817104946,-0.8143463880164964,-0.20953323016982173,-0.2471013772498386,-0.05680404661898511,-0.46567289788731275,0.37365760975483003,-0.1710428777079949,-0.21101085552475088,-0.014327700361739424,-0.0040507879092884815,-0.19313647255152258,-0.11883106849275354,0.034317817165954334,0.006201159193005745,2.125648921245367,-0.07969341565383342,-0.4998662512107308,0.0844113870265566,1.7370577835197119,-1.077509327736444,0.18921131906743718
13,17744.300414415025,0.0,0.0,0.0,0.0,0.0,0.0,0.0,0.0,0.0,-1.246518653676227,0.0,-0.6960879248771352,-0.24926543611665522,0.85153953522241,-0.44816407450844004,0.11705861390466456,-0.12701292509495685,0.14631636162750739,-1.2554637732364138,-1.334502993769021,-0.4711540179251573,-0.2830427586199169,0.24936607313530745,0.06844770686839662,1.1477527345247724,-0.3382890259535223,-0.6663195612753888,-1.3351634894419668,-0.8664486636272016,-0.0402024659005283,-0.1498235283406591,-0.8986693101488981,-0.20030724124852278,0.3001819537693595,-0.2428019005209862,-0.3319130480326854,1.0754183636461725,-1.1188454904269538,-0.23251312640965652,-0.2974197844886351,0.04838776916872957,-0.532778507814332,0.44120422596139175,-0.31685047515648956,-0.3074601576055688,-0.014262511785634306,-0.004045568368646715,-0.21265950997046024,-0.11563320000242772,0.05763833898204282,0.02767550371313359,2.53558471971525,-0.6080315134231267,-0.21110825374023517,0.1622625262165815,1.9524420554067248,-1.3048741649234443,0.11835573852795014
14,17707.352376694747,0.0,0.0,0.0,0.0,0.0,0.0,0.0,0.0,0.0,-1.2499862387106941,0.0,-0.6332180162414054,-0.26390181379366656,0.8646823328231886,-0.5119735650170592,0.13577842954547426,-0.08734315586634075,0.1850272345800107,-1.3549863006629588,-1.4666170637816907,-0.50486951832412,-0.31286184003740164,0.22629581060255727,0.1195434973098484,1.165035338465347,-0.2880990291016976,-0.7135200583510184,-1.3593139020721337,-0.9336352828910305,-0.0355249629594638,-0.16675136848151575,-1.012814039526308,-0.16348057112729367,0.375216382756549,-0.21689489923504093,-0.36257896783647864,1.0914320678328902,-1.2482527077684682,-0.27789385896471236,-0.3199938066118635,0.03959966606073714,-0.5247726306071978,0.44588796900467753,-0.34532903364879375,-0.36027843675198434,-0.014045831054109047,-0.003968344131524032,-0.20730203923205867,-0.11500052666214276,0.08069625818407603,0.04510515759287226,2.789560078852473,-0.9387415332482261,-0.05839137114573861,0.2414908820165032,1.849217772683475,-1.1882192370183593,0.03365673479194928
15,17649.11923977686,0.0,0.0,0.0,0.0,0.0,0.0,0.0,0.0,0.0,-1.3206766871859008,0.0,-0.7712539941997892,-0.14066097755499984,0.7946677454317349,-0.36016281811546985,0.19842675929148526,-0.036600471417190916,0.06788668864350793,-1.4988296193135096,-1.6857513240707032,-0.5545742406546252,-0.3605686161566299,0.1801122721843074,0.23009727499707505,1.162388357816132,-0.21966054694874604,-0.7683150479651829,-1.3579448969342245,-1.020264597408841,-0.07119326035859459,-0.27445322151824364,-0.920536082828719,-0.2166631167773202,0.48714477373490134,-0.16217982466194458,-0.3830161702918048,1.1553396004693122,-1.5306786282885974,-0.20843645123000934,-0.32210644785870957,-0.11012618665426377,-0.4912587125865147,0.3853811444296012,-0.24728381278152123,-0.3951296329199017,-0.013703602523935644,-0.0038551829316485504,-0.20177139039529687,-0.11426759535676433,0.18996506890606712,0.09756646190658935,2.8174199736892365,-0.9928894102588531,-0.005968743644490106,0.4268580550757787,1.755593137887489,-1.0657388296844932,-0.16760598372776706
16,17564.6801103164,0.0,0.0,0.0,0.0,0.0,0.0,0.0,0.0,0.0,-1.5751785599329917,0.0,-0.39218248522470567,-0.557631772856119,1.0095394389071362,-0.2972458766139132,0.13903296001792861,0.050271369123414206,-0.023006753414491626,-1.890534191793929,-2.5501001153216594,-0.715457275999054,-0.4999525992951731,0.06966258241034584,0.9068066249976328,1.1973665645590879,0.11233117756448341,-0.9750005455412747,-1.1911971925591056,-1.341172001385633,-0.2836734538327569,-0.7245688137095598,-0.36894012512982266,-0.40381922634240897,0.935029911133274,0.13565536118938076,-0.4368907108700322,1.3328673481248279,-2.902449648508931,-0.12653445829495213,-0.1578909626014174,-0.40136276678417193,-0.3591393421909048,0.272222232967561,-0.020066464962154695,-0.5291810094517353,-0.013066889880599203,-0.003681408052779353,-0.2146343394247172,-0.11056457606254382,0.7587574580853375,0.36135721516117764,2.4876339508929632,-0.7628439326997614,0.14836713814885408,1.3189815751989373,1.6096306156432323,-0.8038700624064572,-0.8863341644306596
17,17518.469843302573,0.0,0.0,0.0,0.0,0.0,0.0,0.0,0.0,0.0,-1.6062201920038468,0.0,-0.2575847214029975,-0.5613416996822027,0.9809126066993114,-0.3408187954509533,0.05207342769399628,0.024631197386545976,-0.05204965930586039,-2.130419422220994,-3.0435045826341347,-0.770170263797817,-0.6273707480565424,-0.004827309883254374,1.2665306888459082,1.175375207789384,0.3565367408711741,-1.0788644094099231,-1.1255636461368457,-1.562713713016273,-0.4676538314335114,-1.0044242699987875,-0.1338349675812858,-0.5533221615501092,1.188072484789842,0.31650379516235183,-0.47140980700345003,1.287498416164069,-3.8602818294124654,-0.13117467074979688,-0.20349172282771377,-0.35258060146537723,-0.3075615339005161,0.18854514336905207,0.026174351219857832,-0.5814907595544648,-0.012564406063776684,-0.0035522827892393734,-0.20995840152070874,-0.10320360599182556,1.166568946797668,0.5497573651704155,2.2341876460931736,-0.6067214808917473,0.2755611175580639,1.9602637430102896,1.4899702191084643,-0.6831092187257104,-0.5953935128902861
18,17324.338089545807,0.0,0.0,0.0,0.0,0.0,0.0,0.0,0.0,0.0,-1.5071080502840926,0.0,-0.2285639891510466,-0.18709889077808822,0.876117658783386,-0.5088666727581448,-0.10675331355173678,-0.08351453461627825,0.09085485615233496,-2.3836593667213335,-3.4540436785441244,-0.7757702499100754,-0.7781800520408892,-0.06333467911117052,1.4678696053939357,1.1201803769882577,0.49677592510004964,-1.1240803145542726,-1.1102170442386348,-1.8721012338983058,-0.7101645657186411,-1.2700713342175334,0.019615789195361888,-0.7264722165639346,1.317877404573444,0.48797226145274025,-0.48467104423962487,1.2033503900652183,-4.560007694404989,-0.31069830750790317,-0.4749098780408901,0.25013758654255375,-0.36705919103465684,0.2970149569926157,-0.14036881641580384,-0.5779247981396372,-0.011567328506382904,-0.0032826972493563934,-0.18142419601441176,-0.09442982442956678,1.697284447923085,0.793794967312078,1.86433375997315,-0.37264979993229774,0.4735376947153288,2.7771621562602573,1.512252384813986,-0.6433816651585612,-0.9177882246289839
19,16858.915429048466,0.0,0.0,0.0,0.0,0.0,0.0,0.0,0.0,0.0,-1.7338484610812963,0.0,-0.27877007054641545,-0.20624422244894514,0.9696925156534897,-0.385369093198037,-0.07632880248435059,0.15096376064619477,0.12411522464101343,-2.4041807969554334,-3.4995954283097714,-0.4937442763798849,-0.822048033569954,0.6108864106906964,1.0171518421096004,1.3762445100001708,-0.1803997322989208,-0.8116056781397688,-0.8957432159144707,-2.828776893892102,-0.9484819890573564,-1.0861351321075903,-0.020993342978315482,-0.32177705359376374,0.7340053138663115,0.41800578363275587,-0.25949836579525204,1.6294566088242743,-4.046851703958163,-1.2433031082965225,-0.6861976546930143,0.06801017400624071,0.028533717940398384,0.5731134696240574,-0.08123350653911324,-0.17770579058524977,-0.009282323975540782,-0.002830778936994369,-0.16330034954680545,-0.08276377292271973,3.13938506610498,1.4523730643476858,1.5035805607774442,-0.17145157391564855,0.7748643352716404,5.001371904994147,1.5739383939940326,-0.5201222189901978,-0.8928349772317842
20,16677.156351053916,0.0,0.0,0.0,0.0,0.0,0.0,0.0,0.0,0.0,-1.770456746193203,0.0,-0.20841102634069636,-0.35175458991268843,1.0871991185170427,-0.3816419174911352,0.060047743462146225,0.001219508778618289,0.18740071069249242,-2.3029917416046906,-3.4308022543330794,-0.5399888522366978,-0.7042975837885534,0.6898642946141479,0.8865390744485966,1.4953984733913774,-0.3109721899407385,-0.7230851555704637,-0.8686887282458156,-3.053638598687581,-1.0336179760584583,-0.9642903406680192,-0.10705129189833772,-0.1885261147316438,0.566266673526551,0.22252462172962825,-0.18315835835821134,1.6787502839592345,-3.5982140914686958,-0.6799733857138194,-0.9852407440875969,0.1131805777364141,-0.11445713597689958,0.4168571569176135,0.09154457427342261,-0.047672683521746195,-0.008490649219388316,-0.0026965917504354975,-0.14841201724588027,-0.07905661155733822,3.656934403857978,1.6858782038038653,1.5181626048214933,-0.17927327979117996,0.7627499684731818,5.791528629177601,1.6134943019875525,-0.4965887030162835,-0.8883792194008772
21,16590.73958274132,0.0,0.0,0.0,0.0,0.0,0.0,0.0,0.0,0.0,-1.731855128804619,0.0,-0.3326513271397092,-0.47945360225932815,1.0392381200010135,-0.4462752911169162,0.01015844668206143,0.36315339855612816,0.050962835748068036,-2.1620595737699917,-3.2437137296787286,-0.8266509560868864,-0.46602962324954544,0.22439812449835467,0.7162488088055536,1.5638804687987649,-0.15642183990333655,-0.7390814696314679,-0.8604919158478609,-2.8867155885136433,-0.851883441234744,-0.9170756728732136,-0.1467391469284032,-0.18299002984564633,0.5115450789394701,-0.213045487082875,-0.11338556925921318,1.40006218250316,-2.825128068124039,-0.08137077669397152,-0.05611460400776458,0.3057900993598551,-0.4318890483175767,0.31108294243692797,-0.2777845106401816,-0.2404168677035888,-0.007275711778642351,-0.002393021533523351,-0.12694723911254058,-0.06856578642432336,4.230834503445002,1.9338709982852462,1.8233923921124906,-0.2297131511416694,0.32890819500937346,6.628939104197722,1.749025199552995,-0.6045126449126321,-0.857571147231442
22,16546.399412836457,0.0,0.0,0.0,0.0,0.0,0.0,0.0,0.0,0.0,-1.7333160114336104,0.0,-0.38862333207294697,-0.39260305593751493,1.1645922240474949,-0.42479539989344733,-0.009075915342543778,0.12583109384858157,0.10924572739262522,-2.0418274267223215,-3.218293650475639,-0.882221265803328,-0.3754011154393866,0.11759835559006797,0.8049637539502084,1.6422410475182534,-0.05705021062078186,-0.802467372201436,-0.8796956613883795,-2.6935368917748796,-0.7271810123794719,-0.9047067493998842,-0.1785513381649231,-0.2736543150587765,0.5213280224139363,-0.30069047961443673,-0.1280786856918892,1.3056749375500938,-2.5821435512555473,-0.09243137635436263,0.1564776803912965,0.31114861343971884,-0.35419353734018777,0.3507365504347963,-0.23879142598488012,-0.3837131280448014,-0.007241763797603935,-0.0024383607640157154,-0.12168396858441183,-0.06894667770034692,4.363289658912433,1.9873527389997852,1.9423082179730493,-0.24269559164791887,0.13024246479629073,6.799275227150077,1.7401387192500926,-0.5807026508535805,-0.8478702913698452
23,16513.01584328076,0.0,0.0,0.0,0.0,0.0,0.0,0.0,0.0,0.0,-1.874366972754383,0.0,-0.38396737678005527,-0.4368555960681119,1.2504573538571806,-0.29455375245963034,-0.17809504147845806,0.24658166430821454,0.0679797656327782,-2.0395533703137385,-3.2531994825742148,-0.9718562180846632,-0.2858179638546499,-0.06046143617629833,0.8309037891995885,1.7768159599780975,-0.012957135972287169,-1.0332253695195979,-0.8496073115362833,-2.0725284546461245,-0.4407593303147359,-0.7782814580437936,-0.2745546196496912,-0.43999685204645794,0.5767839792788909,-0.3147966126526693,-0.2283820605261541,1.120269605333804,-2.287793202173982,-0.07955416683908546,-0.11559204182999083,0.3592189715718735,-0.1207183998651149,0.6396612300490498,-0.2872882362633675,-0.5184581456951419,-0.006930808815987989,-0.002345857155166337,-0.12327211922136115,-0.07019245303060098,4.540263076826354,2.049790695309397,2.09273322681604,-0.17432646471184765,-0.2695436731123566,6.954780286179287,1.6446429985656241,-0.4944516413322667,-0.8221893056363644
24,16474.6545607886,0.0,0.0,0.0,0.0,0.0,0.0,0.0,0.0,0.0,-1.8277195560443713,0.0,-0.44956269738986954,-0.6733517339890617,1.123258271377939,-0.1820917656198473,0.053083530398715106,0.1920352002332635,0.11765066348272096,-2.2039404056796084,-3.2909522597032073,-0.9815376890310114,-0.340813095512774,-0.07368221238627734,0.7000784725924794,1.8275269416687716,-0.13632648202429518,-1.3243668281839787,-0.8446308696917033,-1.3053935708305588,-0.19041608584788827,-0.5871212906706714,-0.5649296070221664,-0.4914221932263824,0.6246074408823556,-0.2536187383260162,-0.38086852076576205,1.0293702547768504,-2.2320521498174126,-0.19177394287589733,-0.09843424296778427,0.5027815211000481,-0.17435744694099384,0.6671614140696605,-0.15919570323979362,-0.4691201392231313,-0.0062705368305902495,-0.002094220428450671,-0.1169325987152238,-0.06917200620736391,4.701515723431232,2.1025925088064232,2.1219159074625216,-0.06472999663070082,-0.5149675486753121,7.024984286999923,1.5694327530378533,-0.4402116325530544,-0.8534867364702982
25,16437.919887355052,0.0,0.0,0.0,0.0,0.0,0.0,0.0,0.0,0.0,-1.7034091773973254,0.0,-0.6016085978111567,-0.6825427918395657,1.138932991052968,-0.32750791711410693,0.16170245767550262,0.2838900656297954,0.15418617822485975,-2.1723890066581117,-3.294990065341759,-0.923488616416568,-0.3608913492434495,0.09227981430238058,0.7840224404858828,1.8819638088672657,-0.2075433888258151,-1.5508961875492486,-0.8734141315424603,-0.7697784462237438,-0.05640613224024513,-0.4242142688312257,-0.7980122283741116,-0.4667589837862017,0.6413187623019135,-0.18949956035985188,-0.48898446561103337,1.0778420019499928,-2.25549308814959,-0.13816914739798097,-0.050821338737446355,0.48427128432495364,-0.18964031297530562,0.682390876064159,-0.1679569063783727,-0.3533301239297908,-0.006317950354140077,-0.0021422572016700807,-0.11875856911789859,-0.07167552734320229,4.815191566842238,2.1386600611577093,2.0931714402244257,0.010280026448940605,-0.6201097662751819,7.047048597425149,1.5321303595259441,-0.4065706230614031,-0.8916815716311455
26,16409.435294158015,0.0,0.0,0.0,0.0,0.0,0.0,0.0,0.0,0.0,-1.6853123666334828,0.0,-0.49158535260110325,-0.5585540752685195,1.061076232308269,-0.3138504696658326,0.0159420951177196,0.16900127470511592,0.2467495763845609,-2.258705135494003,-3.2335433460079765,-0.8770050519891972,-0.4322570334852508,0.18402622227146692,0.7540432389871109,1.6569228982477746,-0.22556577066031952,-1.8193356562838294,-1.0277081828091816,-0.474616647451031,0.028406140312977543,-0.22035607754127445,-0.9149835785086574,-0.3555116789488564,0.647286605837329,-0.1498474284577292,-0.5514352630480308,1.3104428614209649,-2.260211062109145,-0.022522605864451636,0.040575805825096393,0.2796951103108618,-0.33101127737830904,0.8063588532591246,-0.29631446023352387,-0.2679499435026439,-0.006057788414293319,-0.002050910737753578,-0.1138669883867181,-0.07369342177755248,4.931781454973998,2.173564213267934,2.0229419141303797,0.06849304341928591,-0.6073884265954683,7.019337061159466,1.514513904045272,-0.3994623665973922,-0.8928387016888236
27,16356.960697687895,0.0,0.0,0.0,0.0,0.0,0.0,0.0,0.0,0.0,-1.72911213486411,0.0,-0.4050770399672226,-0.4178265207333475,1.1511392914289884,-0.33653211583968906,-0.18565638324726197,0.22372138469987649,0.0623334871718112,-2.2656760114819705,-3.039985477831864,-0.8047880318924632,-0.38088285091048024,0.19103985384555686,0.89036922646922,1.3292654898572454,-0.3361848342005475,-2.387384485845537,-1.4373862380058455,-0.5586023590495574,0.28553336488319275,0.15267753114913468,-0.7368311668609154,-0.12042773829524744,0.6266956426740735,-0.21780248913716774,-0.4927387611878777,1.6422468573482893,-2.21903106714714,-0.15217868268348694,0.049470200061082735,0.402040413073143,-0.6297434874476009,0.5367939204115497,-0.1715116320900745,-0.3407300335835601,-0.006008043755448867,-0.0020327443754886076,-0.11439718016194862,-0.08078105344895022,5.1469005185484935,2.234140674100411,1.8567627904419242,0.0967258735345988,-0.4316267211730437,6.896005349061228,1.4507276990517097,-0.37140601149131214,-0.8494477274447013
28,16275.86628198167,0.0,0.0,0.0,0.0,0.0,0.0,0.0,0.0,0.0,-1.5757491703172124,0.0,-0.4955911688527193,-0.5264335566961074,1.059079003484755,-0.3603696506733104,0.0012834834031869302,0.12125493908997052,0.08185073497494696,-2.2523785681474564,-2.725739400325033,-0.7739304197971077,-0.22490625161205172,0.15154360571922315,0.9263919851087884,1.10647320934402,-0.6114892657377464,-2.9671687726365485,-1.8880755288753837,-0.8620790063219667,0.4497688220899353,0.40049506055316186,-0.24611698608536126,-0.05066037506364174,0.4073692460481957,-0.24198518239775446,-0.3197969579387846,1.6891778373607982,-2.3370530911058225,-0.11906568077486564,-0.00891882896334157,0.35935806548827465,-0.49346303659584745,0.4248068172253573,-0.4516659507888675,-0.5181337017543567,-0.005779419585179424,-0.0019474338022709512,-0.10501777253647702,-0.08431082531293296,5.37609117198015,2.29827771123602,1.7196490894468939,0.01641852645546857,-0.13553172678387482,6.737788729028501,1.4676224915074967,-0.4508581926357919,-0.8428473924949929
29,16211.612322154142,0.0,0.0,0.0,0.0,0.0,0.0,0.0,0.0,0.0,-1.658502573285618,0.0,-0.40016161383478704,-0.37054530872384106,1.012793695209243,-0.3539439759662179,0.033758060296819624,0.1908514806909566,0.21271622032608659,-2.2300335567298126,-2.4289971186392805,-0.7888451754570133,-0.17493208127220436,0.20230969249583863,0.821904295865715,1.2873991836771999,-0.9564986351904006,-3.299863118402094,-1.9506151083400107,-0.9006002591623722,0.2717375624603091,0.2014384134391518,0.17753791723998757,-0.07996426422948737,0.2807380589004079,-0.2536994455189321,-0.14460086866777616,1.5717657964609946,-2.4149296344518465,-0.01664624197286571,0.09286894947481969,0.3517894872222906,-0.50719419339819,0.514922965015343,-0.2941901841545797,-0.6200083031785215,-0.0056202319291640546,-0.0018828659515277661,-0.10879239533872967,-0.08588722764067741,5.5304220692661525,2.343331886869718,1.6417835769441658,-0.17309268974273795,0.2897898209470441,6.62196051101234,1.5552951311204612,-0.5973416998526236,-0.7958328749677955
30,16184.37573645599,0.0,0.0,0.0,0.0,0.0,0.0,0.0,0.0,0.0,-1.7160409111162964,0.0,-0.3347668118329513,-0.35707568319521044,1.1075680081778083,-0.3438804687746779,0.28708369311277954,0.1370611121502451,-0.006609692384726917,-2.191631271260921,-2.2710450952779238,-0.7473657766188053,-0.21787090856738692,0.34789735445548764,0.7280286138877315,1.291379950985955,-0.8663914545170318,-3.4084324130923487,-1.8368212656090794,-0.9759532305974598,-0.03734003537677649,-0.16622040920562337,0.49770330633072757,-0.21065763344934652,0.4244053478195306,-0.2490483319304388,-0.09909687015445781,1.5860397165081104,-2.27462012420108,-0.04527591302940645,0.10328998203677137,0.42045988610375057,-0.5581411120623918,0.682471041138838,-0.35496495020027075,-0.3629497997775618,-0.005653213092487055,-0.0019169757250901943,-0.1133183425643976,-0.08870747418207803,5.648057597255062,2.375332419828548,1.6798141582841473,-0.3373835495732527,0.48857878611706984,6.542646657230208,1.6136964914725742,-0.6847825995109845,-0.7322563836411881
31,16163.324819770702,0.0,0.0,0.0,0.0,0.0,0.0,0.0,0.0,0.0,-1.5703566849145152,0.0,-0.49426592623393256,-0.48380772020450513,1.0646475409662781,-0.38946634369712846,0.21336542416170978,0.16519217515212944,0.14916632221660747,-2.2287452173496383,-2.2331393673270545,-0.7570234747468777,-0.26265773706496753,0.4246335845435078,0.6120886618186221,1.3326713369242178,-0.7116113450969064,-3.398494699935071,-1.6920026881684962,-1.1666650035262622,-0.26759687725153236,-0.45910901889887934,0.6713580067138605,-0.3299257174593724,0.6581292312343018,-0.2808283879313434,-0.1299879443333393,1.6292220873392136,-2.0947790194154687,-0.11456619156274979,0.05508114029176447,0.37212608231221556,-0.5927675878396423,0.7177686194835315,-0.2617779792382882,-0.17029352916824614,-0.0055076272613282596,-0.0018700406116554935,-0.11135875979129749,-0.0898722573267683,5.74506039386197,2.3996537918288854,1.719986946794215,-0.39789105359131205,0.5148511845304655,6.4901884982655895,1.6336703807177388,-0.7232978122042192,-0.7005308208142276
32,16136.022191290707,0.0,0.0,0.0,0.0,0.0,0.0,0.0,0.0,0.0,-1.5331857640331195,0.0,-0.4655102223468088,-0.44381360090413025,0.985071177616974,-0.395408461741619,0.3105318890086245,0.15090065744484352,0.2026976968128381,-2.29066418396788,-2.3848919066508816,-0.988899690558165,-0.19249251395643419,0.3436361699388082,0.6003184788912866,1.6710077302483084,-0.6349123602309638,-3.119873290928301,-1.2512486186614145,-1.5891124863757,-0.4480293842713085,-0.6815943165245262,0.2843768313087927,-0.41654602848798233,0.7107140926577562,-0.14709626211101207,-0.18983401899131166,1.77339382837317,-1.9337676885848707,-0.14913753822644382,0.03824541744367941,0.30578403337673743,-0.6374268214955536,0.6959635206402485,-0.3753678105544139,-0.2225707634160479,-0.005393076254783788,-0.0018043354991621418,-0.1135540742974409,-0.09212039124167413,5.920724524415953,2.4429424217993545,1.5854157733676357,-0.2653890360419071,0.48390340205397664,6.447035770926268,1.5811182060184963,-0.6891061955314534,-0.6646154758915487
33,16097.978162353567,0.0,0.0,0.0,0.0,0.0,0.0,0.0,0.0,0.0,-1.5255174064107437,0.0,-0.5259250733024683,-0.44008193937583073,1.0523798061254936,-0.4169574458455822,0.38477057781589136,0.18112372004893545,0.2200302204166732,-2.3031389257755066,-2.5395991373077496,-0.9516882051613049,-0.32126953742111825,0.4735313963437412,0.5532343598988337,1.5644509922892436,-0.6346530967928514,-2.343454747672599,-0.7083560697236909,-2.0804859835386944,-0.6448649059156485,-0.7646072679141805,-0.17549875558072148,-0.5903149055037747,0.4292576448875991,-0.28880910477682764,-0.23807298291486945,1.7203223487276809,-2.1629676851348854,-0.07353410549502261,0.05095157941720923,0.32872293465976443,-0.7585506070909339,0.9664565826844392,-0.23435347211233518,-0.4896703931831359,-0.005390793952888454,-0.0018085244175685676,-0.11165799837554936,-0.09292703035996148,6.219186116776966,2.515816310693325,1.6733999520334015,-0.17914526994292884,0.10928334560193331,6.4261057252546605,1.4591571364661142,-0.5951570764537716,-0.7020135880263664
34,16060.550672631865,0.0,0.0,0.0,0.0,0.0,0.0,0.0,0.0,0.0,-1.6223473096477024,0.0,-0.4949182220737525,-0.35078898326352925,1.1438793726087422,-0.3336859272317909,0.2594902867019159,0.11217691070671439,0.3073496660900208,-2.3228513688040913,-2.67636368799898,-0.8827299114456574,-0.3580775837910925,0.49704434982091444,0.5200722800031936,1.5796401399852007,-0.8783435795711938,-1.6452160229623631,-0.4757214286676834,-2.162466727967791,-0.6667906014572461,-0.8283415036778916,-0.28510337737420854,-0.7297821723027864,0.2794646702141278,-0.488799409752552,-0.33764557398910866,1.7184686876094055,-2.391339871452817,-0.07307823350862205,0.04341310886738443,0.37117338475336686,-0.7292101817142308,0.7052095875938393,-0.39616838718398695,-0.327209098549754,-0.005302333941917523,-0.0017721557518496104,-0.11089838674415806,-0.09325783261278572,6.463873238831695,2.578494243425711,1.807862476623403,-0.20574620750822628,-0.1238404903140142,6.441351222085858,1.36791835226092,-0.5186257664621372,-0.7467483201794447
35,16011.1964215002,0.0,0.0,0.0,0.0,0.0,0.0,0.0,0.0,0.0,-1.4893258888796956,0.0,-0.5253001477578044,-0.34503045312405517,1.0921983931094061,-0.3782677933167648,0.24367814274202074,0.03642905380120852,0.2488032281237978,-2.3514380447841012,-2.9266149981157814,-0.9412963478982259,-0.1418031243532725,0.33033639651244173,0.6476115597759706,1.5342999521038145,-1.13131768369484,-0.9045377765297158,-0.5708249130181107,-1.960334515762348,-0.5262776717325759,-0.8859763848065192,-0.20508865742985838,-0.7020039616966696,0.20930839933037482,-0.6303783178908217,-0.4638392083705483,1.85470815589832,-2.467503082455552,-0.1575514714764123,-0.06919669656037855,0.3115175917668814,-0.8453064911483621,0.8001693879818594,-0.3564660847654429,-0.2524036899433991,-0.005230241429108736,-0.0017195765970754121,-0.11039862210841722,-0.09216890532250595,6.74838934617084,2.658864253647741,1.807967860902243,-0.29118443687527595,-0.02050920580157123,6.496265471272575,1.406875611006945,-0.5757363351895755,-0.7193212725776407
36,15954.52504011556,0.0,0.0,0.0,0.0,0.0,0.0,0.0,0.0,0.0,-1.5660081424033507,0.0,-0.5292858453331822,-0.265686554071991,1.112089906564745,-0.36626910642179317,0.46283318217829633,0.13693325922896113,0.4541846737357586,-2.5358744044563233,-3.294460540681129,-0.9131799108029429,-0.3819999100938988,0.4868897398941694,0.725109132671844,1.569194667103461,-1.104941659590359,-0.24906489529978315,-1.0838012085654194,-1.6106792522825757,-0.5205709876524821,-0.6185753486041614,0.1121113294376766,-0.5723549505662265,0.2922082496123888,-0.45610005159421485,-0.6103341538738534,1.861134997522333,-2.2011283226053004,-0.16790355913333144,-0.14872214036060274,0.3305753082106206,-0.8406484997682077,0.7045114234222837,-0.3937260651783846,-0.5690528680146782,-0.005176065535129176,-0.0016600434940051605,-0.10871510758670817,-0.09075021115245725,7.178163473499039,2.7824527365677656,1.683979079264606,-0.3356774938214512,0.1954385751009644,6.606680532958143,1.4355663302474293,-0.6264834221473427,-0.6295691366201371
37,15918.412359182006,0.0,0.0,0.0,0.0,0.0,0.0,0.0,0.0,0.0,-1.4468505219036678,0.0,-0.53444761940187,-0.2774851002382546,1.0951838151791775,-0.3629892664118052,0.31625162562715836,0.014584335775413293,0.26148966928780515,-2.71692937642408,-3.4496986855041674,-0.9605283217800406,-0.47108486235022706,0.7521237113291623,0.6246510091314127,1.8292994813958505,-1.0689842481492435,-0.2749929402763965,-1.4743219777617,-1.5416476469202929,-0.4220029099366422,-0.4041353650651607,0.2272181311845334,-0.4254639724746956,0.30256793850466507,-0.3151927892399743,-0.57288869599855,1.646386052152496,-2.1235041367414724,-0.09547313664820434,-0.08780596766167895,0.38101894376795475,-0.7867216575387632,0.7680591674531858,-0.34660067203915135,-0.5203500670841694,-0.0050220939528387645,-0.0015726950950394462,-0.10341153760762545,-0.0891148973034815,7.464008173076229,2.864677653150146,1.6152951981970343,-0.34869462499965986,0.2763764959106071,6.687655129298714,1.3723148155982923,-0.5783805114261145,-0.639529511661352
38,15876.378687661581,0.0,0.0,0.0,0.0,0.0,0.0,0.0,0.0,0.0,-1.6000727583979175,0.0,-0.5077568971944841,-0.13329620621157717,1.1274062580363484,-0.31311739022408513,0.5026953620314049,0.12420561886086542,0.5301739904860739,-2.8416446533903463,-3.391103320132037,-0.9632460400401283,-0.1881486397911798,0.8570349001220855,0.5175649566671823,1.8170105011171522,-0.8340617780082338,-1.007552305688363,-1.88642685303624,-1.5165701209602669,-0.12740868886168583,-0.30103259162542645,0.18040597742184297,-0.21359051988330005,0.27719434779563656,-0.28072701095635677,-0.27394128641037824,1.421262520335195,-2.165438421235868,-0.11070504585134716,-0.07642583072461144,0.3995897444286496,-0.7076213181628024,0.8845031809457318,-0.1967485422759558,-0.10904158868806413,-0.004974992646107968,-0.0015134101147488384,-0.09930501872965242,-0.08719032381649386,7.902656832312008,2.9897389279616378,1.5233419882057249,-0.31328900891543077,0.28334347226372814,6.806844030420647,1.3230554015731073,-0.5350566301439913,-0.6364379508162347
39,15850.00840803989,0.0,0.0,0.0,0.0,0.0,0.0,0.0,0.0,0.0,-1.5101168487100392,0.0,-0.5580585987572306,-0.17179848880427326,1.0938398784759815,-0.3093746730949172,0.4939893505723525,0.08213115326476954,0.5018503803990926,-2.8026752139364017,-3.1465181515182024,-0.6103134908044634,-0.28542684696050297,0.5788637384835693,0.6175463871375756,1.835327974090061,-1.0468154207301985,-1.7496048824018486,-1.9168802109709249,-1.4056956274115127,-0.3263130061918988,-0.22975364624241507,0.13367324712735884,-0.2307963949527636,0.344143762953391,-0.2238231739023464,-0.030627276493091965,1.5658392614181675,-2.15120016030478,-0.17069508417223767,-0.17324240793885648,0.33483853596677665,-0.7867659386014753,0.873189536628462,-0.2263147992829594,-0.15734677595689123,-0.004887152605597149,-0.0014511540715118753,-0.09760669321064998,-0.08577062918814218,8.185209241124301,3.0695112324986056,1.563693217836884,-0.3421831111718092,0.22038453153724735,6.8709958080999085,1.296495788598802,-0.5053932347892646,-0.6340268166333738
40,15836.311480709122,0.0,0.0,0.0,0.0,0.0,0.0,0.0,0.0,0.0,-1.440879554213254,0.0,-0.5951416922005999,-0.19594635080113598,1.0973255653177076,-0.3191424359203778,0.43386012442626,0.04163339486086194,0.4354828918576022,-2.7661807535349068,-2.9520372613646186,-0.7716240290838267,-0.2518832042310125,0.7530434439352599,0.6096556250348993,1.593006821007355,-1.3088330270589583,-2.190581453491587,-1.8392620126502932,-1.3037990459516826,-0.3501093056278738,-0.3619905468952821,0.09807465107602523,-0.3158840694808455,0.45789180557573683,-0.1797444415802339,-0.003937955646498327,1.6777633260755949,-2.1343262487615298,-0.21363641434379377,-0.2644609471321621,0.3156378516351531,-0.8044628625255187,0.7516416683178279,-0.29431673166776157,-0.3908523427068305,-0.004790256815179866,-0.0014011147000069037,-0.09826289650410247,-0.0844631753843443,8.361064609137975,3.119269797587476,1.5920679422224888,-0.3738197903574102,0.21152173256810244,6.8873057336996215,1.303845830272005,-0.5131413851040516,-0.6219337035273345
41,15826.26161330622,0.0,0.0,0.0,0.0,0.0,0.0,0.0,0.0,0.0,-1.4311965093486585,0.0,-0.5735476049091455,-0.18338660688996647,1.073789418096636,-0.3193163419665654,0.48147476084421303,0.053631966897644906,0.4038506214361156,-2.4809465365210532,-2.7508396020730355,-1.047038176424368,-0.7794410935140376,0.6189533162155918,0.695591033357925,1.5059397947598563,-1.5469988119341176,-2.554152689688345,-1.8135827442401795,-1.4645839063000965,-0.06255557706460174,-0.4286215700923136,0.13508660800881755,-0.3682484327757039,0.4348560910601844,-0.3369513829086295,-0.7908716866675054,1.6510841646445644,-2.130628886223046,-0.20993751377901795,-0.3068120660630523,0.270549438575033,-0.7760709977673854,0.8267637816543405,-0.2589135343525344,-0.3228440566063138,-0.004657497100925677,-0.001343146070135279,-0.09434754617152441,-0.08324680276452412,8.727468335926204,3.2226988784324857,1.5353095729929367,-0.4167690229142179,0.3453142097783336,6.774929762309979,1.3261803478281455,-0.5408914220637376,-0.5945290408764149
42,15800.38108053496,0.0,0.0,0.0,0.0,0.0,0.0,0.0,0.0,0.0,-1.439040709210928,0.0,-0.5478766821916523,-0.10850467572950168,1.0644262334416272,-0.3183084716420369,0.4227616106711899,0.08071009947741982,0.25408371014224285,-2.1493422308189984,-2.967504132638595,-1.0261000067689492,-0.2448871266967625,0.4361578672229425,0.18728642864555467,1.4399985529827113,-1.4481861196870498,-3.0059730081808844,-1.827405056236691,-1.4816766306532474,-0.5667418110624562,-0.12931605589944767,0.4108769966626635,-0.30504406031857784,-0.02252420846991371,-0.49865220581553593,-2.5347560221006704,1.6492075657436025,-2.290237062257715,-0.32465456528489467,-0.3297715271625801,0.23459312328332754,-0.7261502225778413,0.7468157397545478,-0.19305917937164974,-0.43663491856401904,-0.004098917815506044,-0.0011628361575659356,-0.08450965156130673,-0.0807797354320902,9.746403723965559,3.500519295510713,1.5228629229841886,-0.5659155085882588,0.49722382890717576,6.364722181733479,1.3130607028988912,-0.5432315180578375,-0.5662523815124524
43,15768.368336933429,0.0,0.0,0.0,0.0,0.0,0.0,0.0,0.0,0.0,-1.3999360337208329,0.0,-0.49063383795215004,-0.1040184902000863,1.036759713931848,-0.36199622939823334,0.36216889200319596,0.08578300848346752,0.16651963522372426,-2.2878839482584135,-3.180342375742659,-0.5150519761250549,-0.08312131775866965,0.45159295094750457,-0.00793366324471842,1.460732767571059,-1.333919790817579,-2.999311730064499,-1.9051929088608988,-1.476600980352518,-0.22997418371299416,-0.5260521419611296,0.44800533639266665,-0.27161202750013547,-0.28765412156159964,-0.4777271604251484,-2.869655081269486,1.682163636461382,-2.2271804822668555,-0.2546184455666267,-0.3752413585350475,0.1952239602724789,-0.7287666196520006,0.6390622076648645,-0.2123968367430577,-0.5957578997126769,-0.003679917300929116,-0.0010246503240707882,-0.080594284236118,-0.07952815965347118,10.367114600525747,3.664359829170581,1.4874605181383935,-0.6295085143380105,0.5963407942697733,6.1015928081588875,1.3129325826061862,-0.5519921753468162,-0.522395037125845
44,15687.210634419407,0.0,0.0,0.0,0.0,0.0,0.0,0.0,0.0,0.0,-1.3521532712016333,0.0,-0.45484773338660195,-0.08213165295987437,0.9202907852044644,-0.34979451056389627,0.26605514279551357,0.12458728247101848,0.05834872646606676,-3.6776639674281006,-3.2640437469866264,-0.6981815573592144,-0.046371015467060996,0.3999395345299595,0.947314929055368,1.316577369001985,-1.2158219896885905,-1.9202271085742566,-2.264299318165875,-1.24575156545385,-0.25598108977686185,-0.38364112970004105,0.3128033561538264,-0.17753604118516636,-0.3387010100272157,-0.7392145977143725,-1.5674937703290581,1.3826234620475848,-1.9989873535795848,-0.3723091738459988,-0.4417449365508356,0.12171512896703159,-0.4463736000406635,0.6048406166269802,-0.12154110214168211,-0.135748951276356,-0.0018779707186237947,-2.7581614806640085E-4,-0.06490829557445862,-0.07339080953431544,12.552295644778049,4.216136004956243,1.5097577805571973,-0.8522635419015917,0.7164170220018945,5.183414374661466,1.3207569949714042,-0.6105673709065805,-0.3773615950561089
45,15652.105669788885,0.0,0.0,0.0,0.0,0.0,0.0,0.0,0.0,0.0,-1.3724846120560217,0.0,-0.4567478579231813,-0.07765458694656055,0.9475391529741733,-0.3475978469720875,0.30363467593774984,0.15291592866741768,0.025278089539644957,-3.4231015516611243,-2.7319115436498267,-0.8694984824675959,-0.07033970874673921,0.279774169185919,0.5771888115990618,1.5748439651806247,-0.9525034365087136,-1.2663820807173014,-2.6551657632818877,-1.1604331694735692,-0.06139394071182841,-0.26015229500970194,0.23068146950305574,-0.1924597124300593,0.15856899462532847,-0.5209992352254291,-0.9572555555284694,1.5764799309862183,-2.4237683080488557,-0.4686925882129817,-0.5658284686982663,0.05035612681212512,-0.5340731607204071,0.6568823942549147,-0.11420930802500356,-0.1538952124767629,-0.0016216628848768418,-2.457549650747044E-4,-0.058519552272861645,-0.07242366524648967,13.130285646378574,4.352764923514755,1.560588798427158,-0.9038613334733556,0.6350525637327732,4.995283879935838,1.252315953770561,-0.5393462108822946,-0.423743486734293
46,15647.021519045664,0.0,0.0,0.0,0.0,0.0,0.0,0.0,0.0,0.0,-1.478006263882084,0.0,-0.40256756958629947,-0.02008130239426118,0.9844315231691478,-0.3343617800158128,0.3784476295270275,0.15720208258278365,0.060529012033511825,-2.939857673735478,-3.0478587923821534,-0.6090050372227436,0.07113032229165449,0.19579272692264318,0.3494314733606644,1.3306169315942618,-1.4838131336082467,-0.9865682560709765,-2.9552139996114573,-1.4044654039326,-0.07714239433321578,-0.22118283373927744,-0.023452381781659537,0.01995136139427872,1.1164131087491256,-0.34151772184334817,-0.6960660701683319,1.2655764737842858,-2.3883755812874097,-0.32385530961129927,-0.41078982385367624,0.08993910341624088,-0.3844719002794379,0.8518410107316914,-0.07767821501401448,-0.08448106717407246,-0.0017055420099158192,-3.1844907933915997E-4,-0.056949486457544635,-0.07276542737762226,13.257033120950046,4.349943564537472,1.541803225636505,-0.825953088325351,0.4779601209866091,5.127300272445587,1.2188727932472037,-0.5154607329630069,-0.40969146470494583
47,15593.04830634,0.0,0.0,0.0,0.0,0.0,0.0,0.0,0.0,0.0,-1.482068693004918,0.0,-0.48060115528550684,-0.1280196828592508,1.028246765276651,-0.3304031504203908,0.26113825025817444,0.1623321527988422,0.1416678438550797,-2.2922065054340015,-3.3694151923888915,-0.801631434668373,-0.2159029351985563,0.0967250911570207,0.17809730499907864,1.0176088770800298,-1.3605659441340783,-0.8561140308261882,-3.069378916723041,-1.3757714495870452,-0.15434360202829478,-0.3648075330534477,-0.08209380196659387,0.036382321975778745,0.672118177629635,0.12244769858175564,-0.2405490472928219,1.2842534892799595,-2.2206496325821248,-0.3075913306056885,-0.3526821579153531,0.13116802400199312,-0.46436412248305037,0.7642369254708149,-0.03722296100273342,0.12479530183646827,-0.001928743906220149,-4.6379270661204506E-4,-0.06057840105822921,-0.07352166590690667,13.110893553943368,4.226099194105379,1.6638848996099604,-0.8668712330240689,0.3286268105508796,5.73388597295819,1.227986082507615,-0.5197210994265057,-0.36719490856768944
48,15519.02740090824,0.0,0.0,0.0,0.0,0.0,0.0,0.0,0.0,0.0,-1.4642288939534396,0.0,-0.5176943566237503,-0.21027632661900297,1.01773181088037,-0.34608968799901,0.3334212341042532,0.07699944625938797,0.18656411225374492,-2.192795887002003,-3.1392293102636564,-0.7002813119125286,-0.4156287826475408,0.4062495098167838,0.025700790570343024,1.1792244521358188,-0.7832573605126568,-0.7575408050887608,-2.860392146443598,-1.2356490437568262,-0.11318923948887169,-0.32467755803187703,-0.1405546596359309,0.18276346000797983,0.61266046618416,-1.0173549092136493,0.06796437842897368,1.5007822390282417,-2.1694949780058614,-0.3235253458314202,-0.39547474223544077,0.15801107096237021,-0.4890357775204003,0.7546028261364708,-0.2710216739236288,-0.1272448205593491,-0.0023729730965626095,-6.731895968336422E-4,-0.07118447922166346,-0.07594552374185119,12.823481152008915,4.023502018354634,1.473444168378752,-0.7575660707047919,0.46769119121219355,6.768705516738866,1.177381147168603,-0.4537804096110435,-0.3530970928279421
49,15484.070355658723,0.0,0.0,0.0,0.0,0.0,0.0,0.0,0.0,0.0,-1.518977029898206,0.0,-0.5357567872543563,-0.23020786331109622,1.0897906607877437,-0.3374996978243573,0.33306799396298126,0.09301370326638606,0.2143361997931902,-2.8044791754628253,-2.1272955421965682,-0.38763455699266014,-0.10177427805105016,0.5427397228405704,0.3769265561471553,1.2013357739820143,-0.6206138006843878,-0.5293088590041803,-2.8367937152032563,-1.3833579773040794,-0.003057306539074031,-0.23591622375720675,-0.17729239811321648,-0.016313918760867463,0.667302819589752,-0.7282099100889896,-0.3914927866083922,1.484458182736338,-2.1109424612098313,-0.22717828833087633,-0.2921599065160865,0.19418020428869612,-0.5607199223308981,0.7844801635243837,-0.2318685601117921,-0.13368453462850932,-0.0025338069225556608,-7.219609264256362E-4,-0.07066201559762038,-0.07567329490232516,12.711247417882882,3.9339568284007758,1.5117457169487614,-0.7644212669153871,0.4172240257558908,7.287753604066059,1.1867653487587833,-0.45609218609812613,-0.33398859503633754
50,15469.371582199617,0.0,0.0,0.0,0.0,0.0,0.0,0.0,0.0,0.0,-1.535041966667285,0.0,-0.5760688120861069,-0.2872651053656815,1.112581717021389,-0.28667304638460567,0.3250282962242053,0.08023033297033655,0.2364907253343889,-2.770467793300798,-1.8803584670831628,-0.4896802454176429,-0.15504648441023927,0.48678249546634766,0.4026658598469436,1.2192450913615709,-0.581612148121565,-0.6269023942474641,-3.0395915091682877,-1.367959366757225,-0.20634068158717733,-0.5831511920343933,-0.27617792553663123,0.4072326004134237,0.5573838436225759,-0.7231819967624836,-0.6031316013125335,1.4683541450708597,-2.0872170974941864,-0.24456679935118075,-0.3133781729826503,0.24484733426659142,-0.534681454650333,0.7540769882466364,-0.26682704671561674,-0.24268984687781206,-0.002497432592970505,-6.943164103829623E-4,-0.0639429921756362,-0.07605906966161374,12.963811043275404,3.980420122705133,1.5074642447704052,-0.6942788848903725,0.24936331104192513,7.534037843849239,1.110026639147276,-0.38443342529555635,-0.33142898580976354
51,15444.881133339299,0.0,0.0,0.0,0.0,0.0,0.0,0.0,0.0,0.0,-1.5258064240855023,0.0,-0.5509482151835395,-0.2732746845779683,1.1044417336082395,-0.337283169209339,0.33804606153734956,0.09288730219813941,0.30271292232860053,-2.558428179062508,-1.8989842154713297,-0.5526505161735462,-0.1720824256798691,0.5063287559493083,0.17001927743432843,1.2298102683723768,-0.5202744731493204,-0.9707963304191517,-2.8536121360856868,-1.4899133552402222,-0.0649782644008901,-0.35590063479547607,-0.23572745070048362,-0.12184571346475581,0.4946863315911397,-0.6324059290415738,-0.7980137639186234,1.5827110958801662,-1.906834525975535,-0.18206514196499474,-0.21872609340765323,0.274691208298121,-0.7088286948395233,0.7263586558716539,-0.259814440075642,-0.3094732931897157,-0.002292442432868998,-6.053176901265622E-4,-0.061042116955607205,-0.07583643672958217,13.576333452284599,4.111615102813787,1.4446006329955097,-0.7375250590292761,0.35506029468575473,8.076783262716626,1.127585971048284,-0.4165524499386708,-0.24588687917129132
52,15440.19608698573,0.0,0.0,0.0,0.0,0.0,0.0,0.0,0.0,0.0,-1.5054982226656066,0.0,-0.5356597542368524,-0.2200441571827729,1.0648732381597117,-0.3580107174814617,0.3358350655508826,0.09493177334334449,0.28728043242875634,-2.698923736938021,-2.1162669611361973,-0.6060471179397906,-0.2060760841462235,0.43202957934479913,0.34499534258175524,1.2279624881117273,-0.4787942811759493,-0.3387753520220914,-2.805104006033334,-1.6129569685896599,-0.18639029629401382,-0.5230032686292156,-0.36781893112914865,-0.12348031376517339,0.3666648634763391,-0.6710348270758971,-0.7999627256931566,1.494459114972115,-1.7753506161560433,-0.1920974646415285,-0.1904185349427535,0.29078773617293796,-0.6463551970493332,0.6808506678708502,-0.24358262022847954,-0.2926295766601965,-0.0021722039873698887,-5.352206515871372E-4,-0.053735502143432645,-0.07650344429460613,14.277020222763667,4.317461312126231,1.3908819316411534,-0.7001868325610012,0.3112480287373272,8.065639868932173,1.1104944240621555,-0.42484230969739445,-0.1718471852275074
53,15435.686632885432,0.0,0.0,0.0,0.0,0.0,0.0,0.0,0.0,0.0,-1.481288212605825,0.0,-0.5340246256172905,-0.20503008542823228,1.0465869385085766,-0.36875405006015377,0.33380848726567,0.07941570988826181,0.25720503707239833,-2.619943632784146,-1.9693126869363542,-0.5556103357608498,-0.1996147764993712,0.418387263402775,0.3343965393740502,1.1576820654212525,-0.5756032976524824,-0.8404072997660911,-2.6910750343014938,-1.6597262077450983,-0.2310974274959324,-0.5266243488575582,-0.39923155236488717,-0.15225319837520127,0.4125937788736907,-0.685771479279416,-0.944971400484377,1.4648507095578174,-1.7812515279921017,-0.20021685837001513,-0.1948372767186724,0.26680125791510567,-0.6047331589142054,0.6718861948562614,-0.24268621318147157,-0.2856273074761769,-0.002176389247814252,-5.527834296739645E-4,-0.0578991123816438,-0.07632972985763117,14.370416776216434,4.347013067506547,1.3869618003877142,-0.7018037490463536,0.316212937393758,8.175489397361565,1.1092707298316236,-0.42942193821860514,-0.16371286096742366
54,15434.157441028057,0.0,0.0,0.0,0.0,0.0,0.0,0.0,0.0,0.0,-1.4958004986781122,0.0,-0.5350921375726162,-0.23183642442761102,1.057879358068652,-0.3497023597729164,0.33367913811306954,0.08467691796676047,0.2666231671710066,-2.6178992949092073,-1.9813003941641425,-0.5646803545241703,-0.17273312351556236,0.4601920300801404,0.28398161162950386,1.1945161353604619,-0.5648479306228875,-0.7399430710339698,-2.6557944006599272,-1.6878477142144657,-0.22123411323087402,-0.5419174495336276,-0.42316538025621514,-0.1707783341634117,0.44930060737238864,-0.681377285852755,-0.9634960446678882,1.4859585558340838,-1.8041197879955413,-0.19546240634585685,-0.1999916000143774,0.26817601684018555,-0.6264910837521167,0.6973282435689966,-0.2399792772337164,-0.26993562477688327,-0.0022475911709248335,-5.741843075447886E-4,-0.059534297532099816,-0.07656799144035593,14.48590740902566,4.359719399665381,1.3797153509023117,-0.6776648717255097,0.28229576841869053,8.552039228682562,1.0927431791785285,-0.4164257414982715,-0.15175853860841393
55,15432.87579840782,0.0,0.0,0.0,0.0,0.0,0.0,0.0,0.0,0.0,-1.4995312086675987,0.0,-0.5317252391575208,-0.231713337036839,1.0598634935216418,-0.3504985117146967,0.335812268295777,0.08846213439778809,0.2696546634883594,-2.6282927562289196,-1.9973210213701278,-0.5699328567077581,-0.18153937194183745,0.45176087695048467,0.29383038223493313,1.2074166771777506,-0.5347410346494407,-0.6750004224043895,-2.6206542480427015,-1.725923303245269,-0.2378910395349181,-0.5801100124210178,-0.4627204587431776,-0.20135416799123346,0.46269885726013044,-0.6822580530025829,-0.9786488761264676,1.4886547303520719,-1.7762762370862872,-0.19537230029672276,-0.2034248725367463,0.2707140754349094,-0.6311469857288418,0.7016108527617108,-0.23726217804342617,-0.2739481954059772,-0.0022432859733672594,-5.727005388427561E-4,-0.05896054438959089,-0.07667926829805598,14.939177157874697,4.478381300804349,1.3525127432208308,-0.6473300475785385,0.2488500078635711,8.874356741750148,1.07490150561716,-0.4069010581490249,-0.11209757220886687
56,15429.49786168165,0.0,0.0,0.0,0.0,0.0,0.0,0.0,0.0,0.0,-1.5002649617235218,0.0,-0.5301084617116831,-0.2283679587615084,1.0601118352011616,-0.3540241997438973,0.33801635143923103,0.09169429423176982,0.2720041088494558,-2.6465027647831287,-2.0169955172650225,-0.5816032682435076,-0.1988752784749526,0.4476163870694969,0.31074009156756516,1.2174169321190242,-0.541019893221819,-0.6097807031383539,-2.5172724779741906,-1.8203691078086337,-0.29368304116626714,-0.6881139440097686,-0.5710831332785853,-0.27269086240637264,0.49252325142273773,-0.6971627028407206,-1.0390469802252331,1.4763881471798126,-1.6742685224984832,-0.19554777275239985,-0.20633743963662682,0.27444289687067924,-0.6292319794318505,0.7003123032378242,-0.2353072972386524,-0.2734976041906617,-0.0022256562962197613,-5.654887812560017E-4,-0.058113180955982884,-0.07686000980630461,16.54159970208183,4.904532512436208,1.2647561128379194,-0.5573017901023567,0.15406154195008664,9.880947519464783,1.0186408777888425,-0.3800026996141539,0.02260917038581059
57,15428.485532023207,0.0,0.0,0.0,0.0,0.0,0.0,0.0,0.0,0.0,-1.4987801718126457,0.0,-0.5304936197925527,-0.2253539402031621,1.0591761961452695,-0.3577897142084321,0.33964292480806335,0.09141489397314566,0.2709967214590577,-2.652966807774543,-2.0452981617508263,-0.5827836207421987,-0.19557505462705538,0.4384730172779274,0.31632015251894174,1.2195432097475012,-0.518064119416759,-0.6593391100009944,-2.493604752754114,-1.8463500118255693,-0.31625689992948347,-0.7381111700627575,-0.6097664296735434,-0.2908100583066726,0.4943045387307998,-0.7189766741996816,-1.0818376498013162,1.4646921518618603,-1.5860817035276997,-0.195113499357531,-0.203639760636077,0.2720451439642911,-0.6237702304916012,0.69850950135414,-0.23515581144600456,-0.2712285959984393,-0.0022341398830394215,-5.687717273748511E-4,-0.0581814532228807,-0.07702921481922193,18.013393305927824,5.300830026392998,1.1906110931044231,-0.49904244088549343,0.10623737186330331,10.686849216122727,0.9906032819000629,-0.3781077055030257,0.14621462494128457
58,15427.88491735093,0.0,0.0,0.0,0.0,0.0,0.0,0.0,0.0,0.0,-1.4981595587606575,0.0,-0.531251374192574,-0.22377182050353386,1.0601193482267772,-0.35961864668626414,0.3383899740168743,0.09099184715889004,0.2706141016330259,-2.6537321195166594,-2.001297593196078,-0.580050077865896,-0.19949552907746282,0.44765872373691007,0.31441980637118633,1.2164486227260556,-0.5563062306274569,-0.664368996192564,-2.525775174491832,-1.8275246660375626,-0.3007896765695456,-0.7208017537272977,-0.5984467838678273,-0.2790861310180081,0.4909112084474657,-0.727804005210316,-1.059444710926341,1.4609111257959841,-1.5636743871879748,-0.19494454514142748,-0.20113376719029033,0.2715214275751127,-0.6230896681275575,0.697355270392015,-0.23657135695309955,-0.2671807157297981,-0.002229185337944135,-5.673608574253283E-4,-0.05791384020065423,-0.07704699866138755,18.524303812624556,5.437836835866359,1.1619736262993048,-0.4876265482506607,0.11123464101534217,10.746454820095705,0.9812507801942412,-0.3743583144177114,0.18218468778864982
59,15426.580675079495,0.0,0.0,0.0,0.0,0.0,0.0,0.0,0.0,0.0,-1.4964549552813464,0.0,-0.5335695259250159,-0.22128228046118995,1.0616754668738402,-0.362712000857106,0.3358527762308442,0.08739292768596717,0.2690918557718862,-2.6513308283264028,-2.01426685516704,-0.5710967731090161,-0.19188670354819537,0.4577056741615624,0.30783886473556554,1.2074986978625095,-0.5905471738502737,-0.7378288078361415,-2.6342644529884276,-1.7611407943685804,-0.25843423570359797,-0.6686739748668079,-0.551619476054965,-0.21716212710639152,0.4581820008237026,-0.7560264542681802,-1.039600865668902,1.4455688725820959,-1.4743293851184862,-0.1946634334752781,-0.19372288518802222,0.2692242935457303,-0.6169817156320939,0.6940948338408958,-0.2382082128834947,-0.26413837567998577,-0.002229332591442656,-5.676278698198507E-4,-0.05786722065046691,-0.0771980116198691,20.504801996571018,5.9574678426573975,1.043641334068976,-0.4317445870188834,0.12323685423089349,10.925698743718165,0.9402793433467852,-0.35179665299990465,0.3213798760535571
60,15426.186156295968,0.0,0.0,0.0,0.0,0.0,0.0,0.0,0.0,0.0,-1.4954076232406588,0.0,-0.5325260587021703,-0.22008748125601799,1.0601297599649966,-0.36383037613749863,0.3362120633138886,0.08752454865305237,0.26789318068315887,-2.6513724947444697,-1.997232272706281,-0.5768107129732973,-0.18893383020044033,0.45209275533132975,0.30911889615704846,1.2086698945446315,-0.5765855779101341,-0.7319471090061408,-2.6556035169096135,-1.7410802672054293,-0.23920860861099774,-0.6347859552085354,-0.5290140944540933,-0.21160468948563788,0.4531312336952236,-0.7543120248367707,-1.0221263119645951,1.444686212556358,-1.4554937894494075,-0.19362885116417802,-0.1922249042927631,0.2670248995029536,-0.6176265373151136,0.6939416957687454,-0.2368606304557033,-0.26313464041434403,-0.0022467580499464777,-5.729360500095469E-4,-0.05829242345769954,-0.07731935350941703,20.96820726421587,6.067358816321749,1.0189327574884006,-0.4290489847344561,0.14306058813030326,10.679414218734005,0.9352110786478728,-0.3460929851269771,0.3474953867312184
61,15425.327965492144,0.0,0.0,0.0,0.0,0.0,0.0,0.0,0.0,0.0,-1.4953974878974565,0.0,-0.5330715242723681,-0.22036226533200137,1.0584163378408984,-0.3613930087950409,0.3352543370597366,0.08828555425762286,0.26849404889037454,-2.6457650702583697,-2.016277065661735,-0.5739922186784424,-0.18447089223374763,0.44682072239942305,0.31098701498448883,1.2071700298802817,-0.5600817302774599,-0.7268013493458744,-2.7103542957695885,-1.6870519422656542,-0.195477685961902,-0.5371835788771592,-0.4458688340575143,-0.1794557022070821,0.4354195573663718,-0.732798678101887,-0.9862036658898442,1.445045882643067,-1.3974040384883295,-0.19247229687802486,-0.19246113439705284,0.26667667883848456,-0.6180950166495586,0.6960548018687425,-0.23486722976509442,-0.2676054449646787,-0.0022493621797943842,-5.743949537831814E-4,-0.059876512905142704,-0.07772834445813297,22.787566035506238,6.4967841124455665,0.9276632243819843,-0.4194073323485414,0.20947986850330552,9.779151145220705,0.919356779229107,-0.327838934660931,0.43603529996326784
62,15425.033620589375,0.0,0.0,0.0,0.0,0.0,0.0,0.0,0.0,0.0,-1.494378908385275,0.0,-0.5332086665950154,-0.22119847862243427,1.0588388867451697,-0.3618561916016468,0.33424805581613076,0.08762816702585972,0.267943099779467,-2.6439790783425865,-2.0106034632495926,-0.575682012439577,-0.18589809981715555,0.4474356410541531,0.3086700349073009,1.2059172656508557,-0.5560013208682566,-0.7178197377278434,-2.6783969726761905,-1.7042850865348889,-0.210116253176651,-0.5529923819738881,-0.4600875970544261,-0.1947078038419352,0.44273512276771715,-0.7234517565504993,-0.9931655303685862,1.4391896586344677,-1.3619507090701295,-0.19366397792889087,-0.19440842562307264,0.2671913951670942,-0.6160314108710698,0.694952880492153,-0.23583165081152305,-0.2660219987387846,-0.00225322669175483,-5.751720157254539E-4,-0.06035335104399807,-0.07779337122195547,23.714804504156106,6.721524909948416,0.8911890053436077,-0.400578875624702,0.19735171183874933,9.771213877069153,0.9041509616163318,-0.31857787261385323,0.48555594865508184
63,15424.944306270634,0.0,0.0,0.0,0.0,0.0,0.0,0.0,0.0,0.0,-1.4943342462403402,0.0,-0.533387326966161,-0.22185496727604037,1.059010697159231,-0.3615865865405942,0.3338475891087303,0.08753518386636926,0.2681066334668472,-2.643011028504656,-2.011425515044528,-0.5754381147060085,-0.18646242982418174,0.44690187931859204,0.3090945811608446,1.2059420671765444,-0.5568016788978909,-0.7159494997735562,-2.6619333075240093,-1.707433701528894,-0.21565279032508158,-0.5560598868055074,-0.45906730512881183,-0.2013191047617796,0.44603646462518326,-0.7148909162808552,-0.9884709414987796,1.4381449255210117,-1.349449756297583,-0.19393849656763085,-0.19526115972297262,0.2674391156500731,-0.615932348657475,0.6952143427172988,-0.23641942692558637,-0.2668529545308357,-0.0022481814709111843,-5.738513573100663E-4,-0.06077077021939774,-0.07779748597195717,24.318970715286923,6.861879876378206,0.8723317913890631,-0.39619389789784276,0.19711763138337435,9.673023500395015,0.8976284588336354,-0.312950863511898,0.5082488127644541
64,15424.84700171444,0.0,0.0,0.0,0.0,0.0,0.0,0.0,0.0,0.0,-1.4939479252217005,0.0,-0.5332719843655448,-0.22174154320336886,1.0586942785894702,-0.36173733263746294,0.3338916919438034,0.08742469921562615,0.26810994045484415,-2.6424949639014303,-2.011176437748667,-0.5750293073917006,-0.18717186710931585,0.44772640360891625,0.3082948210112719,1.2055892656184337,-0.5564329220615855,-0.715172986347453,-2.650356548896405,-1.7095530438512772,-0.22034110527260026,-0.5598982278824197,-0.45549348090328257,-0.20693032028877842,0.4475561074654829,-0.709992980363286,-0.9846052957074978,1.4361621560620663,-1.340042946346806,-0.19428822170001475,-0.19571883805161408,0.26794448025655393,-0.6151149925917776,0.6953049308330664,-0.23675208336040224,-0.2668695370906876,-0.002246116359165837,-5.732376548049198E-4,-0.061053205933688875,-0.07778414545288312,24.81412332776159,6.972475335166389,0.8543031828742285,-0.39283827613611827,0.20177262690821315,9.616706624430163,0.8937054367088195,-0.30979678750188383,0.5242296603630382
65,15424.754023755535,0.0,0.0,0.0,0.0,0.0,0.0,0.0,0.0,0.0,-1.4937542524104417,0.0,-0.5332977348484456,-0.2219365511026296,1.0584995145815033,-0.3616353858465996,0.3339110653119425,0.08728113243881418,0.26817733413749945,-2.6420070382729963,-2.0104138968496885,-0.5750190995335751,-0.18744074723880508,0.447443162777435,0.3080030587256402,1.205478588648889,-0.5562873938373226,-0.7136392688970296,-2.638736285686178,-1.71189082629754,-0.22551117949501245,-0.5657317656791706,-0.4527950233783674,-0.2123445543902452,0.44924701005275036,-0.705601029154333,-0.9808340102893495,1.4357152203692174,-1.3402643854924332,-0.19438957445261038,-0.19604152790492316,0.2681550008594901,-0.6149164162317332,0.695330417912845,-0.2370992137137722,-0.2670404883867916,-0.002243617332085777,-5.725231948148166E-4,-0.061304914527912355,-0.07774153275726471,25.09009258676111,7.027475541157584,0.8482994377602856,-0.3955336518138952,0.20650129096192438,9.593927210435185,0.8952508997673121,-0.3109935295703831,0.5260738569686466
66,15424.680680990412,0.0,0.0,0.0,0.0,0.0,0.0,0.0,0.0,0.0,-1.4937307485081077,0.0,-0.5334448251747956,-0.22207832323303672,1.058607592521454,-0.36152863243115146,0.3338172200823736,0.08719712106863396,0.268195902362286,-2.6415757422981696,-2.010609628622211,-0.5744854583740447,-0.18772173758643393,0.4477102774404338,0.30750479251545043,1.2052298078716992,-0.5563843075926987,-0.7136633583589599,-2.6312406637346317,-1.7125664107722185,-0.22934155724079647,-0.5705516988728581,-0.4506777435915368,-0.21544773317691668,0.4498194094265116,-0.7031231620564515,-0.9777809614017932,1.434835809840182,-1.3383939794056547,-0.19440793628981098,-0.19607474569534436,0.26832246429548007,-0.6146044125777163,0.6952806322283308,-0.2373248042831531,-0.26704532644510015,-0.0022418996985951187,-5.720446406868898E-4,-0.06151146448512541,-0.07770098269876818,25.382637373586274,7.087399984326113,0.8410964626304743,-0.39685488985310974,0.20962441823932304,9.598400307538292,0.8957556567670263,-0.3115940671848662,0.5296134622119123
67,15424.577115154274,0.0,0.0,0.0,0.0,0.0,0.0,0.0,0.0,0.0,-1.49367456849991,0.0,-0.5335094932687037,-0.22219066705026205,1.0586514011470511,-0.36148781992983137,0.3337547404616487,0.08712871129639636,0.2682076515525746,-2.641230760129391,-2.010496050124116,-0.5743349728810972,-0.18781464567202402,0.44769757803087895,0.30722587622358444,1.205059983598007,-0.5563874736457572,-0.7134681286561976,-2.625617115325247,-1.7124830903100206,-0.2319533419595881,-0.5738188900345841,-0.4486355795035864,-0.21798648450297142,0.4502537982705209,-0.7011696247976144,-0.9747418858123008,1.434343186201893,-1.33773937839286,-0.19439169617987895,-0.19606310864157206,0.268415496987088,-0.6144672738477707,0.6952382087512815,-0.2374718934494559,-0.2670789112992782,-0.0022407253407707006,-5.717162119477425E-4,-0.06169477435271981,-0.07766373474064772,25.649335376806942,7.140891783014372,0.8352591290843292,-0.39870101617245834,0.21243467453622453,9.604575684932396,0.8965699984809695,-0.3122265623901413,0.5313867859058082
68,15424.515650596599,0.0,0.0,0.0,0.0,0.0,0.0,0.0,0.0,0.0,-1.4936344772532197,0.0,-0.5335811020782405,-0.22227744996107673,1.0587111182258853,-0.3614348622501023,0.33367094146945503,0.08703662725143035,0.26816400052034833,-2.640884930750371,-2.01031277113169,-0.5741123144420333,-0.1879148856028908,0.4476828659736769,0.3068788819497073,1.2048743891690528,-0.5562986786284133,-0.7131702973710199,-2.621432298035909,-1.7118414534634956,-0.2338295110580207,-0.5760219023169326,-0.4461418032398603,-0.21988277396613098,0.45034879463684335,-0.6998369766734813,-0.9722880094937995,1.4339617588541327,-1.337625557215758,-0.1943336611854806,-0.19600459993366415,0.26843036375303325,-0.614353050962263,0.6951663262841277,-0.23756162905266467,-0.2670842443238648,-0.002239745748859538,-5.714472631501374E-4,-0.06189121695961287,-0.07762760025362228,25.900818819034487,7.190252805275991,0.8309887423543231,-0.40188077601791466,0.21553907882372825,9.610307060862963,0.8976908481966744,-0.3129983863711957,0.5320914729123237
69,15424.39977881808,0.0,0.0,0.0,0.0,0.0,0.0,0.0,0.0,0.0,-1.4936284062706144,0.0,-0.5336192944532441,-0.2223386463251959,1.0587645838368653,-0.3614114264724611,0.33363601334086834,0.08703311743507634,0.26817468801018807,-2.6407023381088246,-2.0103202943986846,-0.5739871670109027,-0.1879656847545642,0.4477244933594848,0.30676996122930794,1.2047662022729737,-0.5563422955000158,-0.7132511006139939,-2.6181629914612827,-1.7113923371096083,-0.2353955801117319,-0.5781229823800401,-0.44465017558630565,-0.2214727149836053,0.45058331530398005,-0.6988432092399833,-0.9703237043465445,1.433676523134587,-1.3374831367240458,-0.19431802362488892,-0.19598335800290187,0.26850728627279197,-0.6142757415067437,0.6951530905057448,-0.23762302072684113,-0.2670732433554311,-0.0022392990298834856,-5.713204556914793E-4,-0.06204141263948885,-0.07759424722042194,26.147463633890464,7.238975205102808,0.8267494676617575,-0.40433748205547027,0.21739614704387633,9.623691573148227,0.8984984931954605,-0.3134424512039352,0.5327029441998379
70,15424.351604675501,0.0,0.0,0.0,0.0,0.0,0.0,0.0,0.0,0.0,-1.4935759994315723,0.0,-0.5336515031533988,-0.22237710802521898,1.0587791141401102,-0.3613877353015761,0.3335794262466959,0.08694644404517084,0.2681178711180042,-2.640419363989876,-2.010127903787878,-0.5738437056749535,-0.18798406923387773,0.44767053890760716,0.3064851537230936,1.2046282361231502,-0.5562490878219734,-0.7129798010579307,-2.616151908210625,-1.7103378154979962,-0.23611279561993873,-0.5787936982795793,-0.4418458206119578,-0.22258502719280804,0.4504584803958214,-0.6982043354373412,-0.9686071119206,1.4334548660459492,-1.3373047328449517,-0.1942427301186712,-0.1959036083505538,0.2684679934722134,-0.6142112850722432,0.695102680870774,-0.23765158367348924,-0.267083608282393,-0.0022386378162742517,-5.711477335239866E-4,-0.0622271089201766,-0.07756352739448737,26.39971856208141,7.287785525120873,0.8231903402328097,-0.40833146155008815,0.22060423170715224,9.629159424686687,0.8995656710932314,-0.3140634574826119,0.5332891117130194
71,15424.294496051329,0.0,0.0,0.0,0.0,0.0,0.0,0.0,0.0,0.0,-1.4935646635270683,0.0,-0.5336395935974115,-0.22238251707816079,1.0587847171591802,-0.36140008933226364,0.33357756299416363,0.08696787334448945,0.2681387474818356,-2.640351911928115,-2.0101857448973397,-0.5737617902851464,-0.18801446825486012,0.4477402449741734,0.30648977369200076,1.2045712009836358,-0.5562956807188831,-0.7131596266227129,-2.614662600567643,-1.7096990955543199,-0.23676185411516648,-0.5796225229171308,-0.4398159401682745,-0.22347671320517368,0.45045161337214007,-0.6976496934190195,-0.9672217571170418,1.4333034008012202,-1.3371307547161675,-0.19425768655007375,-0.1959090830798874,0.26855084341203755,-0.6141512799916157,0.6951206592641296,-0.23767794832758019,-0.26707750788430784,-0.0022385612992157403,-5.711207046376211E-4,-0.062371365555445174,-0.07753531135198154,26.64848358155781,7.335944450174823,0.8189874897584436,-0.4112599681006035,0.22309013849035925,9.638857032195315,0.9002374933955128,-0.31423887901303676,0.5338616192276217
72,15424.24894500077,0.0,0.0,0.0,0.0,0.0,0.0,0.0,0.0,0.0,-1.4935460235324647,0.0,-0.533671198171988,-0.22242031977173715,1.0587967016724718,-0.36137443735459274,0.3335553604378051,0.086936847521543,0.2681317558983512,-2.6402323004575132,-2.0100616214379863,-0.5736811049938302,-0.18802996993302482,0.4477287551312425,0.3063419031789427,1.2045104404703029,-0.5562364129336438,-0.7130432233669105,-2.6132156202524888,-1.709394794368161,-0.23742214802519376,-0.5805978090625875,-0.4386095603223011,-0.22421752155355026,0.4505082251121552,-0.6971970247475915,-0.9663874914560888,1.4331750886740877,-1.3373097802080545,-0.19423335157188226,-0.19589038534266634,0.2685739973108132,-0.6141026966319661,0.6950986940211287,-0.23770788325317113,-0.2670579648556348,-0.0022382194753711635,-5.710282236326224E-4,-0.06250187256177571,-0.07750496843881356,26.885569540112773,7.3812232451053434,0.8154620876191934,-0.4141375711061614,0.22469823278764456,9.65192618330573,0.9008662316198005,-0.3143301162069397,0.5338492009250616
73,15424.2018631537,0.0,0.0,0.0,0.0,0.0,0.0,0.0,0.0,0.0,-1.4935543928626813,0.0,-0.5336952188271088,-0.22245936129953822,1.0588373627873275,-0.36135105016915886,0.33352040518833365,0.08693005282927595,0.26813286230481725,-2.640158603107577,-2.0100591569669417,-0.5736287622675065,-0.188058828090928,0.44772244803002903,0.3063093237859129,1.2044569659716788,-0.5562369529226803,-0.7130498220788392,-2.6120804701572666,-1.7090079167775971,-0.23790266747127584,-0.5811629574691289,-0.4377094482562706,-0.22476737159758853,0.45061458188888126,-0.6966944010215743,-0.9655154740511469,1.433102330651953,-1.3378765282398868,-0.1942335990523642,-0.19586504532709306,0.2686217493746924,-0.6140750394974664,0.6951005227257966,-0.23771452207785113,-0.26701383586785216,-0.0022380809292987104,-5.709867896090454E-4,-0.0626233688312679,-0.077473987059165,27.11441254049067,7.424479075522345,0.812383618033478,-0.416945948997899,0.2257698225406586,9.661351411963643,0.9013492196428421,-0.31408058837088476,0.5332958721783994
74,15424.161855765604,0.0,0.0,0.0,0.0,0.0,0.0,0.0,0.0,0.0,-1.4935621979367595,0.0,-0.5337361242040011,-0.2225052425057144,1.0588724759449852,-0.36132059824327345,0.33349364445116714,0.08692735894135871,0.26813840120025423,-2.6401079257042865,-2.010027820640761,-0.5736025097253221,-0.18807517605245744,0.44770216895289267,0.306266460194104,1.2044035620435647,-0.5562309307519302,-0.7130230066981861,-2.6109379433831337,-1.7087843769182018,-0.23840607652665535,-0.5818339202052903,-0.43757688987486615,-0.22532277549572108,0.4508194210722474,-0.6961818684786719,-0.9647550681436158,1.433037387499163,-1.3384146966459016,-0.19420172794394483,-0.1958312858126243,0.26863922475248836,-0.6140578330333012,0.6950921308497003,-0.23771580390561214,-0.2669735991119581,-0.0022378924901529556,-5.709312692558149E-4,-0.06272934260778106,-0.07744182796948404,27.338725300769376,7.467426203303286,0.8097208369416059,-0.4194777425754653,0.22574247607568265,9.67333392276879,0.9017756257782313,-0.313767506005911,0.5326876755044901
75,15424.103793401804,0.0,0.0,0.0,0.0,0.0,0.0,0.0,0.0,0.0,-1.4935605468071511,0.0,-0.5337506890252467,-0.22251829929523215,1.0588742674897038,-0.36131139246476185,0.33348575652621154,0.08693198654468828,0.2681552822323097,-2.640110883905452,-2.0100815808836128,-0.5735756621514931,-0.18809445497724608,0.4477195982758688,0.30626665842631423,1.2043768162743136,-0.5562590306690159,-0.7130776932157192,-2.6101060701071215,-1.708438176613804,-0.23870658517617502,-0.5822275764329187,-0.43741434466017687,-0.2257363664782448,0.45072480506799545,-0.6958325348453364,-0.9641500689243931,1.4330302292332233,-1.338870044164391,-0.19419695255276345,-0.19581726315890466,0.26867318988624134,-0.6140548184402295,0.6950844405627884,-0.23772838650659533,-0.2669533470638668,-0.0022377373906923756,-5.70882344771092E-4,-0.0628266164524674,-0.07741052827990508,27.561340797342364,7.5101376623667635,0.806776709957845,-0.4216267758386619,0.22553573541161825,9.685616716851904,0.9021890028394499,-0.3134417017315281,0.5322141044450659
76,15424.047933563888,0.0,0.0,0.0,0.0,0.0,0.0,0.0,0.0,0.0,-1.4935480665472007,0.0,-0.5337544392995865,-0.22252303211668276,1.0588611149013105,-0.36130688349597595,0.33348827681782756,0.08692138632384216,0.2681543822628815,-2.6400650115286095,-2.0100604658877015,-0.573549113490426,-0.18810012457990222,0.4477051694130104,0.3062208223082032,1.2043492630967907,-0.5562529923430547,-0.7130379946903963,-2.6095602438216496,-1.7079926520766486,-0.2388113389960392,-0.5822470763320939,-0.4369482100229031,-0.22601542841140523,0.4506173110955133,-0.6955964515832322,-0.9636222403873574,1.4330086303400627,-1.3391445452499637,-0.19417376982198054,-0.1957870799369711,0.26867362800521294,-0.6140460703852524,0.6950863879120471,-0.2377301183887796,-0.2669414568385508,-0.00223761925415516,-5.708509684286697E-4,-0.06293305683114551,-0.0773803336525765,27.786065766661114,7.553046906478998,0.8037116034574759,-0.4238689017327117,0.22558552275873306,9.69614619800913,0.902685131431195,-0.3132193828963053,0.5319770479525396
77,15424.000699546088,0.0,0.0,0.0,0.0,0.0,0.0,0.0,0.0,0.0,-1.4935459581947366,0.0,-0.5337539394522701,-0.22253310971422396,1.0588585812545492,-0.36130133345038695,0.3334912496713819,0.08692340907148285,0.26815174047480145,-2.640032228586285,-2.0100097711293725,-0.573549101985037,-0.18811209576895715,0.44769071523478104,0.3062152202523219,1.2043296072799423,-0.5562425587423636,-0.7129894861540106,-2.608864357589691,-1.7077611526102923,-0.23900360833517525,-0.5824198757953649,-0.43667209638436055,-0.2264046793575709,0.45063871806730726,-0.695372702278722,-0.9631651965619263,1.4330258855755211,-1.3396890526778402,-0.19416015475897125,-0.19577436215904367,0.26867769530292357,-0.6140489670690467,0.6950874654724257,-0.23772620514517054,-0.2669188758167712,-0.002237631497957829,-5.70853341535327E-4,-0.06303528244824867,-0.07734962940687821,28.002383627791836,7.593692156708791,0.8011390836403723,-0.4262771830632345,0.22545900322344373,9.706877031986396,0.9033702249578551,-0.3131377552068055,0.5313390895610101
78,15423.95607052535,0.0,0.0,0.0,0.0,0.0,0.0,0.0,0.0,0.0,-1.4935527886212545,0.0,-0.5337683313508239,-0.22255276599480556,1.0588687049771457,-0.36128509558642,0.33348620257598344,0.08692340178606706,0.268158697378659,-2.6400131517919028,-2.0100064473364507,-0.5735337736491551,-0.18812622926583786,0.44768571365174525,0.30620248439585096,1.2043117339086453,-0.5562515840239926,-0.7129721793859537,-2.608242100191838,-1.7075360154415142,-0.23915381447019582,-0.5826011149148109,-0.43664085419863163,-0.2267068928030931,0.45068869380874826,-0.6951301868591077,-0.9627035433420743,1.4330551989492484,-1.340313387088117,-0.1941442933252209,-0.1957608495432747,0.2686897538465277,-0.6140562482555267,0.6950857030496146,-0.23772811061086171,-0.2669021536114009,-0.00223756740269439,-5.708346094586187E-4,-0.06313239356492598,-0.07731828920945621,28.213542923684304,7.633212378984121,0.7987740548553206,-0.42855697137968374,0.2249286749878901,9.7182960321453,0.9040723039579144,-0.31305531955569554,0.5305677428331572
79,15423.899380413228,0.0,0.0,0.0,0.0,0.0,0.0,0.0,0.0,0.0,-1.4935317756639717,0.0,-0.5337503659483711,-0.222505532682931,1.058838522903615,-0.3613224333202392,0.33350998994260783,0.08694144152273678,0.2681862646941257,-2.640026179843609,-2.0102340609125067,-0.5734499322237692,-0.18808277493165582,0.4477692135967325,0.306194513941084,1.2043120856986658,-0.5563349362290406,-0.7133086984349452,-2.608788419874896,-1.7068717772820476,-0.23870737449146454,-0.5819192375481163,-0.4360278282942323,-0.22646905355419167,0.45042981310311264,-0.6952803310347407,-0.962322119656879,1.432882424610215,-1.3387413660252454,-0.1941556623084254,-0.195720600186665,0.26870969542643114,-0.6139978353183895,0.6951253034167714,-0.2377315413867617,-0.2668923141168261,-0.0022375167477595194,-5.708272570270044E-4,-0.06322814030925045,-0.07729517333275131,28.47505598398468,7.6841247439156675,0.7929719014892846,-0.42908447310489606,0.22479756177365964,9.730093940857346,0.903679963303919,-0.31225788541446337,0.5330242881205218
80,15423.83591368284,0.0,0.0,0.0,0.0,0.0,0.0,0.0,0.0,0.0,-1.4935079844670007,0.0,-0.5337323452906149,-0.22251819742310827,1.0588050306576375,-0.3613196274026965,0.3335139521559158,0.08693310644283622,0.2681688848872081,-2.6400100568383102,-2.0099371751034476,-0.5735503587736557,-0.18810599779280565,0.44767032511852234,0.3061922521925369,1.204296974841053,-0.55619912834866,-0.7129615976969452,-2.6080593348495293,-1.7068532177601752,-0.2387952736123764,-0.5819573439927705,-0.43591295771286337,-0.22695394000389574,0.4505968500118683,-0.6949352407453963,-0.9618926339093806,1.4329459960371291,-1.3395938686445543,-0.1941324656796523,-0.19571662362863784,0.26870103096050113,-0.6140139142839999,0.6950993049197614,-0.237727380303559,-0.2668773811084957,-0.002237526418810016,-5.708219023045501E-4,-0.06332560280313641,-0.07726474609623768,28.684829628940193,7.721846016944417,0.7903791487402757,-0.4312727702166826,0.22454340306794068,9.738661030341971,0.904565787660689,-0.31232766813792595,0.5320977323376703
81,15423.77910942465,0.0,0.0,0.0,0.0,0.0,0.0,0.0,0.0,0.0,-1.4935148642144707,0.0,-0.533735511143092,-0.22252637455411658,1.058819024861172,-0.36130912973855317,0.33350609208844056,0.0869275693557256,0.26815507687802614,-2.6399454763144576,-2.009986054901815,-0.5734856278428857,-0.18811242068842773,0.4476965739014178,0.3061602249137873,1.2042738570646778,-0.5562369037143351,-0.7130051738850062,-2.607948984026122,-1.7065809945435662,-0.23877241247744677,-0.5818997860382865,-0.43547378848449525,-0.22705261922732056,0.4506694356430271,-0.6947614398705371,-0.9615501381984402,1.4329294196559956,-1.3398809466565857,-0.19412166759226585,-0.19570509508999756,0.26870067047078505,-0.6139972643035198,0.6951083745886178,-0.23771542056535125,-0.2668678400278196,-0.0022375311619896184,-5.708293855727758E-4,-0.06342024187694649,-0.07723448593865154,28.902240260587373,7.761356229421564,0.7873853948658278,-0.43340465068258177,0.2245083974469535,9.746991317609613,0.905272451778633,-0.3122656279539913,0.531778734728361
82,15423.743813342124,0.0,0.0,0.0,0.0,0.0,0.0,0.0,0.0,0.0,-1.4935096996416122,0.0,-0.5337401451767049,-0.2225401061606817,1.0588168563023428,-0.3612971567989078,0.33349781056626865,0.08691454528357503,0.26814701069653685,-2.6399175327168867,-2.0099147857511777,-0.5735108419004669,-0.18812289540469695,0.4476653519916411,0.3061508641985313,1.20425911219861,-0.5562158113008434,-0.7128859269343739,-2.6074044739062656,-1.7065039879250603,-0.2389089349688655,-0.5820645027866559,-0.43522143820855747,-0.22732391764707388,0.45070975744322384,-0.6946020619160895,-0.9613229091647921,1.432998337681736,-1.3406386767136895,-0.1941110963061181,-0.19570269993849176,0.26869498489305393,-0.6140070706300498,0.6950929831869052,-0.2377185846988488,-0.26686211553820105,-0.0022375255949581047,-5.708252302364516E-4,-0.06352034581589057,-0.07720348823697475,29.107536305490317,7.797727987548273,0.7851737289436199,-0.4359204763696484,0.22437068308516925,9.75529387116627,0.90624868018861,-0.31240763908845365,0.5308075271324411
83,15423.712656518734,0.0,0.0,0.0,0.0,0.0,0.0,0.0,0.0,0.0,-1.4934835644221212,0.0,-0.5336759952890217,-0.22247308594987766,1.058735993768107,-0.36134334254598094,0.3335645211452654,0.08692957000353914,0.2681773425579858,-2.639963879767373,-2.0101020818181943,-0.5734674899197107,-0.18813126203977254,0.4477929078375751,0.3061847013009864,1.2043018851820892,-0.5562988166940688,-0.7131056751101758,-2.6077986285257317,-1.7061710866402862,-0.23850773475876533,-0.5814387347342155,-0.43372747681216395,-0.2274496239422558,0.45061832069835334,-0.694710834449973,-0.9610057247553857,1.4330389821922898,-1.3405392246209853,-0.19414607942253873,-0.195716012177791,0.2687593899477658,-0.6139825250130537,0.6951653645978336,-0.23771831004860322,-0.26689036644404923,-0.0022375602487332722,-5.708413271311989E-4,-0.06362087791193187,-0.07717781732635778,29.327963806641826,7.836843497984614,0.7805926733162745,-0.4374560827372944,0.225811440038325,9.763534806261854,0.9068935874607278,-0.31237677021377963,0.5310751756724499
84,15420.50775923894,0.0,0.0,0.0,0.0,0.0,0.0,0.0,0.0,0.0,-1.4927233962887678,0.0,-0.5337096999297188,-0.22268020439564376,1.0567220780091742,-0.36088927074310023,0.3347189982162804,0.08658112435316853,0.26973406202547306,-2.642745724255418,-2.0063770616038754,-0.5721810784825643,-0.18870120631925144,0.44774172091309605,0.3051046522361132,1.2049057356858592,-0.5540108055626346,-0.7105081257309529,-2.584993713570402,-1.7217132409312235,-0.24103257344029616,-0.5928927600158856,-0.3947881084856203,-0.24410092030320926,0.45692820895972736,-0.6846385122145948,-0.9473260597645207,1.4346093240291704,-1.3680050191286355,-0.19550865875841922,-0.1967415526378716,0.27107135996287746,-0.6125174165235711,0.6957782192116048,-0.23896367004235772,-0.26415581740078753,-0.0022347802317927677,-5.6953247945061E-4,-0.07296023630886433,-0.07440048803110808,49.938821281022385,11.412341793493344,0.3808708915978267,-0.5559270163533078,0.2583682579704085,10.989936525328924,0.961748973011851,-0.30048568991431024,0.5064016316857896
85,15420.406794213854,0.0,0.0,0.0,0.0,0.0,0.0,0.0,0.0,0.0,-1.4938574146328336,0.0,-0.5361895727137402,-0.224833864123314,1.0594988390862454,-0.35987502562675316,0.33277088782337233,0.08618009384632679,0.2697125595880197,-2.647636531978815,-2.0121808652046305,-0.5727645021613238,-0.18917834469508435,0.4489527406636976,0.30445575205799985,1.20235420829229,-0.5558421422525722,-0.7110006113718317,-2.5901693752621457,-1.7123492467537376,-0.24538216869289345,-0.5941653147768313,-0.4093024467849197,-0.23265683175097357,0.45046854595766067,-0.6737145478505279,-0.933081964481173,1.4326567130284793,-1.3759917269505342,-0.19398316795643222,-0.19460963255094355,0.27080323262721684,-0.6129277134006967,0.6936315104842103,-0.23898085771425776,-0.2642184354509509,-0.0021937660515276734,-5.574280308434997E-4,-0.07529625234663842,-0.07361150628484502,54.56771677574235,12.207123973716126,0.3038836869121262,-0.571552107065195,0.21695222235110562,11.36323064820911,0.9692642285656061,-0.29304416586292764,0.4985003213490538
86,15420.13318785847,0.0,0.0,0.0,0.0,0.0,0.0,0.0,0.0,0.0,-1.4943633838856023,0.0,-0.5354917015742549,-0.2241775912219541,1.0597546635688326,-0.3607125210723514,0.3330068522373306,0.08750669445460865,0.2700201850451673,-2.649736823478752,-2.01543455021729,-0.5729963063295733,-0.19028437913013926,0.4481468661039078,0.30787359140877696,1.2024383541721335,-0.5581997992397815,-0.7147887583995443,-2.5863625332959472,-1.7091738754332155,-0.24836377131546816,-0.5936166325774748,-0.4432507883095214,-0.2325927321772746,0.4501614710047066,-0.6710322792009195,-0.9246346596749561,1.4325612487460144,-1.3773479384918303,-0.19386654745090753,-0.1941554523815504,0.2711703287734823,-0.6136374720238384,0.6937601099686256,-0.23858995664409288,-0.2634305846576822,-0.0021981341869201617,-5.580817742898626E-4,-0.07508959552640154,-0.07363737599009279,54.021203429752404,12.098090507967058,0.3153487190014522,-0.5412292758344308,0.16287603829694206,11.465622154777858,0.9673539615662125,-0.2916213702184876,0.4962047797201627
87,15419.610308250876,0.0,0.0,0.0,0.0,0.0,0.0,0.0,0.0,0.0,-1.4938076403220948,0.0,-0.5318559124345084,-0.22078122222811225,1.0573338583534946,-0.3633560810819413,0.3353151659964756,0.08976008205650554,0.26944910292195196,-2.6484441385776805,-2.015160973882242,-0.573384832499396,-0.18980592658578557,0.4462602704911652,0.31176465910084544,1.2041960914656606,-0.5594214897774812,-0.7173382236095593,-2.5795713188002245,-1.6867133251556896,-0.23726614980065483,-0.5595187347745405,-0.5066972356364001,-0.23519725058542207,0.44631030627556467,-0.6704101628211526,-0.8973447859711584,1.4358374450161682,-1.3885954721108558,-0.19358961505780276,-0.1938083481096353,0.270406491377352,-0.6148425597730766,0.6952232325214764,-0.2368518992061835,-0.26276743119211554,-0.002228114125195469,-5.665143376707497E-4,-0.07736556411298348,-0.07307396056041879,57.76208564716589,12.676980996288846,0.23014844349242147,-0.48188340506674465,0.03885371857940384,11.731620678038254,0.9870993881382413,-0.2892528635583278,0.4802609581370636
88,15419.609601946406,0.0,0.0,0.0,0.0,0.0,0.0,0.0,0.0,0.0,-1.4938049639514368,0.0,-0.5318558005495685,-0.2207813898507329,1.0573305691850512,-0.36335512986141894,0.33531703773950433,0.08975540622128447,0.26944698280172613,-2.6484465060563687,-2.0151528543222668,-0.573383121437352,-0.18979899769446526,0.44626990550719503,0.31175102135569127,1.204196378571354,-0.5594141445256473,-0.7173343309816028,-2.5796030648106494,-1.6866732355501894,-0.23723474480268353,-0.5594664521449715,-0.506755273297576,-0.23516739530744493,0.4462957416356561,-0.6704300152473808,-0.8973592815863516,1.435838674106057,-1.388581337067106,-0.19358991945108514,-0.19380994224517947,0.2704035259599487,-0.614838191337462,0.6952246944846439,-0.2368507940455203,-0.26277135748465585,-0.0022280569034183566,-5.664995884640466E-4,-0.07736974783436013,-0.07307244833090043,57.77166186086494,12.678487460971107,0.2298662151520452,-0.48176568205204057,0.03869836127189411,11.732083547790685,0.9871321939081217,-0.2892446196677363,0.48027724902287916
89,15419.608869098933,0.0,0.0,0.0,0.0,0.0,0.0,0.0,0.0,0.0,-1.4938020837644226,0.0,-0.5318556734020323,-0.22078157079400046,1.0573270268792008,-0.3633541078180438,0.335319049921994,0.08975037567041422,0.26944469998565596,-2.648449046588099,-2.0151441169973316,-0.5733812866009997,-0.18979155587822003,0.44628025040945324,0.3117363719797156,1.204196688790133,-0.5594062517401084,-0.7173301307233528,-2.579637185529983,-1.6866301264891268,-0.23720091807698812,-0.5594101821844253,-0.5068176938939403,-0.2351353123161712,0.44628008358672827,-0.6704514249811605,-0.8973749380152537,1.435840017813343,-1.3885661887275533,-0.19359025002592156,-0.19381166468555458,0.2704003300736095,-0.6148334979837633,0.6952262688411304,-0.23684960503276373,-0.2627755827048527,-0.0022279954314582216,-5.664837430744944E-4,-0.07737424625266195,-0.07307082220856242,57.78195368958304,12.680105675339538,0.22956260861212527,-0.48163881308458323,0.038531240872299755,11.732579806573952,0.9871675755929107,-0.2892358219055555,0.48029469534839886
90,15419.608837908569,0.0,0.0,0.0,0.0,0.0,0.0,0.0,0.0,0.0,-1.4938020453033833,0.0,-0.5318556715992601,-0.2207815732219093,1.0573269795178633,-0.363354094169618,0.33531907676981804,0.08975030851122523,0.2694446694788359,-2.648449080442411,-2.0151440001552063,-0.5733812622579967,-0.18979145670429445,0.4462803881970917,0.31173617673440773,1.2041966929547114,-0.5594061464197683,-0.7173300742662236,-2.5796376404574577,-1.686629551296386,-0.23720046601213135,-0.5594094305265636,-0.5068185268805441,-0.23513488467981067,0.44627987491559823,-0.6704517108070578,-0.8973751476742184,1.4358400362737225,-1.3885659892314521,-0.19359025448888076,-0.19381168781914027,0.27040028734734295,-0.614833435468875,0.6952262898618452,-0.2368495891223447,-0.2627756391773739,-0.002227994611857612,-5.664835317914774E-4,-0.07737430627563034,-0.07307080050196041,57.782090924277334,12.680127237871224,0.22955855737464195,-0.4816371174545563,0.038529010141822036,11.732586404232105,0.9871680502847765,-0.28923570610059496,0.48029492449691374
91,15419.608760424135,0.0,0.0,0.0,0.0,0.0,0.0,0.0,0.0,0.0,-1.4938020069050482,0.0,-0.5318556697987666,-0.2207815756465876,1.0573269322335879,-0.3633540805429433,0.33531910357269606,0.0897502414608904,0.26944463902094834,-2.6484491142409463,-2.01514388350152,-0.5733812379558573,-0.1897913576937996,0.4462805257551322,0.31173598181063294,1.204196697112061,-0.5594060412719859,-0.7173300178964915,-2.5796380946337596,-1.6866289770397853,-0.23720001467990817,-0.5594086800882256,-0.5068193585192173,-0.23513445774092265,0.44627966658562457,-0.6704519961701058,-0.8973753570032942,1.4358400547083299,-1.3885657900788975,-0.19359025894468693,-0.19381171091601287,0.2704002446888079,-0.614833373056835,0.6952263108478844,-0.23684957323747718,-0.2627756955581524,-0.002227993793601692,-5.664833208545708E-4,-0.07737436620234771,-0.07307077883031038,57.78222793702035,12.680148765409497,0.2295545126846166,-0.4816354245583037,0.038526783015135825,11.7325929910115,0.9871685242353384,-0.2892355904986264,0.48029515324746813
92,15419.608637435545,0.0,0.0,0.0,0.0,0.0,0.0,0.0,0.0,0.0,-1.4938020028984025,0.0,-0.5318556696105264,-0.22078157589934364,1.0573269272992045,-0.36335407912124984,0.33531910636976286,0.0897502344651321,0.26944463584303974,-2.648449117767821,-2.0151438713294296,-0.5733812354210558,-0.18979134736319378,0.4462805401070936,0.3117359614734347,1.2041966975459448,-0.5594060303013665,-0.7173300120137368,-2.5796381420202965,-1.6866289171234465,-0.23719996758672296,-0.5594086017873589,-0.5068194452892276,-0.23513441319819423,0.4462796448464967,-0.6704520259447211,-0.8973753788467695,1.4358400566321186,-1.3885657692976239,-0.19359025940839994,-0.19381171332574335,0.27040024023746345,-0.6148333665444782,0.69522631303706,-0.23684957158035225,-0.26277570144194057,-0.0022279937082270843,-5.664832988459228E-4,-0.07737437245506731,-0.0730707765691276,57.78224223265714,12.680151011532027,0.2295540906655759,-0.4816352479207418,0.03852655064108873,11.732593678289927,0.9871685736981104,-0.28923557844913494,0.4802951771154289
93,15419.607187579426,0.0,0.0,0.0,0.0,0.0,0.0,0.0,0.0,0.0,-1.4938019989213145,0.0,-0.5318556694235493,-0.22078157615011113,1.0573269224006894,-0.3633540777101283,0.33531910914680374,0.08975022752144532,0.2694446326887272,-2.648449121268848,-2.0151438592464834,-0.5733812329061901,-0.18979133710925947,0.44628055435217145,0.31173594128756565,1.204196697976577,-0.5594060194123874,-0.7173300061729696,-2.5796381890535085,-1.686628857652724,-0.23719992084420924,-0.5594085240694872,-0.5068195314127436,-0.2351343689891533,0.44627962327124737,-0.6704520554997434,-0.8973754005291198,1.4358400585408093,-1.3885657486671827,-0.19359025986773923,-0.1938117157170493,0.2704002358188673,-0.6148333600805719,0.6952263152109556,-0.23684956993550096,-0.2627757072817501,-0.002227993623485224,-5.664832770003535E-4,-0.07737437866139285,-0.07307077432471124,57.7822564220897,12.680153240961843,0.2295536717847971,-0.48163507259907923,0.03852631999522005,11.732594360537762,0.9871686228066002,-0.2892355665044953,0.48029520080774796
94,15419.60872858347,0.0,0.0,0.0,0.0,0.0,0.0,0.0,0.0,0.0,-1.4938019989213145,0.0,-0.5318556694235493,-0.22078157615011113,1.0573269224006894,-0.3633540777101283,0.33531910914680374,0.08975022752144532,0.2694446326887272,-2.648449121268848,-2.0151438592464834,-0.5733812329061901,-0.18979133710925947,0.44628055435217145,0.31173594128756565,1.204196697976577,-0.5594060194123874,-0.7173300061729696,-2.5796381890535085,-1.686628857652724,-0.23719992084420924,-0.5594085240694872,-0.5068195314127436,-0.2351343689891533,0.44627962327124737,-0.6704520554997434,-0.8973754005291198,1.4358400585408093,-1.3885657486671827,-0.19359025986773923,-0.1938117157170493,0.2704002358188673,-0.6148333600805719,0.6952263152109556,-0.23684956993550096,-0.2627757072817501,-0.002227993623485224,-5.664832770003535E-4,-0.07737437866139285,-0.07307077432471124,57.7822564220897,12.680153240961843,0.2295536717847971,-0.48163507259907923,0.03852631999522005,11.732594360537762,0.9871686228066002,-0.2892355665044953,0.48029520080774796
std.err,,,,,,,,,,,0.05767645583500889,,0.04852856832966081,0.05290323488742872,0.04404650907244283,0.0428483711024565,0.06480294702377282,0.04795829744332966,0.06571968384610156,0.1380263274555926,0.1484678991656173,0.09362930431674965,0.09447184176980278,0.07638591457309142,0.0966478775046635,0.08889521012607518,0.10339790627827326,0.1683107143575204,0.23992336481219623,0.2611806364466781,0.18084484911170282,0.21219971008992994,0.2383997673098455,0.18005475699064835,0.19811894386884799,0.1964990348985789,0.3462008084728282,0.09338184624951577,0.17991429416965013,0.06617728661073098,0.06986111741520078,0.054201019726390236,0.06538376646586659,0.07645326011737683,0.0650152765924063,0.10569960541047631,1.6210424450116938E-4,5.4291682030026726E-5,0.038088870975074476,0.012614092198284617,28.293945346727874,42.01768963012531,1.1487086091454872,0.5870716256181655,0.3093945017944141,3.7876804475616566,0.3678185363740445,0.17397940933627234,0.2436630607240101
t.test,,,,,,,,,,,-25.899684321701947,,-10.959640634988144,-4.173309564526742,24.004783685847045,-8.479997450575132,5.174442283061489,1.8714223045031875,4.099907621584069,-19.18799963811931,-13.572926340114584,-6.123950584599357,-2.0089725526016458,5.842445650436493,3.225481503952569,13.546249525353854,-5.410225792259915,-4.261939050708557,-10.751925687074124,-6.45771019092015,-1.3116211051037316,-2.6362360430766403,-2.1259229282469727,-1.305904786516502,2.2525843039355102,-3.4119865059173997,-2.592066160930271,15.376008466402054,-7.717929001004418,-2.9253278546531942,-2.774242996503784,4.988840379458961,-9.40345583183165,9.093481614042247,-3.6429833471348285,-2.4860613836852163,-13.744202876002744,-10.434071220837339,-2.0314169646043587,-5.792788983629602,2.0422127672191914,0.30178130574486867,0.19983629438936631,-0.8204025736926642,0.12452166981564511,3.097567105506668,2.6838468570347476,-1.6624701026858446,1.9711449055126335
p.val,,,,,,,,,,,0.0,,0.0,3.0020659965490637E-5,0.0,0.0,2.2859275738973395E-7,0.06128656972975266,4.1331508649600224E-5,0.0,0.0,9.128322542295564E-10,0.044540044649535204,5.1439972281741575E-9,0.0012576096155250127,0.0,6.294533516637557E-8,2.0266072268348978E-5,0.0,1.0629896962655039E-10,0.18964800837767992,0.008383139380548466,0.033509677424706785,0.19158493865447346,0.024285371703407943,6.449130566557049E-4,0.009540142275701546,0.0,1.176836406102666E-14,0.0034409349372119813,0.005533033261286402,6.074280971546386E-7,0.0,0.0,2.694962796785383E-4,0.012916568395018979,0.0,0.0,0.04221271494463896,6.922706630163589E-9,0.041130430590173184,0.7628187827110962,0.8416086149831987,0.4119866487744521,0.9009022438740468,0.0019511621561201231,0.007278043577082727,0.09641855310110703,0.04870730360539155
