Iteration,LL,asc_carD,b_carD_age_gr_under16,b_carD_age_gr_40_54,b_carD_age_gr_55up,b_carD_female,b_carD_hhcars_0,b_carD_hhcars_23,asc_carP,b_carP_age_gr_under16,b_carP_age_gr_40_54,b_carP_age_gr_55up,b_carP_female,b_carP_hhcars_0,b_carP_hhcars_23,asc_pt,b_pt_age_gr_under16,b_pt_age_gr_40_54,b_pt_age_gr_55up,b_pt_female,b_pt_hhcars_0,b_pt_hhcars_23,asc_bike,b_bike_age_gr_under16,b_bike_age_gr_40_54,b_bike_age_gr_55up,b_bike_female,b_bike_hhcars_0,b_bike_hhcars_23,asc_walk,b_walk_age_gr_under16,b_walk_age_gr_40_54,b_walk_age_gr_55up,b_walk_female,b_walk_hhcars_0,b_walk_hhcars_23,b_car_time,b_pt_time,b_bike_cost,b_walk_cost,g_bike_grad
0,17052.16069644633,0.0,0.0,0.0,0.0,0.0,0.0,0.0,0.0,0.0,0.0,0.0,0.0,0.0,0.0,0.0,0.0,0.0,0.0,0.0,0.0,0.0,0.0,0.0,0.0,0.0,0.0,0.0,0.0,0.0,0.0,0.0,0.0,0.0,0.0,0.0,0.0,0.0,-0.1,-0.1,0.0
1,16421.61602045296,0.0,0.0,0.0,0.0,0.0,0.0,0.0,-4.805004163561917E-7,0.0,-3.184344685540994E-6,0.0,-7.238792197572402E-7,9.991381444932396E-8,-3.5100138496208363E-7,-1.1042859266740704E-5,-3.867227302111568E-6,-3.6666478428811687E-6,-1.4459251049752644E-6,-6.354529222100447E-6,-1.6889879701358042E-6,-4.342864991036684E-6,-3.853323498560966E-6,-1.4048979691073566E-6,0.0,-4.018365559146057E-7,-2.3426700889412395E-6,0.0,-1.4520932420047248E-6,1.746421841439988E-6,6.153926158674423E-7,6.022587192724828E-7,6.768097749112732E-8,1.1886649821110214E-6,0.0,3.15437753884418E-7,0.00425942734180798,-0.024319779506437985,-0.10002786719775121,-0.09998508782938191,3.258150168829589E-8
2,16225.639691117001,0.0,0.0,0.0,0.0,0.0,0.0,0.0,-3.7867043433291415E-4,0.0,-2.4596596989772974E-4,0.0,-2.3285136145373395E-4,-5.2962034759925026E-5,-1.5195090362150093E-4,-1.0986363797172535E-5,-3.0045158522133537E-6,-5.497565367683298E-6,-2.064841539368836E-6,-5.997677923784851E-6,6.756525286364429E-7,-6.968701175601334E-6,-1.7434574443915752E-4,-7.266930852428863E-5,0.0,-1.5823423494903012E-5,-1.0514566967000497E-4,0.0,-6.41216085992111E-5,7.915018605755784E-5,2.5296313218667013E-5,2.875868898330752E-5,3.191383222906014E-6,5.48456981944543E-5,0.0,1.3602592907940228E-5,0.017540217033617578,-0.022149745428624704,-0.10098960373888859,-0.09928355501559315,1.1842868635179373E-6
3,15757.19596424458,0.0,0.0,0.0,0.0,0.0,0.0,0.0,-0.017549729357721408,0.0,-0.010148950237352631,0.0,-0.0106255986854606,-0.0025352195038417197,-0.006887570958511857,-4.709173371839118E-5,1.6397247167392526E-5,-8.800267156812888E-5,-3.061911304253972E-5,-1.438076718038993E-5,8.48904540526943E-5,-1.2207444572539213E-4,-0.003536366895460313,-0.0015354608827895856,0.0,-3.071999428319338E-4,-0.0021824486104482,0.0,-0.0013227369539297643,0.0038204815145304336,0.0012741191151254233,0.0013596793735015042,1.894365034210752E-4,0.0025725116980464926,0.0,7.937724345435002E-4,0.01794698934535723,-0.022086802550782533,-0.11590558691987095,-0.06031821135752895,1.9595110259087177E-5
4,13828.72359595186,0.0,0.0,0.0,0.0,0.0,0.0,0.0,-1.0341626673169246,0.0,-0.6117380366666318,0.0,-0.6098043573763268,-0.1474723290125883,-0.3984102012303029,-0.002658269858944002,0.0013951639035539982,-0.006007571832337698,-0.0020759188623910166,-6.336833798169487E-4,0.006110230165144633,-0.008375803125934276,-0.08491558837041945,-0.03671720829981008,0.0,-0.007578211200601804,-0.058864138154118756,0.0,-0.036463282091372395,0.04759731432236235,-0.009373893292563513,0.030245166334873532,-0.003414126092436428,0.050013873267550905,0.0,-0.01958300281555388,0.011995526915767968,-0.02350047887681675,-0.3302078042257393,-0.27013908312664753,8.385271389734431E-4
5,13021.910342681216,0.0,0.0,0.0,0.0,0.0,0.0,0.0,-1.1261159578776572,0.0,-0.8472584147258351,0.0,-0.3922243823733522,-0.15274458901032326,-0.26979376442139,-0.011340605297962245,0.005451353107395741,-0.02475771975632707,-0.008517829159998038,-0.002927050856816358,0.0249294069068889,-0.03450114233948408,-0.46032269724429525,-0.29683677718126056,0.0,-0.023154416634253272,-0.32036911082027375,0.0,-0.1957654690791271,0.19373067534364563,-0.05778951462426947,0.13167221115815542,-0.01066591251459964,0.19830465311536732,0.0,-0.08326595610630408,-0.028088937807485677,-0.029801902046772747,-1.0475337144459667,-0.5275746675771396,0.00823991876142499
6,12857.123351953207,0.0,0.0,0.0,0.0,0.0,0.0,0.0,-1.9208317960248813,0.0,-0.9905745184014303,0.0,0.38951924128659143,0.04316477682172881,0.28695017751790397,-0.10014274252386753,0.04637785840325136,-0.2142755877714305,-0.07619986080189799,-0.027556479270552093,0.21793875967524273,-0.30084646016349376,-1.3764210155460845,-0.7194083064836083,0.0,-0.046067358234886224,-0.33227536610951003,0.0,-0.3714801775597717,0.8297918240003987,-1.0303198995791691,0.8694528297158612,-0.08059633853819241,0.978932825565743,0.0,-1.0078202177270208,-1.6255501880901163E-5,-0.02537143030678571,-0.3126311193103346,-0.4246567598028539,0.3581731947623681
7,12709.554874197318,0.0,0.0,0.0,0.0,0.0,0.0,0.0,-2.5627570646226125,0.0,-0.1449740496253895,0.0,0.5634405911486632,0.5439332669506248,0.3132130045747553,-0.25020050698080865,0.11266938568065517,-0.533574959439987,-0.19097632352142732,-0.06561171365652255,0.546035686302545,-0.754432078433535,-1.8131415528403112,-0.7185018676773232,0.0,-0.06964000335645029,0.6463885369566742,0.0,-0.09781117035210768,1.243103431231118,-2.4824017380934276,1.4212950988378252,-0.21819113279005126,1.5954826396793422,0.0,-2.3915358395581343,-0.018357549916250715,-0.028119868414860902,-0.7583106149141075,-0.5210198846966949,0.8809251919864914
8,12584.957960906635,0.0,0.0,0.0,0.0,0.0,0.0,0.0,-2.5742930314055026,0.0,-0.29437793397822454,0.0,0.6018714173411068,0.5171487416331434,0.41788066581648986,-0.391169270082912,0.16872296102630183,-0.8270181003421369,-0.29701737529384814,-0.09917290879323301,0.8484241289689338,-1.1748960213374202,-2.2529778353696663,-1.0364662904325943,0.0,-0.05564236421199354,1.1972774531231314,0.0,-0.016512010186046033,1.0956631277912918,-3.0719748618553457,0.8767947706765578,-0.3456927645397442,1.3064134219771897,0.0,-3.139859365112687,-0.02283314954867066,-0.02865811680501546,-0.8237858765396444,-0.47368293291064134,1.3539798801212575
9,12441.686034511997,0.0,0.0,0.0,0.0,0.0,0.0,0.0,-2.773615308607236,0.0,0.054076730578908605,0.0,0.9248680890849026,0.2622816598336157,0.020050968798642765,-0.7341795926984163,0.2847482571147617,-1.5142520584386001,-0.5455391138070981,-0.1806915367948647,1.5463572792928468,-2.157942621092686,-2.8639838941816333,-0.6603100554305239,0.0,-0.07089984035368205,1.0800072354465238,0.0,-0.029379114006460157,1.5589185353882966,-3.3365812564491275,-0.29525827762372203,-0.6528157452646425,1.143273362169841,0.0,-3.601397583923634,-0.027172994306099367,-0.028965779116772325,-0.850778120699356,-0.47894624866430485,2.413226788439588
10,12167.634046753912,0.0,0.0,0.0,0.0,0.0,0.0,0.0,-2.2924447674924884,0.0,-0.40441941496400535,0.0,0.4684598468336994,-0.09910432537507924,0.41615367527158054,-1.5575944059534814,0.5450828643697905,-3.1413116018808456,-1.1339291416897384,-0.3733749903023764,3.1810997985961116,-4.480438180196769,-3.2674089903293533,0.43569187887116856,0.0,0.015564798350651124,1.2224489283276674,0.0,-0.06002856172496708,3.0575343672128383,-3.802924163654377,-1.6039864438823044,-1.4887677648623268,1.2937619555540714,0.0,-3.74972642766135,-0.03564627792140832,-0.02921414204027392,-1.029799871354033,-0.5598870715001634,4.8482402478877535
11,11898.945237161155,0.0,0.0,0.0,0.0,0.0,0.0,0.0,-1.6324002967428428,0.0,-1.1498402899099966,0.0,0.4380920473282323,0.5919193667168146,-0.3377814827331679,-2.551023911705556,0.8514925230049506,-5.09574818354762,-1.840233745977495,-0.602266327768757,5.128714147799514,-7.265504324190256,-3.5923028477615686,0.7810051700584788,0.0,0.26410167387160083,1.3280127438355536,0.0,0.052043917798466455,4.301497447375932,-4.2469447544614765,-2.106500492017672,-2.555975200203796,0.9024507025971311,0.0,-3.2306513493454614,-0.04055980956292683,-0.028693015912674636,-1.097827303330354,-0.607551701469155,7.716239117084166
12,11417.0205386555,0.0,0.0,0.0,0.0,0.0,0.0,0.0,-1.7963668578870953,0.0,-0.8975580983707343,0.0,0.29558332615031807,0.6694164788539948,-0.11091801783952313,-3.7644962166806835,1.2053155181862754,-7.455941305952836,-2.692468184556075,-0.8790926866570132,7.45481704989783,-10.625105518388747,-3.738819681461637,0.5289945850083448,0.0,0.6447124806529227,1.4127542427580448,0.0,-0.1447380889205448,4.969673835917163,-4.255537083373028,-2.017764787517538,-3.7887373714343884,-0.24797171869465617,0.0,-2.1975396489549066,-0.04989762273032608,-0.028712171622974927,-1.2784474438715163,-0.6604730004500386,11.077500559758727
13,11119.388084109443,0.0,0.0,0.0,0.0,0.0,0.0,0.0,-1.8049578418762338,0.0,-1.03918795141286,0.0,0.5358692615137066,0.3146200836399892,-0.15621317004822524,-4.655630094923433,1.3040536913525378,-8.939768596066168,-3.227091507311374,-1.0793044430954486,8.78858330139606,-12.737740055055047,-3.2827551287823664,0.4548673483647761,0.0,0.791690427882754,1.1208136053470776,0.0,0.04937899846082863,4.239685396541295,-4.050254985971768,-1.8075686440566718,-4.081943918892558,0.007536774588483119,0.0,-2.0515329245722866,-0.055355077874465496,-0.028531768590257408,-1.451259882319802,-0.641616311098471,12.971600570519847
14,10767.031636382237,0.0,0.0,0.0,0.0,0.0,0.0,0.0,-1.5955896014652058,0.0,-0.7365192222281773,0.0,-0.17924315280511327,0.7216012244665322,-0.13121774637578681,-6.804684535074764,1.267567558356455,-12.107054310808579,-4.385560909182537,-1.5342402956403574,11.36764827492607,-17.25389747852089,-3.080381212327138,-0.4216211199671214,0.0,0.8302399158750836,0.4350947214391314,0.0,-0.0229057692629923,2.6701851040570173,-2.6378822551517294,-1.7556594977050402,-3.953119127753543,1.302938219482638,0.0,-2.0079541447830365,-0.061360375526434204,-0.027146918699830117,-1.5100319830627036,-0.642654939194419,16.740873852784144
15,10525.352936421667,0.0,0.0,0.0,0.0,0.0,0.0,0.0,-1.7309039286307655,0.0,-0.9546434316886193,0.0,0.09432020809632885,1.0271630108743615,-0.028450512807311507,-8.372624238057965,0.8029701145259952,-13.775128758154455,-5.038954988413378,-1.7946258850638688,12.236906751246734,-19.649791233650237,-2.9676400092649073,-0.11987666438768557,0.0,0.3053235829272818,0.7054413626409409,0.0,-0.3912144764141869,2.2166495775139765,-1.7678686742568042,-1.4636968588217054,-2.5683865581396272,1.1457367463890065,0.0,-1.9823181695059628,-0.06586270365049393,-0.02626719441276906,-1.6385628873272693,-0.648292117775958,18.176626653182797
16,10328.736562618771,0.0,0.0,0.0,0.0,0.0,0.0,0.0,-1.3875643638164847,0.0,-0.9146938413064569,0.0,-0.11034456633197057,0.45115277688804656,-0.3958709843292384,-9.901306602838925,0.32602993357926224,-15.392629692380792,-5.7073027446052045,-1.9906858782475787,13.023262960635538,-21.9877530710026,-3.207351646999115,-0.18743841199658506,0.0,-0.25908586743328355,0.7812301208806838,0.0,-0.8144503167792698,1.8939147302159536,-1.7652686484647628,-0.9547567717909371,-0.8620748801208142,1.0608821268465174,0.0,-1.5224606449835143,-0.06786699918896118,-0.02507970246612313,-1.6234658296910862,-0.654640182517003,19.23170679700688
17,10129.76562929359,0.0,0.0,0.0,0.0,0.0,0.0,0.0,-1.5218463222254215,0.0,-0.8130224309536441,0.0,-0.5453874356664612,0.8734012535453768,0.221293604487511,-13.224202589578818,-0.7877398894082399,-19.143008821782416,-7.570894085273511,-1.8253960768978246,14.572208171505446,-27.54908211707624,-2.250188972151225,-0.8223558852021942,0.0,-1.0288825322095851,-1.0993782778815595,0.0,0.5046074264099685,1.8989809593832252,-2.5962363753199984,-1.0480407493562034,0.22670920927436344,0.07241466471529479,0.0,-1.282870758850285,-0.060965365660612246,-0.02069353019320949,-1.511159000008663,-0.5346595270072931,18.054454996339597
18,9904.000580756281,0.0,0.0,0.0,0.0,0.0,0.0,0.0,-1.5661064278821542,0.0,-0.7706198906769924,0.0,-0.485719625318409,0.5456238218728948,0.25599605794975516,-15.293541493139303,-1.479417590407957,-21.52312146425857,-8.771354216003424,-1.6704277802953895,15.563076006947227,-31.092174849649243,-1.6642302851800637,-1.652951209857406,0.0,-1.518881435737719,-1.3239333452303275,0.0,1.314055077749431,2.3454595631252637,-2.3206191190084184,-1.0438085521463996,0.3661406452285062,-0.12390490949146832,0.0,-1.1619446654444276,-0.05273187461849801,-0.017325742863656728,-1.4084992614381433,-0.5081460645656629,17.053688002309265
19,9660.002236494509,0.0,0.0,0.0,0.0,0.0,0.0,0.0,-1.5501147960211663,0.0,-0.7767492448336907,0.0,-0.4527197626750015,0.40418322663219763,0.19504847994516622,-17.196832701224864,-2.1104725873078247,-23.779741327865935,-9.92749030726041,-1.4563663479678586,16.52172401986305,-34.46498632828244,-1.4627101586029296,-1.80739669030162,0.0,-2.0498567144262254,-1.3737392598072196,0.0,0.9902055707508426,2.088737782462194,-2.265070662310348,-0.9229127124446221,-0.2044370007911429,-0.1909274239657287,0.0,-0.946383308145299,-0.04659427696392115,-0.014442919975025871,-1.285869748461144,-0.4449138031257883,15.908325251278477
20,9476.912509456837,0.0,0.0,0.0,0.0,0.0,0.0,0.0,-1.8139786499830641,0.0,-0.8371737729882804,0.0,-0.08635619615222845,0.5573544547832253,0.24176674225534722,-17.77540409193951,-1.8482337596714538,-26.035148680677494,-11.192596020718845,-0.30092666336274476,18.169925655268354,-37.99696141612755,-0.7675167199858499,-2.165245459877502,0.0,-2.174699508456104,-1.0772312880091093,0.0,0.07188242437203096,1.8112763137710544,-2.359277831832875,-1.2638030863736978,0.24228398336874285,0.1197633603090717,0.0,-0.3324539220908517,-0.036522018904032345,-0.011926843687925697,-1.1507189266924083,-0.3702723384562296,14.069883782503673
21,9333.260884807873,0.0,0.0,0.0,0.0,0.0,0.0,0.0,-1.7011253386415996,0.0,-0.8909681376953503,0.0,-0.12193737408830761,0.46277497461627815,0.1149878708164471,-17.90369880322547,-1.5390840733603828,-27.379159941224486,-11.966602177718205,0.5465947680548888,19.234448320168536,-40.134806901838665,-0.5900151817462546,-2.1524546599224803,0.0,-2.207719549741555,-1.2079614866057296,0.0,-0.3902265365973468,1.7228379582371212,-2.0228846667808362,-0.9057688320114146,0.46231824793626075,-0.1252360886067444,0.0,-0.7017431971892159,-0.030778033677020894,-0.010628007220667422,-1.0270136793455535,-0.3237920404073064,12.89886713135352
22,9071.878118163091,0.0,0.0,0.0,0.0,0.0,0.0,0.0,-1.8831160030442369,0.0,-1.0690663529675255,0.0,0.0021089712033967867,0.4717946142843121,0.5199247711822241,-19.229318246068985,-1.514902483930086,-30.973549777175542,-14.207090094090468,2.244211829296089,19.777471754444065,-46.16662603309148,-2.3377997245819753,-1.3363015862972598,0.0,-1.8860617309440941,-0.887319914417172,0.0,0.9797510516137673,0.5461828749293882,-1.3820168411301863,-0.20730152182458328,0.4141267140472379,0.05068744279552018,0.0,0.31421958552537577,-0.020391740063526995,-0.006996575760965627,-0.7201208730481796,-0.2535502015268568,9.862592185615512
23,8807.27241201934,0.0,0.0,0.0,0.0,0.0,0.0,0.0,-1.9170418310811081,0.0,-1.1287465394140994,0.0,0.11092002303321231,0.34454057397529536,0.4726474405797629,-20.82409402612467,-1.821869403442307,-33.30837369585657,-15.778552019302257,2.2905872584071107,18.357764252685715,-50.31653770494284,-2.1335199776868783,-1.4794982517150352,0.0,-0.8447404769975357,-1.0175621496895848,0.0,0.4417341507260274,0.35215894178922047,-1.2942828979279866,0.029502687640256736,0.22126490455449432,0.11053727308486723,0.0,0.2158326264299885,-0.009301443272674539,-0.003102669199569564,-0.49815997147261076,-0.18654106045606972,7.6199395432442145
24,8749.35587946919,0.0,0.0,0.0,0.0,0.0,0.0,0.0,-1.942458068861065,0.0,-1.1372000850085122,0.0,0.15751883058882202,0.3466460369227521,0.4483342682819278,-21.193664501662607,-1.7230609516088304,-34.08410744126023,-16.17899252264581,2.3063353809139486,18.485861111762294,-51.57258760796529,-1.9482552695607327,-1.5816201011184616,0.0,-0.6231639038337791,-1.0357378557975476,0.0,0.18567444368265124,0.43698605190820483,-1.3559455228493127,-0.017933603366305763,0.2806060948828708,0.146888125314508,0.0,0.13337266369696824,-0.008208010401632554,-0.0023973814545667506,-0.4861806792555994,-0.18633536321960217,7.470737366306068
25,8622.950200355375,0.0,0.0,0.0,0.0,0.0,0.0,0.0,-2.3959286392731634,0.0,-1.1237001577166288,0.0,0.8858609995948357,0.19243258658657136,0.14772792168824606,-11.818642827814749,4.208945982019608,-37.88597014884064,-17.03912270610991,0.35423765708510846,6.6948825073881775,-62.69766926862039,-0.4387202391790834,-2.6562918765305645,0.0,-4.825666571145134,-0.6948034051603967,0.0,-2.2749366595927616,1.0303655834875616,-2.114738798986123,-0.38961119937089106,-1.43697647119639,0.7319258780211242,0.0,-0.8567046867992093,-0.014997705587012258,-0.004245800537594422,-0.6386138640269854,-0.28991217921747414,9.133754455292381
26,8525.75696164736,0.0,0.0,0.0,0.0,0.0,0.0,0.0,-2.4405058361070178,0.0,-1.0992275937236273,0.0,1.0044532018253873,0.07115972795793135,0.01887494288041819,-9.590847202003255,2.8394708308229335,-38.83759092636601,-17.150482878771015,2.5354981804187107,3.445713492631841,-65.54613758175569,-0.42329713744567976,-2.6986047213848834,0.0,-4.068825975949395,-0.5696263804063126,0.0,-2.752391022573905,1.177442381962544,-2.206712897462658,-0.46302974263708707,-1.7212451114582743,0.854190114762703,0.0,-1.1478603073744316,-0.017077774928161902,-0.004925069412043456,-0.683267922235447,-0.3140070109730085,9.720600353026743
27,8435.12652016989,0.0,0.0,0.0,0.0,0.0,0.0,0.0,-2.426654323067671,0.0,-1.1108585849150123,0.0,1.0058241834403403,0.032106423327224354,0.004827142657900553,-8.413925284423438,2.2296591908825523,-39.547466762518624,-17.315343541427705,1.8484173011878242,2.6283891772249453,-67.41536972311995,-1.1287178057714473,-2.291692689223587,0.0,-2.61960140414792,-0.34465450809269904,0.0,-2.5365152229350953,1.097636127793137,-2.034174491174253,-0.39582846441596686,-1.4851766904445451,0.8564263390238084,0.0,-1.151926650694987,-0.01641259781421798,-0.004494284880086127,-0.6459666907390047,-0.3104527209671297,9.440861271055622
28,8321.698392368131,0.0,0.0,0.0,0.0,0.0,0.0,0.0,-2.356454845957021,0.0,-1.1046194154371884,0.0,0.9068208665933396,0.03057614695228622,-0.013156191726497197,-7.052805531977554,0.6855924316800799,-40.26476525488461,-17.34352404875719,1.46925934228867,2.4527802926884132,-69.6585414028934,-1.2717262817680002,-2.2486360569878703,0.0,-2.405480553381451,-0.4503530845884219,0.0,-2.443241626496255,1.1933199812202095,-2.0514577348340617,-0.4151424783999125,-1.5728776659594172,0.7920960250928069,0.0,-1.1830080281600621,-0.012431660777581195,-0.0035148339602657157,-0.5504321824599668,-0.2824202703303151,8.792827827774696
29,8245.279138792677,0.0,0.0,0.0,0.0,0.0,0.0,0.0,-2.300145960159103,0.0,-1.11287320411044,0.0,0.8223090036936587,0.051002276974734154,-0.003752856452176505,-5.894959313030222,0.1499224264069957,-41.299856496513414,-17.46453534198585,1.4695240093871553,1.3973687082176918,-72.55750736939206,-1.2916506910681873,-2.239725227776303,0.0,-2.3342956873574554,-0.5956429526100021,0.0,-2.3881047202448946,1.1767608150190532,-2.000325865489716,-0.3646302941067111,-1.5400733345704338,0.7384254494462461,0.0,-1.1361793121810615,-0.009797437137160251,-0.0026558291079799884,-0.4896300144798824,-0.2610759321704784,8.385907710622337
30,8163.851586974518,0.0,0.0,0.0,0.0,0.0,0.0,0.0,-2.2256785164030357,0.0,-1.1251139659584306,0.0,0.7100731910350728,0.09201236880838001,0.026224558046106156,-4.715474616753397,-1.7751496602406922,-41.40712748701112,-17.027192004719083,0.7686679461427659,1.7411247538077403,-74.68971533374477,-1.3054608787192257,-2.2025169425758953,0.0,-2.091012107821343,-0.7656510884491528,0.0,-2.281928814736971,1.1151018888180855,-1.9119731335445658,-0.2857274205564897,-1.3408903068398796,0.6537720362085049,0.0,-1.0281109131869193,-0.007356369321933589,-0.0018261066195466417,-0.4366206248535385,-0.23869091908738158,7.9628332726114
31,8080.186598623594,0.0,0.0,0.0,0.0,0.0,0.0,0.0,-2.1011685189088802,0.0,-1.1340266793221305,0.0,0.5375175718591659,0.1091663089147444,0.07338035482157534,-3.7908597793029664,-2.40506200457959,-40.11233624327733,-15.316437808071557,1.0153262557069431,1.3348250544406222,-77.41223863561547,-1.7420630797994923,-1.880242320657698,0.0,-0.8497385772664205,-0.8169635065487275,0.0,-1.9953992044840538,1.0306850515207584,-1.7268895089739127,-0.22285081958097608,-0.9352771697573986,0.498867947485625,0.0,-0.8487963163412903,-0.004449868613315382,-0.0012461641598991897,-0.36667319638834167,-0.20883377229770372,7.381819630085522
32,8039.658496317479,0.0,0.0,0.0,0.0,0.0,0.0,0.0,-1.971209146413025,0.0,-1.1339437134375652,0.0,0.3123342536670049,0.19910913873141461,0.16238877143276176,-5.513147602090838,-1.5907500737696096,-36.61256812265575,-13.09185905677753,1.047434954140445,2.1183305834027353,-77.65140620572014,-2.075294554612291,-1.628396152531081,0.0,-0.2700641629737006,-1.0002736835142765,0.0,-1.5611235128964103,0.8945958702739462,-1.5606144766414898,-0.08763175822392069,-0.4095214483707543,0.3261036699489911,0.0,-0.5658915620249585,-0.003747689976068078,-8.963142407339979E-4,-0.33668187669856997,-0.19119117661882323,7.212747067289094
33,7979.537974754218,0.0,0.0,0.0,0.0,0.0,0.0,0.0,-1.921339824884058,0.0,-1.1004631580035686,0.0,0.16176217915830335,0.29113060197508556,0.26504859059680685,-1.740945244207841,-3.364779479073788,-29.59918743309599,-8.429050252264155,-1.0839790108761236,0.5866561140039854,-83.33788040524873,-2.526586098371526,-1.4614227697959352,0.0,-0.8352072431392505,-1.1786688503320664,0.0,-1.1968425105830154,0.7914034255402845,-1.6039291259257327,-0.05656575848639088,0.036191950277684015,0.22858587399011507,0.0,-0.3577609602997759,-0.004652758259809405,-0.00124305952278246,-0.31322840501532495,-0.18433527954168855,7.45692483607922
34,7850.543718954019,0.0,0.0,0.0,0.0,0.0,0.0,0.0,-1.9748262632629017,0.0,-1.0226423804667075,0.0,0.206834176190534,0.21483411260541843,0.2651417808758627,-2.941575706571376,-2.912804928154913,-19.406623440555357,-2.4777771394909145,-0.028671642275559517,0.6703585653425873,-86.34423323047064,-3.169606438642949,-1.3069507585262548,0.0,-1.371980367898602,-1.0975277127064644,0.0,-0.8174358726014064,0.7790867483419305,-1.7786247274412035,-0.3191697660123787,-0.2547859658208233,0.32530878653614625,0.0,-0.4443933413839992,-0.005386970717458362,-0.0016213573073493867,-0.2862974672282218,-0.17654938498983283,7.735077476655611
35,7759.519286898629,0.0,0.0,0.0,0.0,0.0,0.0,0.0,-1.9857778198428448,0.0,-1.0687153735393808,0.0,0.31740280902351786,0.22174729768745746,0.16112311786565126,-2.763383379440791,-2.9503943755906485,-12.934800570576902,-1.3322743274805064,-0.2714263360937582,-0.07733339981458276,-90.65167232300023,-3.000080690635853,-1.3190419676037803,0.0,-0.929909783788703,-1.1972346835414576,0.0,-1.2677660048518553,0.9787974871405991,-1.750048722739352,-0.20979369946814358,-0.351104020684751,0.2849326288843468,0.0,-0.5181639205233908,-0.0035192567458087604,-8.214632620184557E-4,-0.2586104617442759,-0.1831400683106258,7.812495213414104
36,7732.307621178407,0.0,0.0,0.0,0.0,0.0,0.0,0.0,-2.0169359039409045,0.0,-1.0926781981973341,0.0,0.37035769416242503,0.20458564821598818,0.18230551354786367,-3.214507627197167,-2.645590268434152,-7.369226613787084,-11.396546699956113,0.28511316904213113,0.9065227739119294,-87.19102339989071,-2.8823272628113967,-1.3138080784441888,0.0,-1.100213182974744,-1.2062551480447556,0.0,-1.3067458189507903,0.7761502525732336,-1.6175522930617514,-0.18952416501558483,-0.3728659594240422,0.46036722311990624,0.0,-0.6226964284617371,-0.0058222747677480775,-0.001959159706627617,-0.31978903840398254,-0.19413444319753778,8.551904973214835
37,7717.120383432904,0.0,0.0,0.0,0.0,0.0,0.0,0.0,-2.0153998248105975,0.0,-1.0877329202697068,0.0,0.3643720594656029,0.20374323619147544,0.18444097344305116,-3.2204738917741937,-2.6814610329528548,-5.948816513100362,-11.396074254185683,0.2916950785855648,0.8918654436778036,-87.69856752827636,-2.9045318713557435,-1.3110624969409954,0.0,-1.1431274024950968,-1.2302554804477859,0.0,-1.2923850224310856,0.774393241508265,-1.6282901693460612,-0.20134103428352645,-0.3743444010692319,0.45325720417726295,0.0,-0.6142955329422677,-0.005787876763858785,-0.0019373241776527675,-0.3167812441045978,-0.19269792691592505,8.599349163011958
38,7701.534837785337,0.0,0.0,0.0,0.0,0.0,0.0,0.0,-2.0142191515777874,0.0,-1.0865839988087085,0.0,0.3627188670511585,0.20483099919008207,0.18376783918981313,-3.2126362562140667,-2.704228365799786,-4.56239758894773,-11.423195217926391,0.28656638439069454,0.8641326027514296,-88.18584077210544,-2.9112801203405616,-1.3084957455871549,0.0,-1.1463030260048666,-1.2533957732825398,0.0,-1.3008328659000772,0.7788917364037236,-1.6323375592008553,-0.20236480659882766,-0.3720291360957552,0.4486626730193241,0.0,-0.6110389362224393,-0.0057709913810637245,-0.0019199730297466788,-0.31554162001354324,-0.19254272031729733,8.660383292334618
39,7681.891147535959,0.0,0.0,0.0,0.0,0.0,0.0,0.0,-2.0166424482829943,0.0,-1.0822310330451261,0.0,0.3677528314153659,0.1991821429905429,0.17721532155767075,-3.31855205732291,-2.719974397320478,0.14836330244157558,-11.544674053068018,0.2953988391712533,0.7482102335800831,-89.76979600918172,-2.8871819988478,-1.3350049038715264,0.0,-1.230922611905869,-1.3401525070348719,0.0,-1.3680546865139545,0.7881322155264071,-1.6487122584499312,-0.21828882570418187,-0.3979175165162344,0.44316965309709033,0.0,-0.6094844737875963,-0.005398533903296742,-0.0017142527501985095,-0.3068319611915956,-0.19011817480537915,8.858431270875782
40,7645.930240971066,0.0,0.0,0.0,0.0,0.0,0.0,0.0,-2.0513689654768696,0.0,-1.057476680931219,0.0,0.43980156656455877,0.14514460721791594,0.08444525031849504,-4.801032273333276,-2.05864566066394,-3.5799948297312763,-11.932735344763062,0.7212760265653243,0.2912404210657301,-87.80288925325537,-2.2869767058079264,-1.7388146750730433,0.0,-1.7993501373794727,-1.5424073318660199,0.0,-1.833371123822722,1.0243100857315848,-1.881435227562065,-0.3434122849145895,-0.7754780538248149,0.3044815011721019,0.0,-0.6020130914682004,-0.0018982176732154216,3.0109794280992058E-5,-0.2569804066233797,-0.17453037159856,8.650164771218078
41,7591.381322183773,0.0,0.0,0.0,0.0,0.0,0.0,0.0,-2.0018156378263012,0.0,-1.0520584818874124,0.0,0.3696124361789187,0.20152863950354366,0.05088579531639445,-2.2906327631833534,-2.548901545468944,-7.3356785998873,-5.60401915489644,0.023292223210352514,0.25390538316010186,-80.0020055549333,-2.156401347509953,-1.5944317747026282,0.0,-0.6309835741155221,-1.6691805256985301,0.0,-2.1047341720825115,1.3149688776544213,-1.9617044128319152,-0.32983676575608867,-0.6911469723639557,0.17457693188428006,0.0,-0.6457282635009929,-0.00911089045624993,-0.0028317108378664723,-0.4224551888695669,-0.23524730654484066,10.278377352274951
42,7499.722597534219,0.0,0.0,0.0,0.0,0.0,0.0,0.0,-2.040561749884678,0.0,-1.0606198787345857,0.0,0.43104255095769684,0.1294579254378722,0.1180693294967514,-2.8584802860480045,-2.4575221809997854,-6.524208742696948,-2.6972547461570056,0.17446465590074406,0.4727206782112275,-77.35144477199292,-2.192044020644265,-1.7017843555040435,0.0,-1.487322972284893,-1.587515888607156,0.0,-2.020574756758985,0.7882805119550819,-1.6909480307811613,-0.21750941025126708,-0.4500958053052112,0.5584401598576901,0.0,-0.6954180727326016,-0.007298090530687775,-0.0022945964431632443,-0.3861407364997233,-0.20813488857212736,10.266574206249242
43,7460.225715930058,0.0,0.0,0.0,0.0,0.0,0.0,0.0,-2.0475257100994684,0.0,-1.064120470389162,0.0,0.44322123356240417,0.12222777616033619,0.12997750488552062,-3.090074588772604,-2.3708284975319125,-6.110070373090492,-1.7656173874555638,0.2332925586736712,0.5165408804020306,-75.84893974688325,-2.1436394154803904,-1.7542970305236578,0.0,-1.7340565632397105,-1.611560238449435,0.0,-2.067931690722358,0.72950174363863,-1.660202963605216,-0.2085516637174271,-0.4314608106698471,0.587978306097277,0.0,-0.6906824803050635,-0.006562312680957472,-0.002057308275455291,-0.3731576240656123,-0.2011231826406834,10.329866008431411
44,7335.951902349272,0.0,0.0,0.0,0.0,0.0,0.0,0.0,-2.066092887438881,0.0,-1.0715587836636338,0.0,0.47892688647671394,0.10152787691659981,0.14826779252522698,-3.8357922527948993,-2.0813575349895155,-4.656441350498649,-1.0806426486534761,0.4724057830030038,0.6531969653555609,-70.50084210288979,-1.9312977050555622,-1.9445466343027435,0.0,-2.4277373613980435,-1.6977822800505993,0.0,-2.2836242429419054,0.6082020783225527,-1.5932549757367536,-0.18543867910456488,-0.41431575126928966,0.656047226199137,0.0,-0.6848303525980632,-0.004639190642907225,-0.0013761714971843326,-0.3440410985587428,-0.18462198039616573,10.665476361034564
45,7176.17898478229,0.0,0.0,0.0,0.0,0.0,0.0,0.0,-2.082449581182595,0.0,-1.0770617289188513,0.0,0.5082022634592107,0.08671427701201459,0.1638929701638073,-4.658287357270562,-1.7920192051712902,-2.831191901300115,-0.2317363704279357,0.6878262715902541,0.8420405346417108,-62.33824192187774,-1.6617003290438146,-2.1797608357304488,0.0,-3.2077491194015737,-1.8199457628385813,0.0,-2.613097663883832,0.5242216456103522,-1.5453238993409906,-0.1707139765484675,-0.40033424935476525,0.7067290487039428,0.0,-0.6783007824182278,-0.002812846705503637,-6.609696307397498E-4,-0.3197923825520026,-0.1707804327723243,11.306318596942413
46,7073.422064622056,0.0,0.0,0.0,0.0,0.0,0.0,0.0,-2.09727454734789,0.0,-1.0821473565753528,0.0,0.5347002357689659,0.07353083762978896,0.17737055283612746,-5.338363443870433,-1.5391270798249181,-1.3086991779253916,0.18959828360343306,0.8701812708303751,0.9976622021008058,-55.34579901773005,-1.4378009948465282,-2.3760751037070187,0.0,-3.8761563280064544,-1.9175500581318583,0.0,-2.8887522019749245,0.4517463363997329,-1.5043917455206794,-0.15870670340106974,-0.39175691399542223,0.7493307218636338,0.0,-0.6728196974479222,-0.0013080640350416571,-7.73428384445771E-5,-0.29997578000965314,-0.15921436488811963,11.847167449618853
47,7029.902304559124,0.0,0.0,0.0,0.0,0.0,0.0,0.0,-2.10779845666449,0.0,-1.0860103076467569,0.0,0.5538433656445703,0.06403837881061908,0.184854793424485,-5.596144186113202,-1.3839991541246448,-0.73400473073476,-0.12392395691980695,0.9637495515506789,1.040462041002133,-51.32885772191351,-1.3189377680997745,-2.476462804778859,0.0,-4.2462716862920225,-1.959275716940231,0.0,-3.032084241013458,0.40790632039503244,-1.4795143886931428,-0.15406781360400276,-0.3970429773425993,0.773371024203007,0.0,-0.671596642528441,-7.776169181929187E-4,1.1732263127488913E-4,-0.2952292260811064,-0.15447481176661323,12.162367011040503
48,6952.5493517133855,0.0,0.0,0.0,0.0,0.0,0.0,0.0,-2.1404963317510943,0.0,-1.0931447966114631,0.0,0.61841787019059,0.028341791889105447,0.1761048216101051,-3.2006764365609595,-1.169367295801543,-5.987684259669839,-2.0409150288588798,0.8213656627324551,0.13238101227476395,-39.36370806097666,-1.1637348298379084,-2.4956968892946803,0.0,-4.486178981677947,-1.922058107731769,0.0,-3.2591680620036785,0.3901205081337202,-1.4543824190975878,-0.19579822733593608,-0.5600072777780578,0.7879147171636414,0.0,-0.7200750379522949,-0.0076404381191308435,-0.0025011457373938506,-0.44901659978395836,-0.19694374611858634,13.722926699508132
49,6797.234104546538,0.0,0.0,0.0,0.0,0.0,0.0,0.0,-2.160212061588988,0.0,-1.0972564297944094,0.0,0.6544843319051986,0.010214884772017329,0.18574629279370655,-3.3355967450035218,-0.9451481236454844,-5.802865053534418,-1.6144707882853164,0.9437683750632981,0.18160907879580587,-28.146341862843023,-0.8997285286653501,-2.7086649906470894,0.0,-5.261614427738375,-2.0178963320830485,0.0,-3.6223954417998474,0.32890099470991335,-1.4200327467001577,-0.18854088269998948,-0.5803514877417179,0.8257984865517722,0.0,-0.722951958605857,-0.007792469840110379,-0.0025467317049353943,-0.4658971137799417,-0.1962142859571772,14.732049168890779
50,6649.894891389451,0.0,0.0,0.0,0.0,0.0,0.0,0.0,-2.178453299389347,0.0,-1.1005873078253308,0.0,0.687528399849126,-0.006318381664145924,0.19458849748982204,-3.473015945892093,-0.7560394317144578,-5.625307982088621,-1.2264313835955132,1.0502375741847245,0.2568138247056113,-17.317936608166807,-0.6632649218874197,-2.9056298909526137,0.0,-6.000293202112642,-2.102251824618332,0.0,-3.966072364731834,0.2746346079954431,-1.3907505526005406,-0.18158854175052289,-0.5977562387216953,0.85907714652725,0.0,-0.724593751063481,-0.007912133023722139,-0.002582745715753606,-0.48061694697409446,-0.19547308510882944,15.686567339729045
51,6509.3822869869355,0.0,0.0,0.0,0.0,0.0,0.0,0.0,-2.195483753846365,0.0,-1.1032531094711235,0.0,0.7179826636294607,-0.02142077495049311,0.20280839296255168,-3.6114673798569736,-0.5965569913828691,-5.452123013023938,-0.8821941122564652,1.1424897766705258,0.3516953674420011,-6.859832282068931,-0.45456814405186463,-3.0864588206547916,0.0,-6.703162081770711,-2.174656854922438,0.0,-4.29085000098557,0.22619468742771764,-1.3657258584135124,-0.17499400856350897,-0.6123465148423044,0.8884954089900339,0.0,-0.7251325299815313,-0.008003174765825795,-0.0026102583696356965,-0.4932857303722394,-0.1947141693535457,16.588995531559966
52,6485.965004459679,0.0,0.0,0.0,0.0,0.0,0.0,0.0,-2.1982689827746955,0.0,-1.1036201794365672,0.0,0.7228834200598936,-0.023812644320233504,0.20415650692889106,-3.6355382200534048,-0.5730187743125787,-5.422109033023834,-0.8307549528547411,1.1563708053849582,0.3705718372928797,-5.101282042050524,-0.42304264920063545,-3.115132215978943,0.0,-6.819428997927479,-2.1851658769004345,0.0,-4.344224236034633,0.218634082048098,-1.3620038610731995,-0.17390818071791947,-0.6144128816366102,0.8930362444461236,0.0,-0.7250487251289067,-0.008014291073871995,-0.0026136478304058346,-0.4951455291830797,-0.1945771005508843,16.737380359745362
53,6469.466775903629,0.0,0.0,0.0,0.0,0.0,0.0,0.0,-2.19920365613917,0.0,-1.1032960381759622,0.0,0.723759862400841,-0.023591777024779433,0.20477240362942728,-3.6580644554133195,-0.5846324747827908,-5.381013936223548,-0.832890098053142,1.1513843533403674,0.40529120648759354,-4.0735042702914654,-0.4277522081593218,-3.121116428892961,0.0,-6.876209639017408,-2.181019938811432,0.0,-4.368545197673843,0.22046986494764237,-1.3644775094781043,-0.17341939022243708,-0.6133418005030293,0.8912212117577106,0.0,-0.7232782899398955,-0.00796799345061723,-0.002599614138860738,-0.49386874661921065,-0.19435633177573639,16.799570216575773
54,6417.316531159715,0.0,0.0,0.0,0.0,0.0,0.0,0.0,-2.1942999934950542,0.0,-1.1015621000279585,0.0,0.7095383823225453,-0.009338054046848475,0.20545985853976428,-3.7149323874070457,-0.6110470979728465,-4.9833830800995145,-0.7099447534766642,1.121851345197379,0.44553233294045763,-0.9745155443923803,-0.5121955097920334,-3.1019109725458187,0.0,-7.005590872677903,-2.1535456999567284,0.0,-4.444821017041895,0.2667674976685546,-1.3943658621255888,-0.17278271306470297,-0.60335093350806,0.8589470597579186,0.0,-0.7109229997888109,-0.007473918429402885,-0.002455116552854162,-0.47788126458082547,-0.19292035451253992,16.917638692759148
55,6353.514408192138,0.0,0.0,0.0,0.0,0.0,0.0,0.0,-2.111814500444313,0.0,-1.069454650381222,0.0,0.5009230551931931,0.1735479915931843,0.18940478948971026,-4.854290979064967,-2.8678612424692855,-0.7316857319480148,-1.2192331004603645,0.003374590279439982,2.8128602463142696,1.970365912831404,-1.6680388567996163,-2.642266581371171,0.0,-6.746181872230402,-1.7301875049679112,0.0,-4.354194808516168,0.9826019724106474,-1.861751952647255,-0.18085351088918744,-0.5071724454320509,0.3406567791188275,0.0,-0.5410006344662707,-0.0010330977892307365,-3.708351200564651E-4,-0.2672925417630351,-0.17463523315639806,15.467002549325887
56,6307.593613052558,0.0,0.0,0.0,0.0,0.0,0.0,0.0,-2.070301974908685,0.0,-1.0607737852716217,0.0,0.4438148388562225,0.1951782324967714,0.1482757755378002,-4.950720942152277,-2.6214871154530854,-1.5830096645573897,-0.42203785597302723,0.11191804516230129,2.6062383533201725,-1.1705486428434755,-1.9411945653622065,-2.4644682484709417,0.0,-6.116627874426738,-1.6274902277626242,0.0,-4.2425959324665,1.1083892413569385,-1.9194815503741085,-0.17988742469190327,-0.451386267602987,0.26252106157667404,0.0,-0.534249727653227,-0.0014700420594582872,-4.7370411763761723E-4,-0.2608915802034985,-0.18213903600451078,15.135364539856509
57,6279.234371042035,0.0,0.0,0.0,0.0,0.0,0.0,0.0,-2.080338582078966,0.0,-1.113492660138835,0.0,0.5276284056269949,0.07032685987975523,0.14693128234644337,-4.455369722560953,-0.8575151127499516,-1.21480554294976,-3.2797732512043316,0.805233036517627,0.26810732587784747,-1.381195452607414,-1.5207059600161337,-2.503214297695867,0.0,-5.674557243559985,-1.7904381414375896,0.0,-4.511965399953641,0.6045034138586166,-1.497788841512122,-0.25899893750776026,-0.49322994576701906,0.6408250911012453,0.0,-0.690468054880159,-0.0037914286669968843,-0.00100804441938533,-0.3431734752235094,-0.18318735670287262,15.898923783989845
58,6249.651581158624,0.0,0.0,0.0,0.0,0.0,0.0,0.0,-2.061276030179573,0.0,-1.0930711585762931,0.0,0.46856583836382715,0.13975989832243763,0.13015047260136273,-4.334922676220285,-1.813454608154868,-1.389387783176718,-0.9100600129589544,0.43471695931427196,0.9185275310820863,-1.2880730516356382,-1.6666806382725834,-2.390484331110136,0.0,-5.259937887994771,-1.7897475189554068,0.0,-4.561984197985697,0.862984018210857,-1.6998314743966692,-0.21731994348752529,-0.5231693813254557,0.49516362943111625,0.0,-0.6683093244082947,-0.003330755420342814,-8.280989604253808E-4,-0.32119429296066937,-0.1883589657796786,15.701824725674719
59,6245.884250660955,0.0,0.0,0.0,0.0,0.0,0.0,0.0,-2.0607997138669436,0.0,-1.0884669988138052,0.0,0.4530257088681125,0.17469385439213883,0.12651148000166315,-4.269007916304602,-1.8596850461331633,-1.1055135420372058,-1.173957292761633,0.4509355430308877,0.8244018115793751,-1.4516897260647257,-1.76764265087046,-2.272398866273273,0.0,-4.8349551582462045,-1.7729266846811953,0.0,-4.649002733367702,0.9745096285701554,-1.7847628135549816,-0.20905436251324583,-0.554469296023762,0.4020909260852157,0.0,-0.6477465206409275,-0.00202592531825292,-4.891935615174833E-4,-0.28806613358605465,-0.18210921021423013,15.386891295608704
60,6242.05309059821,0.0,0.0,0.0,0.0,0.0,0.0,0.0,-2.0606748736153793,0.0,-1.0922508585663115,0.0,0.45183919693613916,0.17699860160958164,0.12573107841938383,-4.051523291093001,-1.9499315519229266,-1.5590084314971746,-0.9564536915749899,0.42219515647352845,0.7097010110927957,-0.9983007193484037,-1.7105213504311192,-2.1913300557654383,0.0,-4.2200561878068426,-1.8145956114760429,0.0,-4.783367538483695,0.9590135851857577,-1.7581164183577618,-0.23087847089640975,-0.5694420551637834,0.40648877790008503,0.0,-0.6595081025714679,-0.002375013302229461,-5.564261789400794E-4,-0.3013648483888129,-0.18326835283413942,15.431350677426883
61,6240.974139899538,0.0,0.0,0.0,0.0,0.0,0.0,0.0,-2.0614262455492876,0.0,-1.0942973028494913,0.0,0.45363431544168625,0.17232324008059757,0.12842497106566667,-4.102901227991754,-1.9854726720840312,-1.5449708330531855,-1.4748102587275511,0.4219122694468879,0.7985082832802601,-0.8637873182528468,-1.6970471424642806,-2.1640036304012993,0.0,-3.977185911045954,-1.8149063641924255,0.0,-4.813198194796184,0.9279396572298884,-1.7350871368864333,-0.23343970465873798,-0.5612695434542474,0.42202014549500366,0.0,-0.6600627187109152,-0.002577395991215099,-5.864985362297134E-4,-0.30760555149533053,-0.18334874834429227,15.430850199176488
62,6239.709696539719,0.0,0.0,0.0,0.0,0.0,0.0,0.0,-2.060316081308726,0.0,-1.092785116674073,0.0,0.44920098268019676,0.16541759138083245,0.13283091727149238,-4.120433220785429,-1.9522376280595748,-1.34426085517378,-1.3556817846342708,0.36392136507267187,0.8452538828533072,-0.8843988917772844,-1.7491218110541054,-2.0958472713152174,0.0,-3.4627775936475977,-1.786409008800359,0.0,-4.8502215270688795,0.9093790289685804,-1.7262195782387304,-0.2366691876505311,-0.5374854700169015,0.42911221945433775,0.0,-0.6501318435494481,-0.0025729114043717078,-6.011814925023467E-4,-0.3064697001352216,-0.18289967209235383,15.348223830516668
63,6238.13482029194,0.0,0.0,0.0,0.0,0.0,0.0,0.0,-2.0623512339808046,0.0,-1.087363263124245,0.0,0.4463011514554218,0.15457719223763466,0.13788515517433825,-4.128717406835465,-1.9286243246406305,-1.2209436971883931,-1.2602917317194962,0.3738445824044556,0.9048587320303982,-0.7778276054534528,-1.8251797039329256,-1.9499608643534616,0.0,-2.0437245202837238,-1.7225305006440792,0.0,-4.995605364993245,0.8946565490423621,-1.7358051478637366,-0.22009175784821677,-0.5261814334904081,0.445044273467346,0.0,-0.6385630004917772,-0.0025732356381874552,-6.35346295387784E-4,-0.30583680347493336,-0.18255346849938908,15.156338911745685
64,6237.445042035534,0.0,0.0,0.0,0.0,0.0,0.0,0.0,-2.0605610571332598,0.0,-1.0877741575773687,0.0,0.4430974081183165,0.1522850198850161,0.13719708603557443,-4.128212252387834,-1.913020522596347,-1.188550676961224,-1.1976518043876532,0.3729571666754721,0.8912558987170348,-0.8402530711551928,-1.8633494546856466,-1.906187970652278,0.0,-1.3405187564715753,-1.6711290818192528,0.0,-5.071763062422982,0.9027749396265787,-1.7380289968008829,-0.2321646640513558,-0.5499596687768864,0.43909927180735453,0.0,-0.6387554736328043,-0.002618423916836563,-6.392524638195539E-4,-0.3027831001219874,-0.182968688050371,15.061587022750958
65,6236.5419456894215,0.0,0.0,0.0,0.0,0.0,0.0,0.0,-2.0609671186362326,0.0,-1.0896418751304757,0.0,0.4443189587476949,0.15429247272555757,0.1360638101960433,-4.125145385639446,-1.8987338694389104,-1.3688701381540276,-1.2217252431642787,0.3980662007828284,0.8601824210458014,-0.9184226286084732,-1.8840079059649455,-1.963714078091147,0.0,-1.2630158039067463,-1.5943607502269563,0.0,-5.072841532135214,0.9273793550224881,-1.7529468941254962,-0.24127862531677052,-0.605571798563097,0.4231592469831743,0.0,-0.6406757339841924,-0.0026246189771229394,-6.387950778524957E-4,-0.29247766025561805,-0.1836231980387371,15.016144006629377
66,6236.064400199585,0.0,0.0,0.0,0.0,0.0,0.0,0.0,-2.0612509296852695,0.0,-1.0930015727005544,0.0,0.4460364429348712,0.16249859023044033,0.13497011639738313,-4.143128054698401,-1.894611116280287,-1.382470310427232,-1.2498377209253617,0.4392741460321862,0.8140991616096649,-1.0180277907738071,-1.8957850355280004,-2.045684926165456,0.0,-1.5034158032896108,-1.521365397376538,0.0,-5.0209157684213555,0.934279916463458,-1.7524420961598277,-0.22677982995095666,-0.6110043466410061,0.42059948278931203,0.0,-0.6433075100832899,-0.002659751515489668,-6.235635298990114E-4,-0.28303311910934614,-0.1843471461355829,15.04255085896774
67,6235.547217088803,0.0,0.0,0.0,0.0,0.0,0.0,0.0,-2.062278743498691,0.0,-1.0967448245284437,0.0,0.4479541858970866,0.16703762836948394,0.13646105271471234,-4.122067060334692,-1.9238287856810996,-1.4454484740000908,-1.3235725027299308,0.41906848676782665,0.8325751267506079,-0.9611580631513215,-1.9114899797436316,-2.0877245521878374,0.0,-1.437738444837552,-1.444788335301985,0.0,-4.973704128827029,0.9268457611207608,-1.7433386627520706,-0.22482856161719478,-0.5890243307452798,0.42130182152932005,0.0,-0.642929039679228,-0.002606933515882428,-6.147790281326281E-4,-0.2748441679067265,-0.18383127776223004,15.019370932825398
68,6234.894681414448,0.0,0.0,0.0,0.0,0.0,0.0,0.0,-2.0667566873869383,0.0,-1.100078678527048,0.0,0.44966235043721176,0.16993649083305798,0.1458572881464345,-4.119584030559908,-1.9368865596332028,-1.4098056868482693,-1.3293527648134222,0.4098859317648589,0.8524358597185995,-0.8768261386438782,-1.9320455400244825,-2.133399386876413,0.0,-1.470283287760425,-1.3552968280193822,0.0,-4.817628411442865,0.9074977591959095,-1.7411225643342585,-0.22956197320650176,-0.5595645312850199,0.43166719946825305,0.0,-0.637769695236482,-0.0026072652987000036,-6.244633565643988E-4,-0.2685538305130011,-0.18282243988948757,15.029493364658991
69,6234.145113256978,0.0,0.0,0.0,0.0,0.0,0.0,0.0,-2.068988478601909,0.0,-1.102692071423032,0.0,0.4492583710128183,0.16983836998564292,0.15238820873945572,-4.114979311667601,-1.9423869875543163,-1.3224636631086362,-1.2945719579066137,0.3867266067724007,0.86725380187728,-0.8089782525304511,-1.9439306794379638,-2.1562711863924564,0.0,-1.5033481621182336,-1.2765009676409063,0.0,-4.5498928523113,0.8907571947255593,-1.7392820897310668,-0.23382072125824388,-0.5328382137948104,0.44124458360688634,0.0,-0.6319103952370902,-0.002596881331751943,-6.299508758430385E-4,-0.26614918185781494,-0.18174969452736692,15.060695459116545
70,6232.807599909004,0.0,0.0,0.0,0.0,0.0,0.0,0.0,-2.0706969555737116,0.0,-1.106064147743983,0.0,0.44646752559072633,0.16822538274257193,0.16004697633569925,-4.117601388314982,-1.945117339403524,-1.210266429697141,-1.2275985932436095,0.36927269279455527,0.8808560520139292,-0.7485489649253384,-1.9466459157516423,-2.1620273566368198,0.0,-1.5755303365516302,-1.1849812602719736,0.0,-3.9711423120527405,0.8720762127706393,-1.740128648654998,-0.23896036161820852,-0.5085998966296225,0.44993113715154076,0.0,-0.6243165873798959,-0.002590221565170952,-6.378633720847065E-4,-0.2673893498387267,-0.18047501563913407,15.12935881038277
71,6230.760247604646,0.0,0.0,0.0,0.0,0.0,0.0,0.0,-2.0698029373393374,0.0,-1.1095775856929189,0.0,0.4404586335930228,0.16481206346634855,0.16397649327648312,-4.1202218718775745,-1.9381655435860647,-1.104501364592954,-1.1418692389937783,0.345403555428679,0.8848897537354199,-0.7115189194453722,-1.9314917817710318,-2.1205703902643886,0.0,-1.6290451383735538,-1.0812189155942957,0.0,-2.787287003543211,0.8590909808308995,-1.7413846502163397,-0.24124502913694618,-0.4902200668765644,0.45561477899832464,0.0,-0.6189799225675876,-0.002582721051981743,-6.438877437869797E-4,-0.2756895760668506,-0.17946600546001062,15.254170679493022
72,6229.341266428688,0.0,0.0,0.0,0.0,0.0,0.0,0.0,-2.0645171402888294,0.0,-1.1064624684360642,0.0,0.4374952983953,0.1612613506430539,0.15347469267549854,-4.124202950127238,-1.9299188241106628,-1.162097875787163,-1.1549395196308752,0.36080052360631987,0.8693790365428864,-0.7750165053585754,-1.9140323220053717,-2.0355662135481287,0.0,-1.5416810542862511,-1.1410800345207213,0.0,-2.4247745754085526,0.8794518862508884,-1.7431403621859867,-0.2384996345106325,-0.5139953628170953,0.44537888919835844,0.0,-0.6275398285135542,-0.002580704726395801,-6.35937380870332E-4,-0.28462250686530427,-0.18054787158878646,15.27563035273551
73,6228.426583840678,0.0,0.0,0.0,0.0,0.0,0.0,0.0,-2.057019975445294,0.0,-1.0976722822867913,0.0,0.4386159540382091,0.15922887392564952,0.13149998202431432,-4.123731203583469,-1.9169833605603854,-1.3394902231984223,-1.2510350743789957,0.400829596749757,0.8294355857077641,-0.9205402778695613,-1.9055381910143996,-1.9237438529120128,0.0,-1.356115479356793,-1.2899136537669287,0.0,-2.530602260118108,0.9266159531673812,-1.7451992906809155,-0.2293333063681954,-0.5715936535094505,0.42348737599228153,0.0,-0.6474145488098729,-0.002590572930103112,-6.163243852637322E-4,-0.2915382871911945,-0.18343877096714833,15.22882237803781
74,6228.357176609449,0.0,0.0,0.0,0.0,0.0,0.0,0.0,-2.0586450462639347,0.0,-1.0978677295793093,0.0,0.43968197767817463,0.16170014686494916,0.13437906503262276,-4.124419888414465,-1.9218240798310997,-1.3476287790488068,-1.260598251182941,0.4029217460389384,0.835450345925487,-0.9093118648038755,-1.914643732925972,-1.9394744902042023,0.0,-1.4476930965320034,-1.2656294910132815,0.0,-2.3312975061746135,0.923460914479028,-1.7450217456670714,-0.23056179786363834,-0.5691043002574878,0.42519729406634105,0.0,-0.6463452004766231,-0.002596140416142658,-6.196650554138339E-4,-0.2888733186745491,-0.18334919588343837,15.244417659458389
75,6228.341211763291,0.0,0.0,0.0,0.0,0.0,0.0,0.0,-2.0587829122624264,0.0,-1.097283809999552,0.0,0.4403464255049733,0.16195388741666875,0.13470837642672986,-4.12296036566694,-1.9210991500709735,-1.3415373904474979,-1.2609632901396324,0.400936588325865,0.8389840310809249,-0.9011435717637793,-1.9222870770651883,-1.9424774173221147,0.0,-1.4187719812548132,-1.2683720017558273,0.0,-2.3720932290575694,0.9215479209682916,-1.743499901785345,-0.22953896028219667,-0.5646890280227493,0.42712435238345,0.0,-0.646044064778953,-0.0025995721538002716,-6.21893774862218E-4,-0.2874719444918827,-0.18335561612366094,15.235573179183575
76,6228.331275547608,0.0,0.0,0.0,0.0,0.0,0.0,0.0,-2.0586739971832158,0.0,-1.0961980932699034,0.0,0.4410870121710927,0.1620970544304924,0.13465053766607685,-4.12008227487798,-1.921721523001774,-1.339907613658506,-1.2640979871485818,0.3993734817793694,0.8420439343158627,-0.8966865534762503,-1.9326240867521718,-1.9458230498520046,0.0,-1.4063141683301839,-1.2785359213347651,0.0,-2.3817907867752943,0.9209913213814415,-1.7424358760528196,-0.2299993384849561,-0.5633365606221045,0.428024502779036,0.0,-0.646195554112154,-0.0026018811037796623,-6.231277785280868E-4,-0.28529105722341386,-0.18339369433537422,15.229739227370573
77,6228.327657178826,0.0,0.0,0.0,0.0,0.0,0.0,0.0,-2.058713241850799,0.0,-1.0954963362360381,0.0,0.44173968898663685,0.16204786092216136,0.13456025464756774,-4.1191064749643616,-1.9206257538543594,-1.3400463440548775,-1.2648517212492536,0.3997027537301491,0.8427224682311306,-0.8967112073773753,-1.9378653988704617,-1.9497224357872562,0.0,-1.4011513033975012,-1.2885192928748794,0.0,-2.3698087320618026,0.9209147454944729,-1.7421323009483936,-0.2295754614153533,-0.5634276686632079,0.4285574526550116,0.0,-0.6461756500596253,-0.002605680266249902,-6.243577287467279E-4,-0.2839288022651615,-0.1834471667198111,15.233572435287469
78,6228.326866727516,0.0,0.0,0.0,0.0,0.0,0.0,0.0,-2.0587496652029635,0.0,-1.095584645550694,0.0,0.44181989089600343,0.16186158622923144,0.13458423854814608,-4.119032839318774,-1.921201127055968,-1.3410034040064867,-1.2643382901780675,0.399822645831489,0.8426700976850613,-0.8978996764556179,-1.9370444835343044,-1.952857353853554,0.0,-1.4057889970276685,-1.2935027953385072,0.0,-2.362303292306743,0.9211444948682097,-1.7423095089860174,-0.2301132294153762,-0.5643020144760714,0.4282200196621053,0.0,-0.646030730765037,-0.0026047497781429324,-6.239365271960561E-4,-0.2837005728512041,-0.18343185840532736,15.242835869429802
79,6228.326502826378,0.0,0.0,0.0,0.0,0.0,0.0,0.0,-2.058917733549628,0.0,-1.095888841811641,0.0,0.44190296601363793,0.16177180935187896,0.13468187586089853,-4.11947854427931,-1.9209036651771978,-1.3411682668396958,-1.2637118727876486,0.4000004922463794,0.841899883649855,-0.8988091721970766,-1.9348998345815225,-1.955685641840007,0.0,-1.4030421363160048,-1.2959664807495277,0.0,-2.3571634120560088,0.9211129677961833,-1.7425422985401675,-0.22993273896215283,-0.5645527533600626,0.4281311380347798,0.0,-0.6458368704399166,-0.0026042210494303026,-6.236312395343909E-4,-0.2837943330793531,-0.1834189941053115,15.255720862649927
80,6228.32634139459,0.0,0.0,0.0,0.0,0.0,0.0,0.0,-2.0590076211021726,0.0,-1.096187380992947,0.0,0.44189587342687237,0.16172171811825073,0.13475143916833762,-4.119804863646563,-1.921282831236178,-1.3413985690405401,-1.2635286843574736,0.400066622436745,0.8417271408925977,-0.8988437582674715,-1.9331344244278816,-1.9576354640973002,0.0,-1.4037415357140215,-1.2968474805455255,0.0,-2.357852093400941,0.9211430558173727,-1.7426873890432666,-0.2300739133899963,-0.5647345831283537,0.42800805731072367,0.0,-0.6457580497210504,-0.0026031165789105835,-6.232679229952367E-4,-0.2839292914594709,-0.18340288868618396,15.26902187726058
81,6228.32621527154,0.0,0.0,0.0,0.0,0.0,0.0,0.0,-2.0590819049124187,0.0,-1.096400685866336,0.0,0.44190982752279667,0.16174651593449302,0.13479676705122987,-4.120027675468678,-1.9213544049258962,-1.3412320586546533,-1.2635689706065818,0.4000033228687846,0.8415653046299806,-0.8985232809837814,-1.9322310688405764,-1.9586786131815712,0.0,-1.401693047233367,-1.2967754464918781,0.0,-2.3592054001281206,0.9211149894220247,-1.7427358164423474,-0.2300194401713461,-0.564674690322946,0.42800247091404026,0.0,-0.6457436891507344,-0.002602586953062275,-6.230932565109034E-4,-0.2840062732566318,-0.18339830730819942,15.2854714471209
82,6228.325988471384,0.0,0.0,0.0,0.0,0.0,0.0,0.0,-2.0591547722719956,0.0,-1.0966406320887554,0.0,0.4419304537452441,0.1618000001598533,0.1348333767101854,-4.120298010535915,-1.921502844074184,-1.3409837427173956,-1.2637477210770351,0.3999749590032689,0.841513546810728,-0.8978918170156878,-1.9314929103314484,-1.9597779113021103,0.0,-1.3998809835873427,-1.2964259368005009,0.0,-2.3614591265940126,0.9211166589396351,-1.7427691912389474,-0.2299629556772085,-0.5646323275990451,0.42801963312484964,0.0,-0.6457826346462293,-0.0026020131494423294,-6.229396727327771E-4,-0.2840383888155855,-0.18339771708249397,15.322176052155104
83,6228.325825839265,0.0,0.0,0.0,0.0,0.0,0.0,0.0,-2.0591483142575746,0.0,-1.096632310568485,0.0,0.44193243713266966,0.16181380266048392,0.1348266429443322,-4.120293045761957,-1.9214799695653182,-1.3409230777113645,-1.2637635756966805,0.3999499190092956,0.8415333679579549,-0.8978257397653152,-1.931691631771717,-1.9596749243001088,0.0,-1.3996519520413102,-1.2963038416100094,0.0,-2.3613989492243395,0.921124019485648,-1.7427528489076725,-0.22994952872273247,-0.5646411802064103,0.4280245178103931,0.0,-0.6458018695622032,-0.0026020374390869033,-6.229462521528317E-4,-0.2839834420413142,-0.18339999421191208,15.339301008203053
84,6228.325669555959,0.0,0.0,0.0,0.0,0.0,0.0,0.0,-2.0591436771457925,0.0,-1.096624170116779,0.0,0.4419328276740997,0.1618186433615907,0.13482309495248995,-4.12030092628566,-1.9214731879876739,-1.3409092609123971,-1.2637673353979366,0.3999577774489635,0.8415535884485215,-0.8978037486214177,-1.9318116344319156,-1.9596187062968455,0.0,-1.3997029894357176,-1.2962514986362819,0.0,-2.3613622978669637,0.9211281882144273,-1.7427471144932856,-0.22994430745047137,-0.5646532364648938,0.4280283818510381,0.0,-0.6458108615456557,-0.002602029425338084,-6.229472721984777E-4,-0.28393295705438826,-0.18340085102153644,15.356312719970598
85,6228.321156848858,0.0,0.0,0.0,0.0,0.0,0.0,0.0,-2.0589263214502553,0.0,-1.0961539421078699,0.0,0.4419067418919408,0.161986542353261,0.1346981954000697,-4.120487693244355,-1.9210572951183216,-1.3405415427466243,-1.263563831524497,0.39978719325550743,0.8422283455860368,-0.8975278837569649,-1.9375018566886426,-1.9563322760802124,0.0,-1.400315649648933,-1.2941992756941842,0.0,-2.359114031094386,0.9211418037646819,-1.7424737138424675,-0.22982989488148237,-0.5649277178571769,0.428117277620298,0.0,-0.6460264721650345,-0.0026007933897791618,-6.22592904622681E-4,-0.28109816986094327,-0.18341590254361495,16.311707999781937
86,6228.321090940801,0.0,0.0,0.0,0.0,0.0,0.0,0.0,-2.058962888466675,0.0,-1.0961354418491767,0.0,0.4419098786745537,0.1619127146746271,0.13472416209788687,-4.120620126022202,-1.9211450508461698,-1.3408764789947678,-1.2634826494674802,0.39999722454678144,0.8421520668383297,-0.8979305222237144,-1.9371460496972466,-1.956386991852277,0.0,-1.4014330020773411,-1.2947415548459005,0.0,-2.3598219734192174,0.9210686734380885,-1.7425622487427594,-0.22989204207165995,-0.5647738047790244,0.42813642499591414,0.0,-0.6459111383904586,-0.0026003326677638424,-6.224684192372692E-4,-0.28095892738041933,-0.18340066742007102,16.36910877804593
87,6228.321076032753,0.0,0.0,0.0,0.0,0.0,0.0,0.0,-2.058983167020296,0.0,-1.0961406077710527,0.0,0.4419074768782836,0.16188788516939878,0.1347407409855478,-4.120585616660523,-1.921182541603567,-1.3409948884236704,-1.2634229393814305,0.3999100709053352,0.8420422563633643,-0.8981349139780026,-1.9369778779194513,-1.9563262282371345,0.0,-1.4012657388750578,-1.2949624207054213,0.0,-2.360030757266021,0.9210213695736333,-1.7425906186106581,-0.2299427819294699,-0.5646678343856406,0.42812689315450964,0.0,-0.6458457704764659,-0.0026001327627927385,-6.223813751418399E-4,-0.28093556402860936,-0.1833927553422954,16.37443295394747
88,6228.3210695636435,0.0,0.0,0.0,0.0,0.0,0.0,0.0,-2.0590141726319757,0.0,-1.0961545250385119,0.0,0.44191215663395295,0.1618520085304067,0.13475631017003664,-4.120610467131849,-1.921261852543973,-1.3411617477341458,-1.2633878600058108,0.3999563073059986,0.8419254407926074,-0.8983652297885388,-1.93678358684995,-1.9562716500870303,0.0,-1.4015035184591935,-1.2952453751281212,0.0,-2.3603906091755404,0.9209757435852565,-1.7426381231865975,-0.229990331705237,-0.5645590566471089,0.4281353003804744,0.0,-0.6457775225746859,-0.002599934045623306,-6.223125277061488E-4,-0.28091068358437743,-0.1833841782074095,16.37906950207823
89,6228.321069369758,0.0,0.0,0.0,0.0,0.0,0.0,0.0,-2.0590184640497506,0.0,-1.0961631114336254,0.0,0.4419150143456139,0.16185523577340793,0.1347556578414691,-4.120601866297493,-1.921260923187637,-1.3411422798603216,-1.263382226014202,0.39991683534355693,0.8419028532024342,-0.8983473195007786,-1.9368194455596222,-1.9562379541522754,0.0,-1.4014465327889045,-1.2952391909452565,0.0,-2.3603771972024856,0.9209763681809681,-1.7426339831625215,-0.22999226847212773,-0.5645571701602218,0.42813427081065336,0.0,-0.6457801662203599,-0.0025999225752363535,-6.223035652294966E-4,-0.2809065485494558,-0.18338444363213552,16.3787464823422
90,6228.321069271032,0.0,0.0,0.0,0.0,0.0,0.0,0.0,-2.0590239013914267,0.0,-1.0961735816629783,0.0,0.4419191912572346,0.16185629848471028,0.13475422848941607,-4.1206182550716886,-1.9212722131833353,-1.3411253073354656,-1.2633796439853369,0.39992709644638275,0.8418908937382011,-0.8983308184025482,-1.9368701512960298,-1.956206818893753,0.0,-1.4014380794790684,-1.2952290310586334,0.0,-2.3603662570988226,0.9209796151400801,-1.7426334743547771,-0.2299912875786852,-0.564563094326897,0.4281381499923938,0.0,-0.645785576842076,-0.0025999178326192307,-6.223014082945477E-4,-0.28090115149012396,-0.1833849236611521,16.378579643744985
91,6228.321069266383,0.0,0.0,0.0,0.0,0.0,0.0,0.0,-2.0590250270565105,0.0,-1.0961755979994054,0.0,0.44192014330469637,0.1618562866778744,0.1347543144807001,-4.120622216867408,-1.921271403368448,-1.3411244579730754,-1.2633790998075556,0.399930662629086,0.8418889519766484,-0.8983279521514147,-1.9368794372428633,-1.956204398828972,0.0,-1.4014667201299331,-1.2952286433131655,0.0,-2.3603650106650633,0.9209791644846415,-1.7426334668816152,-0.22998975263583737,-0.5645645252499607,0.4281401169339145,0.0,-0.6457863009871501,-0.0025999173355568473,-6.223020590669059E-4,-0.28090028684948665,-0.18338498271055223,16.37863430818812
92,6228.3210692661205,0.0,0.0,0.0,0.0,0.0,0.0,0.0,-2.059024962330978,0.0,-1.096175782856945,0.0,0.4419200002928991,0.16185608770531648,0.13475437379720673,-4.12062341943239,-1.9212724751180679,-1.3411254598171085,-1.2633787604983142,0.39993319333918637,0.8418902903838787,-0.8983291429638018,-1.9368817629408286,-1.9562036490976562,0.0,-1.4014623258266115,-1.2952273992982561,0.0,-2.360362944163732,0.9209788163315801,-1.7426334022426728,-0.2299897803537905,-0.5645649082550369,0.4281402393694096,0.0,-0.6457861956608437,-0.0025999166153993073,-6.223018368589747E-4,-0.28090012650562296,-0.18338495194331192,16.37864817287099
93,6228.321069266077,0.0,0.0,0.0,0.0,0.0,0.0,0.0,-2.059024942932198,0.0,-1.0961758307966933,0.0,0.44191993732152873,0.16185610178584312,0.13475447005483554,-4.120623008191084,-1.9212721077573591,-1.341126057916215,-1.2633788372985766,0.3999327292741174,0.8418904506241925,-0.8983294723498289,-1.9368821981008282,-1.9562035604336119,0.0,-1.4014627765298124,-1.295227175338248,0.0,-2.360362515773269,0.9209784821434719,-1.742633296228141,-0.22998966735123388,-0.5645648082045387,0.4281402819172694,0.0,-0.6457860496708082,-0.002599916594699856,-6.223018260284847E-4,-0.2809001319323701,-0.18338493407132112,16.378650903183193
94,6228.321069266072,0.0,0.0,0.0,0.0,0.0,0.0,0.0,-2.0590249379699386,0.0,-1.0961758666308254,0.0,0.44191991229498334,0.16185611938657268,0.1347544895702445,-4.120622713502835,-1.9212720239529792,-1.341126258252231,-1.263378966209663,0.3999324485909365,0.8418905423318167,-0.898329553678847,-1.936882365149345,-1.9562034503794092,0.0,-1.4014626190211603,-1.2952270648742576,0.0,-2.3603624711829574,0.9209784063208031,-1.7426332560628446,-0.22998965251196082,-0.5645647482161783,0.428140264075699,0.0,-0.6457860085051758,-0.0025999167629129467,-6.223018733775715E-4,-0.2809001333410604,-0.18338493072011605,16.37864953824133
95,6228.321069266071,0.0,0.0,0.0,0.0,0.0,0.0,0.0,-2.0590249431280543,0.0,-1.0961758811757665,0.0,0.4419199107317756,0.16185612512909173,0.1347544912567565,-4.120622625840935,-1.9212720120757178,-1.341126280147976,-1.2633790267143779,0.3999324138121883,0.8418905907036137,-0.898329559797369,-1.936882380960806,-1.9562034333333793,0.0,-1.40146260122681,-1.295227056443534,0.0,-2.360362498944221,0.9209784131747714,-1.742633263761617,-0.22998965381797176,-0.564564730991571,0.42814025353236623,0.0,-0.6457860034613891,-0.0025999169089321616,-6.223019257744632E-4,-0.28090013410856757,-0.18338493197033254,16.378649147247547
96,6228.3210692660705,0.0,0.0,0.0,0.0,0.0,0.0,0.0,-2.0590249478232168,0.0,-1.0961758897240435,0.0,0.4419199133034862,0.1618561249697393,0.13475448805133142,-4.120622585520888,-1.9212720108728438,-1.3411262753924886,-1.2633790557576705,0.39993242117508254,0.8418906365985694,-0.8983295592929197,-1.9368823616816906,-1.956203443439002,0.0,-1.4014626362825804,-1.2952270668032155,0.0,-2.3603625222637206,0.9209784338738977,-1.7426332755557776,-0.22998965891523432,-0.5645647248581652,0.42814024756135416,0.0,-0.6457860048733801,-0.002599917020850192,-6.223019685569943E-4,-0.2809001355328056,-0.1833849337789415,16.3786491357872
97,6228.321069266071,0.0,0.0,0.0,0.0,0.0,0.0,0.0,-2.0590249478232168,0.0,-1.0961758897240435,0.0,0.4419199133034862,0.1618561249697393,0.13475448805133142,-4.120622585520888,-1.9212720108728438,-1.3411262753924886,-1.2633790557576705,0.39993242117508254,0.8418906365985694,-0.8983295592929197,-1.9368823616816906,-1.956203443439002,0.0,-1.4014626362825804,-1.2952270668032155,0.0,-2.3603625222637206,0.9209784338738977,-1.7426332755557776,-0.22998965891523432,-0.5645647248581652,0.42814024756135416,0.0,-0.6457860048733801,-0.002599917020850192,-6.223019685569943E-4,-0.2809001355328056,-0.1833849337789415,16.3786491357872
std.err,,,,,,,,,0.07139636725169661,,0.07454663591223115,,0.06762327780059645,0.0868075668700071,0.06861133957182629,0.3147731516651832,0.25413953326878763,0.31040869906495594,0.44264964067088725,0.2251170191919404,0.23453384033751165,0.30173629415830244,0.2672327142773012,0.256072044983655,,0.7283675682777683,0.2736382859808562,,0.5165594569355135,0.12154993334322646,0.1067771303514824,0.09771053814523087,0.16204971504227644,0.08480276783283149,,0.08630501852160649,4.668316436446324E-4,1.5339518034431768E-4,0.04613931285334696,0.006165304408063446,10.987117557453102
t.test,,,,,,,,,-28.839351735704557,,-14.704565488570754,,6.535026512713473,1.8645393576359097,1.9640264844306485,-13.090768903644923,-7.5599100468986595,-4.320517689846847,-2.854128727728937,1.776553468105804,3.58963395383381,-2.9772008760126867,-7.247923843904203,-7.639269813945782,,-1.9241145505645612,-4.733354699107529,,-4.569391752629135,7.576955482758564,-16.3202857186692,-2.3537856129027963,-3.4838982883177447,5.048658888178402,,-7.482600849123361,-5.569281894758047,-4.0568547666240065,-6.088086669726573,-29.7446681690359,1.4907139247524257
p.val,,,,,,,,,0.0,,0.0,,6.359823778723239E-11,0.06224599989613799,0.04952702063751424,0.0,4.04121180963557E-14,1.556635761024161E-5,0.004315504093294731,0.07564173735464985,3.3114263284117484E-4,0.002908933479190967,4.2321701698710967E-13,2.1760371282653068E-14,,0.05434022662369298,2.2083907083025878E-6,,4.8914172303682335E-6,3.530509218307998E-14,0.0,0.018583325459837097,4.941672461913349E-4,4.449223462987817E-7,,7.283063041541027E-14,2.5579135920494878E-8,4.973798878604718E-5,1.142680172705468E-9,0.0,0.13603661862334593
