Iteration,LL,asc_carD,b_carD_age_gr_under16,b_carD_age_gr_40_54,b_carD_age_gr_55up,b_carD_female,b_carD_hhcars_0,b_carD_hhcars_2,b_carD_hhcars_3,asc_carP,b_carP_age_gr_under16,b_carP_age_gr_40_54,b_carP_age_gr_55up,b_carP_female,b_carP_hhcars_0,b_carP_hhcars_2,b_carP_hhcars_3,asc_pt,b_pt_age_gr_under16,b_pt_age_gr_40_54,b_pt_age_gr_55up,b_pt_female,b_pt_hhcars_0,b_pt_hhcars_2,b_pt_hhcars_3,asc_bike,b_bike_age_gr_under16,b_bike_age_gr_40_54,b_bike_age_gr_55up,b_bike_female,b_bike_hhcars_0,b_bike_hhcars_2,b_bike_hhcars_3,asc_walk,b_walk_age_gr_under16,b_walk_age_gr_40_54,b_walk_age_gr_55up,b_walk_female,b_walk_hhcars_0,b_walk_hhcars_2,b_walk_hhcars_3,b_car_time,b_pt_time,b_bike_cost,b_walk_cost,g_bike_grad
0,17052.16069644633,0.0,0.0,0.0,0.0,0.0,0.0,0.0,0.0,0.0,0.0,0.0,0.0,0.0,0.0,0.0,0.0,0.0,0.0,0.0,0.0,0.0,0.0,0.0,0.0,0.0,0.0,0.0,0.0,0.0,0.0,0.0,0.0,0.0,0.0,0.0,0.0,0.0,0.0,0.0,0.0,0.0,0.0,-0.1,-0.1,0.0
1,14250.4744492372,0.0,0.0,0.0,0.0,0.0,0.0,0.0,0.0,-2.688479962178029E-7,0.0,-1.781693956618513E-6,-4.61929731912716E-7,-4.0502249552927543E-7,5.590344543898537E-8,-7.156695920464833E-8,-1.248241693032966E-7,-6.178663920610729E-6,-2.163778168967819E-6,-2.05155061648102E-6,-8.09019209809488E-7,-3.555465073734196E-6,-9.450169364065194E-7,-1.959896572915654E-6,-4.7000881517696964E-7,-2.1559987590086516E-6,-7.860638430851727E-7,-7.224501860811288E-7,-2.2483425442990827E-7,-1.3107629832818946E-6,-3.3886280516002804E-7,-6.798112004761225E-7,-1.3265918486686999E-7,9.771521452212288E-7,3.4432243143063E-7,3.3697379725282064E-7,3.7868635616463875E-8,6.650778807607181E-7,2.2711052015721075E-7,1.5993950306154508E-7,1.6553180766651672E-8,0.0023832206318662474,-0.013607322212844504,-0.1000155921618808,-0.09999165639185012,1.822989355366547E-8
2,13701.069628648404,0.0,0.0,0.0,0.0,0.0,0.0,0.0,0.0,-1.9258889935339503E-4,0.0,-1.3136992622672064E-4,-4.067762044658352E-5,-1.1927797114734215E-4,-2.6568193705900292E-5,-5.9627335538306365E-5,-1.830185551197904E-5,-6.1743099872298325E-6,-1.7269109576295254E-6,-3.0532564377824512E-6,-1.1372625925162206E-6,-3.3713759940516135E-6,3.2611269310140713E-7,-3.2641473160017643E-6,-5.923574423213794E-7,-1.1480959805630219E-4,-4.709165228980539E-5,-3.574716084847933E-5,-1.0739646414372242E-5,-6.89008848086221E-5,-1.8451535269580697E-5,-3.582047082000828E-5,-6.519100616662808E-6,4.0250045023075446E-5,1.2737363737529138E-5,1.4687294178384347E-5,1.4529346763539428E-6,2.81891184868713E-5,9.651719545123728E-6,5.774149917122329E-6,5.479990189823745E-7,0.013598985203275902,-0.011845386704242459,-0.1007261534184145,-0.09966699796359922,8.598867221779636E-7
3,13315.071592220265,0.0,0.0,0.0,0.0,0.0,0.0,0.0,0.0,-0.014770942604479533,0.0,-0.008577521424325038,-0.0026516288179413046,-0.008947693556041207,-0.0021292072504096155,-0.004541957824973749,-0.001263643689835333,-5.791470536182784E-5,5.194745655172166E-6,-7.93015099929885E-5,-2.7019214648463436E-5,-2.2146102125438905E-5,6.710273151298193E-5,-9.679056112435861E-5,-1.1560759153445176E-5,-0.003058178395353271,-0.0013317963134494635,-8.933735393668237E-4,-2.627924552795707E-4,-0.0018862268396171184,-5.013286573167201E-4,-9.827749862938628E-4,-1.5631361825608605E-4,0.003193337951101704,0.00106068533010085,0.001138972308015412,1.573605503550815E-4,0.002153377998477843,7.075449503503867E-4,5.836934960767663E-4,7.446686710287105E-5,0.013789198194833539,-0.011818416240795685,-0.1133197244566434,-0.06681639241624832,1.6494934485257694E-5
4,11607.578990415277,0.0,0.0,0.0,0.0,0.0,0.0,0.0,0.0,-1.4619371679944746,0.0,-0.8686388030691886,-0.27143587538831215,-0.8708051979132565,-0.20778452310254814,-0.4444487116117883,-0.1272866077809701,-0.005973400517365966,7.97899308217271E-4,-0.008784594090761776,-0.0029738798520174635,-0.0021873303182905414,0.007663977576318865,-0.010762272303187657,-0.0012616097094942339,-0.1483456390857485,-0.06565158058082486,-0.04133312141381954,-0.012290260238392605,-0.09924404254948907,-0.02404639760724394,-0.05254492145698945,-0.007067058313812542,0.08862146592506895,6.589865189573084E-4,0.0465747978681877,-0.003458196319788829,0.08192861444051189,0.032715692382019046,-0.014636376420621365,-0.004071292060027823,0.005830182329804841,-0.013746205589052086,-0.40243466498723895,-0.31510866887761485,0.0012087255346687293
5,10733.097395542318,0.0,0.0,0.0,0.0,0.0,0.0,0.0,0.0,-1.4879525277743977,0.0,-1.2045904949536848,-0.31836904182473474,-0.6537613679087664,-0.19457851086330577,-0.3580252942798675,-0.11744729381429125,-0.023162834787134046,5.884176146608789E-4,-0.03028711798207249,-0.010194598027981661,-0.009199797893935524,0.025412967032860563,-0.037424951024733186,-0.0043302877307860406,-0.6404044133368703,-0.45224336237218843,-0.09063154633142041,-0.02629652689376422,-0.4326524730681026,-0.11080115178897396,-0.23107736507496843,-0.02230238435799769,0.2896356815770911,-0.030215311925275025,0.16739702291003694,-0.007943398724297957,0.26423904380584856,0.10600797467843343,-0.055229343223197794,-0.013341896396868672,-0.03341327609637338,-0.019908524750326402,-1.075090605013409,-0.5758555054439364,0.012906870708886364
6,10602.509869022499,0.0,0.0,0.0,0.0,0.0,0.0,0.0,0.0,-1.5279644392444458,0.0,-1.3820212563859418,-0.33628194917844356,-0.5187638123224503,-0.18607014699337002,-0.30224457253858567,-0.08572591343937423,-0.043282079486221856,-1.8300100402462072E-4,-0.052015174764769995,-0.019167290792576022,-0.01702236826920879,0.0451630800862419,-0.06581627874268059,-0.007437594364907464,-0.7974249740812925,-0.5625782535682992,-0.10484261750778098,-0.0329541697772727,-0.47562886145607103,-0.1313092701666573,-0.2704247566324992,-0.03753985702353245,0.3918675958503808,-0.1367030963684819,0.2668374400442898,-0.011841304699967295,0.36308713676149995,0.15128487964405812,-0.13230766127117854,-0.02618325809818449,-0.026387935645753743,-0.018790832430988176,-0.8980027008629625,-0.5463324944947027,0.05130463768252366
7,10440.459185239435,0.0,0.0,0.0,0.0,0.0,0.0,0.0,0.0,-1.9250235269945204,0.0,-2.046207430987907,-0.34624428935032203,0.38261525533253526,-0.040179322190782324,0.05567231084128316,0.42535958955219305,-0.27757425734539426,-0.0162444409891561,-0.32284433088282005,-0.12858572757255382,-0.10765127105958423,0.2939396230807596,-0.4226897715674599,-0.048056989118719036,-0.951876970575777,-0.20412609632768453,-0.2317860939129664,-0.16762019763115174,0.5519937495798402,0.0014513289093795179,-0.041060240747237686,-0.2072311819658208,0.9700869603496387,-1.6693980439882998,1.1268254254227785,-0.08349644665222611,0.9961487879352603,0.47176553783137415,-1.1762684603448532,-0.22039450618685436,-0.03439097416689281,-0.01978561788509865,-1.1357264073598528,-0.5971965522260438,0.407195513803718
8,10278.319547850486,0.0,0.0,0.0,0.0,0.0,0.0,0.0,0.0,-2.549602365239532,0.0,-1.190293771919524,-0.42367646865518593,0.39992952986933444,0.4209990035790454,0.07910811706881189,1.1281002127541915,-0.7028014173457288,-0.03829506156182824,-0.8448785896293675,-0.3451911643797345,-0.24149374979139382,0.7990291101740902,-1.1204669919643078,-0.13077015934275577,-2.1841671724740066,-0.7012578300817709,-0.1377380625476843,-0.32890265244323624,1.4800554872384581,0.12023692099037034,-0.08458589910831017,-0.4049867023912408,1.2682208699785606,-2.7710175894898663,0.5058098595376004,-0.3060859044623203,1.0448806523438396,0.4736778318880528,-2.52230407406325,-0.6650924226979542,-0.03941799663466046,-0.020283901416734883,-1.1550159332431067,-0.5913632046465088,1.1484895588012192
9,10165.630118585177,0.0,0.0,0.0,0.0,0.0,0.0,0.0,0.0,-3.1517841607761468,0.0,-0.9771871401335847,0.2118370295866171,0.8956862977990706,0.39856187074689364,0.2209121708650864,1.2781908455868396,-1.0947997018226339,-0.07543345212883815,-1.3204998111737092,-0.548982278193733,-0.34795570443082174,1.2578316587082836,-1.7614367937821556,-0.20813160749431003,-2.566561367966294,-0.5121427844050158,-0.08545328558500195,-0.35059329811888296,1.3523982907244172,0.513688265026176,-0.09449849948998175,-0.4466957928020561,1.483642679479543,-3.2038253987045007,-0.24080365753380872,-0.574147189723204,0.9252413267615779,0.21971046308666592,-3.001799535348022,-1.0565349301242575,-0.04198956049715168,-0.020374656697644777,-1.1870118007300796,-0.577569096914557,1.7850867435783986
10,10045.08199654652,0.0,0.0,0.0,0.0,0.0,0.0,0.0,0.0,-3.2429472249835922,0.0,-1.0044966364894392,0.7361169894474161,0.8888622581096335,0.6864821527082305,0.23587033058592394,0.9692827318737361,-1.6133771309906781,-0.13010959440271802,-1.9618187979752082,-0.8422080947909648,-0.4649369033530526,1.8598948166439913,-2.6258454889275606,-0.3131963485269905,-2.5667191772418096,-0.7470491806527098,0.3503838263911607,-0.17012336086551685,1.4620254407007138,0.6677691842578749,0.23117230580984172,-0.35902687708060743,2.0680197270594967,-3.453782481976217,-0.6630291795132892,-0.9898854375005686,1.0530191216667792,-0.03301306186063402,-2.9712100374376376,-1.530731900862902,-0.04253439734744441,-0.01997974135075929,-1.2359407817807944,-0.597353485662962,2.577449922636618
11,9812.072317047267,0.0,0.0,0.0,0.0,0.0,0.0,0.0,0.0,-3.307232519636467,0.0,-0.4637705451860745,0.4165065252219436,0.6945904624527157,0.7535501031492725,0.3894553779124498,0.3854882177888468,-2.864719685129322,-0.24155401743232413,-3.5631099938064157,-1.5829062773500542,-0.7229040846587145,3.3448400295044687,-4.773440762222988,-0.5746664032382442,-2.5844849165774506,-0.5775423714984577,0.29778704360249997,0.35220735368178235,1.0636087971804975,0.8417075476739841,0.3090967322685556,-0.11089007920540692,3.208735091593238,-4.1612205282893635,-0.8208033107699595,-1.9991810870594566,1.1232212931595265,-0.370891623142814,-2.3020168383895587,-2.6102282684016878,-0.044259557831933444,-0.019090283847873764,-1.269648631558887,-0.6497895354741204,4.482390142356317
12,9531.913658779675,0.0,0.0,0.0,0.0,0.0,0.0,0.0,0.0,-2.8974227280944467,0.0,-0.8584033870023797,0.11892254751348291,0.5600089330618359,0.5221118487707084,0.2940038981486954,0.4798796535694939,-4.240677680353851,-0.35145189381093905,-5.366394987068744,-2.4183297699817956,-0.9862959804453706,4.984972148586392,-7.183381964279405,-0.8663588814340015,-2.5570269606395675,-0.6855599712521462,0.2644627410347764,0.8452685164172844,1.0518271884623336,0.7651066012920836,0.20641633238960003,0.07557114184811214,3.4676347004291785,-4.734371531721633,-1.0128828254206084,-2.9895622337057137,0.1580698502607335,-0.5068191078231955,-1.5534299388615598,-3.6782953627586057,-0.04974330730308758,-0.01861821648316776,-1.3745680470399377,-0.6237429572961918,6.5206255420829375
13,9338.618994947248,0.0,0.0,0.0,0.0,0.0,0.0,0.0,0.0,-2.7220961502394134,0.0,-0.9646096282425738,0.10458655334563363,0.5191603326119183,0.3788102592401697,0.08212760818669948,0.9772717643829707,-5.141657403262679,-0.44931737157740176,-6.58993576261899,-2.9949347596971534,-1.1197616083301312,6.014528631650174,-8.817817988604718,-1.0573626730775505,-2.4129013862983744,-0.5076796723739035,0.17414969834136973,0.7915785296544365,1.0098941179237666,0.4023725487529873,0.18160883643156436,0.08266479870377522,3.676760548221533,-4.073081165395266,-1.0246893804033175,-3.3173461019157484,0.16327532882682935,6.214771558055165E-4,-1.4388108610081116,-4.170180694740158,-0.050286905228494175,-0.01781353146846501,-1.3945288545721324,-0.6497370204823277,7.656832830350351
14,9165.97853147139,0.0,0.0,0.0,0.0,0.0,0.0,0.0,0.0,-2.622541884356016,0.0,-1.1818442470656378,-0.20130162314942499,0.45482822485218743,0.5111788054297446,0.49507954079491856,0.8091901172393802,-5.978027657215817,-0.5625767270765519,-7.838573583161612,-3.5919713609111796,-1.1657797143268378,7.000255926544261,-10.482850301215295,-1.244168323506395,-2.1045774654580596,-0.4453281112089367,0.3003462680444031,0.4628645313723839,0.968351727817967,0.27208132898346693,-0.19089531186113626,0.058273617347523225,3.1351454506650214,-3.377029584384763,-0.9883824367363466,-3.301857869546771,0.3729763715680412,0.18680896456112955,-1.7066234293234237,-4.443302618167033,-0.051159051761041484,-0.017084709847503248,-1.4305114921647255,-0.6245560577520352,8.515084206538594
15,9018.890364002009,0.0,0.0,0.0,0.0,0.0,0.0,0.0,0.0,-2.498699940289031,0.0,-1.2685588711096736,-0.3741679379619819,0.6326929006453601,0.9829120132856057,-0.12014375907066888,0.7377836322480109,-6.722202938906099,-0.6822409313247556,-9.199395130803916,-4.261209311535931,-1.039947082022677,8.058188748310174,-12.333686578169818,-1.445157132210571,-1.877381497987356,-0.45435447674051627,0.3061450426771792,-0.03137029116503354,0.7098406571320643,0.3567014944642012,-0.48473924789295353,-0.06562773682287354,2.3137512099660253,-2.929524706248408,-0.627519182677375,-2.9551614475402217,0.7661395331797618,-0.10226575906456947,-1.7316235944628142,-4.5563669646149085,-0.050983506212971506,-0.016252108911660047,-1.4202389583862869,-0.585052522387693,9.076071070591599
16,8827.109464501635,0.0,0.0,0.0,0.0,0.0,0.0,0.0,0.0,-2.435961991079086,0.0,-1.0909334646667075,-0.102607322546725,0.529067145837996,0.459124751362849,-0.24475827726788105,0.7703573799210024,-7.150265941610785,-0.7329008186704716,-10.584100008476113,-4.981726179191864,-0.576644593181797,9.15031812050507,-14.29988660274878,-1.6417152416524714,-1.723032529093302,-0.8887659172394884,0.2960395797805826,-0.5046361842423499,0.7882648103559458,0.7295989205069444,-0.8263754612161287,-0.2355229279505406,1.8204696539876375,-2.566011674930933,-0.08945721136298757,-2.2678990500617933,1.0743514646294476,-0.31771416992012885,-1.4386660712249904,-4.500841136596947,-0.04824503535937121,-0.015268430549882002,-1.367112510159687,-0.5653776104911987,9.097783942835788
17,8512.27589429158,0.0,0.0,0.0,0.0,0.0,0.0,0.0,0.0,-2.6183347786343454,0.0,-0.9202992208563582,0.024976715167408736,0.7473999859618289,0.4742433174111436,-0.21053651079450275,0.2828428717003624,-7.71732242208296,-1.0969738775261124,-12.487171283036096,-6.022692480106569,0.3721921230549118,10.210050314767352,-17.102401293313832,-1.8976213485579894,-1.5224308978838266,-1.3218517104737806,-0.20280013539493386,-0.9076693072085246,0.7100326558559144,0.39511099406468386,-0.5458553031236153,-0.4002332877421596,1.4718436310234508,-2.236615947435249,0.1322696405756021,-1.0265497756278636,0.6049101924399156,0.03512374407346275,-1.1247338569791652,-4.193901289396848,-0.043685662003753074,-0.013774148821233127,-1.2642626162660122,-0.5071227057974584,8.48551032766085
18,8237.189562475647,0.0,0.0,0.0,0.0,0.0,0.0,0.0,0.0,-2.280969969207637,0.0,-1.1515511344353775,0.12690339508299536,0.2927898679207991,0.6543853850644203,-0.012822450600644353,0.5069065191255803,-8.621306382515783,-1.8977004925058996,-14.131861099145922,-6.945361268738621,1.117006531038529,10.381468959054256,-19.593189367778333,-2.108282073532882,-1.3016405019308084,-1.384724593339769,-0.6571604060525296,-1.1017039319912734,0.3337783642194031,0.4024868004632474,-0.5506929954653432,-0.524580819773725,1.2159880503143432,-2.2895653333157586,-0.19042027970117315,-0.12406398721878908,0.6938539753679501,0.24385031274271313,-0.859512860536332,-3.7667111247578564,-0.03877926453366065,-0.011932029335861257,-1.13844151383977,-0.4453709489662889,7.626934946601617
19,8027.072754731219,0.0,0.0,0.0,0.0,0.0,0.0,0.0,0.0,-2.2931143082781187,0.0,-1.2169589408774566,-0.4131329630171245,0.5631909513541471,0.5746101765401636,-0.06081237023502833,0.8062728769020582,-9.481395768763829,-2.651103247825999,-15.460385126385669,-7.71058752210471,1.5806816410503193,10.113629965391645,-21.662869433671972,-2.2693865710033365,-0.9367091528881621,-1.6426704849670808,-0.46095265484635506,-1.1136786198708175,0.23223329895539513,0.6913922370132788,-0.6124054305405703,-0.548410152380364,1.2122325882114116,-1.8713997719380138,-0.36290251850078714,-0.18603357022376346,0.5932176195599966,0.17479840529794127,-0.7839751905444168,-3.190240108136593,-0.032360754580064134,-0.00991446604752658,-1.0490080650660576,-0.38980285960529615,6.610895233723353
20,7891.610899470997,0.0,0.0,0.0,0.0,0.0,0.0,0.0,0.0,-2.204019313394775,0.0,-1.1587475997970644,-0.20586059177617672,0.41743723375551073,0.468398700465509,-0.10940523994446949,0.7191125432185117,-10.00784289662496,-2.9854603716370116,-16.340802696316096,-8.227267763199615,1.7690079921414659,9.873508673675797,-23.062819493869927,-2.3662490294809877,-1.0402608133218902,-1.5788917422499167,-0.39862277657899203,-1.102492094060529,0.03296665117775449,0.5238159794478459,-0.652454696566371,-0.5095320140531903,0.9685169428001087,-1.659640150759348,0.015945165874653666,-0.937737972757431,0.4239538616754732,0.09769761219090944,-1.0749376062709435,-2.5444237295978995,-0.028992505270557876,-0.00873979716742114,-0.9601662409474094,-0.343066248075196,5.823770367655355
21,7783.772904561999,0.0,0.0,0.0,0.0,0.0,0.0,0.0,0.0,-2.1149392860344984,0.0,-1.2679203222912792,-0.10841548551025763,0.5688240743624859,0.2704843503333728,-0.24068663168612406,0.36720818482260215,-10.527581032097215,-2.8006808727226145,-17.489667801813212,-8.881546154274487,1.6074191942179634,9.693662581341398,-24.887116691384662,-2.46706725434341,-1.6799424051114666,-0.9335395521440889,-0.08527916123257301,-1.333690126001546,0.5365742997437648,-0.2119607580568088,-1.1939213413537062,-0.43612797103087536,0.8599164186714312,-1.626792030987213,-0.33808590644793773,-1.5285163857572486,0.6443885656321164,-0.0484345159593543,-0.5038745856400726,-1.0794637334868262,-0.024926735258673945,-0.007320531366562537,-0.8406155276957412,-0.3140612636224369,4.854536003666506
22,7720.9936351702345,0.0,0.0,0.0,0.0,0.0,0.0,0.0,0.0,-1.8478319346593033,0.0,-1.346376419644644,-0.3294609473041813,0.4347072396979336,-0.016341669636510847,-0.3682409976147315,0.3589982795365419,-10.710595604274815,-2.189574206052247,-18.372173779090957,-9.37487669961644,1.2892306858768892,9.740448202754612,-26.310877310131783,-2.5277764247622825,-1.9161448503061222,-0.5384636598749262,0.5761212603140236,-1.312956150833394,0.1828191508022336,-0.35229381643471,-1.0574132870021007,-0.22026589452019346,1.0401217524234545,-1.7979935779091543,-0.4852431286181439,-1.318955229361534,0.4980521117847407,-0.037049991933290234,-0.7478110755177124,0.018898282526792265,-0.022393113327176407,-0.0064489940678710035,-0.7815254683492873,-0.29078727354934225,4.174962740575504
23,7670.7083863437065,0.0,0.0,0.0,0.0,0.0,0.0,0.0,0.0,-1.8745346267244103,0.0,-1.4185526648400417,-0.3143055572656907,0.2650157813581096,0.44789392519465154,-0.08044534706603795,0.7123033820440241,-10.818365307562237,-1.425073741555157,-19.284314863460477,-9.884635452743538,0.8562631426364089,9.615861323850739,-27.84081300307883,-2.565334829497128,-2.244826586526626,-0.15873749333286613,0.9286027617294722,-1.1779480886240123,0.056123067285962086,-0.19556442982530162,-1.1303916126184395,0.07701250663429043,1.3000741237588316,-1.5994329161576473,-0.22656495124929876,-1.052354455546724,0.11571675020859723,-0.20063651735611335,-0.6392140808364668,0.4866000351802334,-0.019049805327636265,-0.005446448413084631,-0.6984765080435233,-0.2839496256286896,3.3292724940433893
24,7544.858289825128,0.0,0.0,0.0,0.0,0.0,0.0,0.0,0.0,-1.9060736965399492,0.0,-1.4622235501170473,-0.33226137030928865,0.24221517575029755,0.736158460377204,0.06400823162126884,0.8462500872399232,-11.060750801376827,0.3100300508426679,-21.39693676749493,-11.080535236804097,-0.24340589619301967,8.878310431907622,-31.492326296519355,-2.615628461134223,-2.966305489378178,0.16981756238622225,1.324957059600544,-0.44297822872182513,-0.1086195009239608,0.33129972348454073,-0.8058460487080459,0.9087157335366491,0.6970838326292665,-1.4973929087919418,-0.15564084225392072,-0.770659208747472,0.2676578601627567,0.5666689198797404,-0.3171495469675118,-0.01171664241029069,-0.011380661242537704,-0.003085586347795504,-0.5131149099657648,-0.22114779658428013,1.1091125785842642
25,7503.863330308895,0.0,0.0,0.0,0.0,0.0,0.0,0.0,0.0,-1.8194778660835271,0.0,-1.524147427412033,-0.33211679636225183,0.2592557525486666,0.534493556377394,0.04277025466521835,0.6768646577188371,-11.30502765876334,0.49028721271161974,-22.12238530046065,-11.466022587215212,-0.4733973716685063,8.282542969031029,-32.79832585178279,-2.6142003723892135,-3.235694525997281,0.1754619224135758,1.0177637890490674,-0.13938174498273997,0.03606583456588322,0.3783601777087295,-0.5626050092413755,0.9175424157122662,0.6665074399813161,-1.2621048896274096,-0.10733838298268095,-0.4379143287992382,0.29729160982784686,0.28819924324485546,-0.4620614699202092,-0.11819868951225779,-0.00992766308770828,-0.0023252425831524863,-0.4603314681113149,-0.21474770554953695,0.5793236680711134
26,7399.950100877438,0.0,0.0,0.0,0.0,0.0,0.0,0.0,0.0,-1.800072659248986,0.0,-1.4284583058999505,-0.027838927630561783,0.39457455013530535,0.27214753916767676,-0.3238661369108268,0.29178962509492146,-10.083390626493085,0.41612739717392233,-23.893873189528936,-12.30381705576516,0.9684342030063462,5.506690134972643,-36.906061802375476,-2.321911161007545,-2.968155808519912,-0.14200023082500465,0.7976157552773906,0.5118466665313339,0.02893854277578709,-0.1250616921231053,-1.3840881420552154,0.3886585904235096,0.8252305015333601,-1.250162662197672,-0.027517125299621262,0.15056737313472257,0.3829513787792896,0.05491053060527967,-1.030548899825244,-0.5191223755343092,-0.004639053769569321,-0.0012509601936339504,-0.33195286331643215,-0.1935910777336427,-0.4975813616720073
27,7325.305648670443,0.0,0.0,0.0,0.0,0.0,0.0,0.0,0.0,-2.2634319129293674,0.0,-1.080116035929893,0.08812603656192558,0.5327311727394787,0.15289239859287215,0.13805717837591786,0.6213477416386455,-9.375914645417689,-0.030232970222371203,-25.370350887688726,-12.99208133940372,2.052174364191621,3.4271261659856265,-40.18595558307113,-2.1266000602798507,-2.856010999461252,-0.6958717163827324,0.9114598633784593,0.39779311072742246,-0.3448689794660142,-0.5726084353298716,-0.7429553648087868,-0.6161801557558344,0.34208640010154967,-1.5315482694290152,0.1863716990182674,0.17128808226163056,0.6043987191143801,-0.10270073329330281,-0.5757993715848861,-0.30336572516562677,-0.0024114672916680075,-5.4251257396677E-4,-0.2761245715369451,-0.17246539612773,-1.0047017456033391
28,7290.279591820031,0.0,0.0,0.0,0.0,0.0,0.0,0.0,0.0,-2.241146166186341,0.0,-1.0481898129762501,0.12918490052295867,0.48732532793944927,0.27286107557118466,0.13774405254179029,0.3711362739870853,-8.844729306308368,-0.4405787042130466,-26.219176347404254,-13.403721168461052,2.5504409862808526,2.3876534768538575,-42.096871554091415,-2.016435247219328,-2.977185251372453,-0.9277587281093426,0.6556428398988055,-0.06299277847591483,-0.36986940652797634,0.14949161705026437,-0.518824339406814,-1.282687842844605,0.40063593179617496,-1.5723784001947336,0.20515699499751536,-0.07335138094185659,0.4324447123342085,0.43024051980362493,-0.36270831468358816,0.07085275059089813,-0.001685927603149946,-1.9966470599496546E-4,-0.23472853089979479,-0.17697204840033698,-1.153344966336537
29,7273.520524182211,0.0,0.0,0.0,0.0,0.0,0.0,0.0,0.0,-2.105663178044874,0.0,-1.2234966473966513,-0.03983996773170681,0.43163374413294986,0.3210154342261217,0.22084375937791328,0.40838130864796096,-7.917684409916253,-0.52965545283465,-26.615944720472697,-13.6358495836528,2.842578060148559,2.078993385520633,-43.231781066479684,-1.9107711058953225,-2.9883108299910996,-1.0141057234299227,0.25064939774022266,-0.36945811927225247,-0.3697334879840033,0.3978136367282429,-0.20762656767584842,-1.53013998907966,0.5036592343844386,-1.5160277593888192,-0.05841412752929445,-0.49526974760036324,0.5023452821642777,0.3292038046047304,-0.401297355531575,0.07101106904180843,-0.0013925115769109965,-3.340528276556376E-4,-0.2111897508035316,-0.17423943136505096,-1.2855141359954347
30,7233.555815644392,0.0,0.0,0.0,0.0,0.0,0.0,0.0,0.0,-2.068247461785763,0.0,-1.2046636983695524,-0.030458311071015612,0.39560260796547364,0.22692788168212202,0.20853327391448576,0.409258763105383,-6.322389547579175,-1.3979250323683816,-26.91812117886466,-13.976680047356314,2.018470259151729,1.2337695450183412,-45.04269060376883,-1.6129683185332557,-2.785438159290217,-1.2393114947984465,0.07839442528456109,-1.0463343207758655,-0.47456913321618044,0.2777312174190757,-0.21630981405838667,-1.5649849494297268,0.8030875258089772,-1.741308696328065,-0.19886735250739018,-0.6443245088325718,0.35099647020272773,0.2094036429480809,-0.4469983166615075,-0.3572277887742501,-0.0011234830475940912,-2.4126285611439108E-4,-0.19715393482189486,-0.17354026018841182,-1.2935014983272146
31,7210.978918434817,0.0,0.0,0.0,0.0,0.0,0.0,0.0,0.0,-2.2732281196539366,0.0,-1.0657275760098701,0.15095877620002857,0.4871200750920772,0.37451340114370546,0.21819119428078582,0.566906109315207,-4.943484932619492,-2.1462480193089655,-26.83881125787276,-14.190741104481615,1.2939106890514818,0.8769468742556292,-46.67723634456724,-1.2618577933319581,-2.389641544978398,-1.7206755560841904,-0.3927605965156803,-0.32955920026933305,-0.447685373687678,0.33016031746334085,-0.42780380789704686,-1.3944620759796305,0.7487866267094858,-1.858379036683572,-0.3331726991495552,-0.6868026566911909,0.5094271096212312,0.3014989872836234,-0.533583400960909,0.08569189737636157,-0.0015633215168146847,-3.492788152855559E-4,-0.22937320197894057,-0.17507282312668912,-0.9718349503187003
32,7184.245937647152,0.0,0.0,0.0,0.0,0.0,0.0,0.0,0.0,-2.2081128472258666,0.0,-1.1016203360639785,0.06324964200736513,0.4827006791575604,0.3489300605723531,0.18493223626539512,0.5490445761499939,-4.000283982147149,-2.766298437927543,-25.78400049723858,-13.970564302749118,1.1132085704427588,0.8160528940129371,-47.57164037647373,-0.7945400350303992,-2.7817888364479035,-1.3857266212053942,-0.0915570248048116,0.1450414474898759,-0.37570371411744197,0.46078896769635563,-0.35269719757095347,-1.464057077627054,0.6780690961906819,-1.7068700147425266,-0.2465850307895886,-0.5387339612500508,0.5370632128366559,0.3049795326367866,-0.5441266913212296,-0.15736642187424807,-0.0035034845429429964,-9.362031679387213E-4,-0.2654901552218109,-0.18717173511975393,-0.4879147917854485
33,7143.102070935346,0.0,0.0,0.0,0.0,0.0,0.0,0.0,0.0,-2.1002361779600363,0.0,-1.0517368056233516,0.048706963851876284,0.41764044864212746,0.3003052359033273,-0.02149245380107012,0.5263458916646535,-3.749131978564728,-2.101584074080656,-22.402727431816636,-12.861895206614747,0.27677994172606757,0.9059339278323749,-49.628717808135576,0.05624006422707706,-2.224374064417671,-1.6390813825960013,-0.22827449690137486,-0.20561895509795075,-0.5078805915239544,0.22472222040752549,-0.8439370166034265,-2.046218703951392,1.13305343237547,-1.9276742167681464,-0.4429604409161285,-0.6989032426796077,0.407760465303876,0.13949738359512312,-0.7810861629300658,-0.8273017278118063,-0.005818544535703745,-0.0014844746031821329,-0.3332990129832704,-0.20364232319089703,0.2281942998213159
34,7104.842569106047,0.0,0.0,0.0,0.0,0.0,0.0,0.0,0.0,-2.0139188154526,0.0,-1.0651996107613488,-0.04033176769288943,0.4313334288839126,0.1340973381184564,-0.13882258012991894,0.6019416316384234,-3.5286252780460665,-3.377014526491786,-18.02235461259197,-10.75537381011481,-0.05752520048290316,2.0408206836225165,-53.05954012228034,-0.2903327152004266,-2.1630845328543993,-1.7887966890227314,-0.34600100812136325,-1.333790199871306,-0.4684746095750639,0.11750646092463087,-0.9997484838668977,-0.44248115264007426,1.2418986845045539,-1.990147986591224,-0.420886185454383,-0.768852153303722,0.3666465474215658,-0.03488304795028074,-0.8382364614533742,-0.9183139433953798,-0.005717873002004351,-0.001446352091140079,-0.33252479359524234,-0.20320811316865564,0.44319516604443987
35,7075.685171248764,0.0,0.0,0.0,0.0,0.0,0.0,0.0,0.0,-1.9754560804111327,0.0,-1.083011565092763,-0.0958640205102616,0.45096013781483923,0.05272332545640801,-0.15614949212055076,0.5798835814489322,-3.0214950230854987,-3.2171597640878797,-15.09522431643327,-9.291258067851631,-0.34990034634949907,1.588394439864087,-55.27555141674758,-0.489145716097953,-2.3128568516359373,-1.8083492380918733,-0.4028419260482886,-1.790438471228737,-0.4268536195906654,0.20121468034993711,-0.8769032894993927,0.2898546250091174,1.1131064694481134,-1.895611872393271,-0.3201023770024752,-0.6207044431637188,0.39126573980929275,-0.09044497422746864,-0.7968343238422481,-0.857814754140795,-0.006716464865714237,-0.0018263560291559772,-0.3477568327401661,-0.20611491745413207,0.9220861727022873
36,7040.733390880785,0.0,0.0,0.0,0.0,0.0,0.0,0.0,0.0,-1.9282514720917292,0.0,-1.0830181224097186,-0.1344043588693331,0.4456383319420986,0.01719369107263441,-0.196734127305319,0.5282341108365457,-2.6690709939037878,-3.160045404837144,-12.076259094241697,-7.7857407371374485,-0.35680104789964806,1.360587478738893,-58.68036508326299,-0.6955564005283966,-2.401644206888096,-1.6878743580907347,-0.15413197611099805,-1.814214386541381,-0.4775660889447685,0.11939594266665673,-1.057674728474892,0.12442621479978977,1.092865961463133,-1.8269265196699995,-0.2376334298041891,-0.49305697133394,0.3660484128937575,-0.11659587583708061,-0.8101088305993941,-1.075809920354863,-0.006739970941701022,-0.0018667241242311143,-0.34932480295154433,-0.2054838236524282,1.0989517213619067
37,6985.116882352519,0.0,0.0,0.0,0.0,0.0,0.0,0.0,0.0,-1.888067527028272,0.0,-1.1009137198850527,-0.18195827909114026,0.42969212718565325,0.023816703697669705,-0.18029648717545774,0.4732294366926855,-2.5238224944024523,-3.1610904490661595,-6.0583297561470895,-5.052128450706636,-0.5788881326826515,1.5039141763285737,-63.47286104126704,-0.7546043367570443,-2.4295576830805072,-1.6962779072367835,-0.057609235038065365,-1.9743877409639248,-0.5575316325780291,0.13794805601058757,-1.196374418579777,-0.18328556577440935,1.0338431578099583,-1.729213271398458,-0.19745084547604694,-0.4581829139931587,0.37369265134517893,-0.08535166798049809,-0.7938987611149225,-1.1966780227816676,-0.0071499808568212565,-0.0020646857247592753,-0.3579813016452564,-0.20872903751430916,1.4340037055767283
38,6965.80433969359,0.0,0.0,0.0,0.0,0.0,0.0,0.0,0.0,-1.872010611016284,0.0,-1.102415092276274,-0.2046400935607962,0.4276704232902607,0.01970851255087245,-0.17267558881091033,0.44851112343282773,-2.5172914854989723,-3.1059634013875894,-1.371755618502207,-3.091028063948298,-0.5549041579570162,1.503735516834623,-67.42550131062137,-0.7419406649081967,-2.4522651504731154,-1.7107722644334462,0.03177149149378822,-2.136261916529395,-0.6165142963858842,0.1333368320184313,-1.3246495753301983,-0.22916757110991648,0.9942511634463713,-1.6715867096091899,-0.15884778780436115,-0.4220421727395325,0.37441135869840275,-0.07239620958767819,-0.7829390903493669,-1.2941864101928913,-0.007358044400871185,-0.0021614412924190305,-0.36368682345922515,-0.2104915742166247,1.687881899289344
39,6940.460067324511,0.0,0.0,0.0,0.0,0.0,0.0,0.0,0.0,-1.9354901818641175,0.0,-1.0600619678466294,-0.1439351404921198,0.4591178699013478,0.009108936965729491,-0.16541773092365147,0.49223744538090436,-3.1315987689702,-2.63649359287533,-1.7513432419039239,-3.0970516930883645,0.3385094272983974,0.968009648593749,-68.17563196163816,-0.49706759680534063,-2.492543844214217,-1.680900077250878,0.19305957342570595,-2.125220170209872,-0.6377830460689071,0.05144189348253907,-1.4324539359324477,0.17383046096573646,0.9759568127544432,-1.696630975599047,-0.10417071187599519,-0.3708009373863466,0.36447818521378933,-0.07187238410389692,-0.7637961728632653,-1.307726803741551,-0.00633386571532359,-0.0017916095621787209,-0.34744922702244985,-0.2051745058790764,1.525090008489784
40,6915.766629550126,0.0,0.0,0.0,0.0,0.0,0.0,0.0,0.0,-1.9335273695076955,0.0,-1.1018879011705145,-0.13138319371409118,0.4198494093300712,0.11693028443970047,-0.07289089207190674,0.39377431380321765,-3.135992415785386,-2.195856799876527,-2.3074814491446016,-2.497050809287169,-0.0941585377016842,0.7744688180395609,-68.40023112148093,-0.255622026305195,-2.4996836299734784,-1.6019162969571366,0.33287273168012943,-1.728754050618034,-0.767124711695684,0.07733357043801235,-1.4931284824104134,-1.1145032255768377,0.873790570671866,-1.6123431656840002,-0.0969266913924853,-0.37415960841553886,0.4100796442839276,0.04649862871710332,-0.6883273761116385,-1.1672672088139964,-0.00381274810124211,-0.0011620162101700598,-0.2934112242789235,-0.19026997840828833,0.9253249193932476
41,6892.957274701851,0.0,0.0,0.0,0.0,0.0,0.0,0.0,0.0,-2.0913063951828903,0.0,-1.0835092521955383,0.02334464186290905,0.45364911548191217,0.2763689702659562,0.07511077498475383,0.4374804736617375,-4.462639616473792,-1.577329932883436,-1.8931866022307096,-0.4088541610928198,0.883979535160649,0.8452801526786778,-67.83888312985155,-1.1256085315610518,-2.4613547186245905,-1.684918932023528,0.3467909238702339,-1.1914900833269348,-0.8450263433579861,0.21886969448736898,-1.6138333619645278,-1.5240922419091707,0.7789809740733954,-1.687209087899139,-0.15764470725900592,-0.4304808760698546,0.42168911460596614,0.2033370808087127,-0.5913199550254796,-0.8149800921132926,-0.0031554281279036573,-8.184717390565877E-4,-0.2952637731017244,-0.18404094596289794,1.0143686261312008
42,6887.350317015315,0.0,0.0,0.0,0.0,0.0,0.0,0.0,0.0,-2.2537806877229123,0.0,-1.0724389284458655,0.1672176588071982,0.5052169580691236,0.3949523344555632,0.19301822089275214,0.5322443424814864,-5.64828122955144,-1.264017123293891,-1.3790166859508535,-4.643088247585166,1.567781249734443,1.1784863210964693,-63.763365497468634,-0.8898803455049642,-2.261619360572857,-1.9209824706722385,0.10328063156254322,-0.6627421252646896,-0.9513591283791368,0.40791260254583595,-1.6688005415151457,-1.9236892466930722,0.7458275581369862,-1.8306366304286013,-0.2945527938049359,-0.6286273473263007,0.46329207266931427,0.29562408477167296,-0.525539468814108,-0.1406487625726921,-0.0035372662516562434,-7.516072816484905E-4,-0.32100774545065763,-0.185532589339501,1.4121013676998344
43,6859.9591830297695,0.0,0.0,0.0,0.0,0.0,0.0,0.0,0.0,-2.168687275657604,0.0,-1.0668929872033912,0.07915319453590325,0.46114569336518624,0.25395005609614285,0.10548879090664978,0.5664190404851449,-4.908420587065765,-1.7927248452554783,-2.0541491970026353,-3.689135894805329,0.8025501353145176,1.3053981594464075,-62.01828948039976,0.6487931642297626,-2.0594494787366218,-2.083895764325482,-0.12294052685054019,-0.9225014281130748,-1.0488667880120803,0.3603517860749461,-1.6179526328527383,-1.6814510210210065,0.8781367216473772,-1.8286225089314014,-0.32069583434751264,-0.7482313467932777,0.4900810785211491,0.1993245705061457,-0.5838255799540224,-0.11164870632132119,-0.003919530739257775,-9.656282034589909E-4,-0.33459549248251125,-0.195582081106679,1.875318580997033
44,6822.341076291028,0.0,0.0,0.0,0.0,0.0,0.0,0.0,0.0,-2.02151770231075,0.0,-1.0691741092346458,-0.08144108824687968,0.4363840458787526,0.05692537242122811,-0.09288187503093226,0.5800880628654099,-3.7615621475304843,-1.950565233725414,-1.6099299453379876,-1.9336019775469908,0.08165030624368108,0.8281060075010389,-61.09191882588839,0.6190204258767582,-1.783633375641997,-2.2024289648697497,-0.22884298072773643,-1.374997130021607,-1.260376852424168,0.17808504547064397,-1.9018207485824872,-1.3607523450265662,1.119662486508016,-1.8712553051817318,-0.3123851458281693,-0.7535239610945343,0.4570565617480483,-0.02765897278314175,-0.7406346723117391,-0.5493323723157619,-0.002606507021160726,-7.223564574222539E-4,-0.32413415311823257,-0.1901499235972278,2.495220959818945
45,6778.542159786844,0.0,0.0,0.0,0.0,0.0,0.0,0.0,0.0,-1.8973368357354015,0.0,-1.1241804373588484,-0.23196669242891718,0.4026777110553063,-0.0015648605430073972,-0.21790190395491757,0.5136710517807759,-3.082293483376814,-2.1963242360280733,-2.4563356106410383,0.5349664740092037,-0.6266999230915042,1.1639967781484133,-50.314947345882615,-3.6633821872689025,-1.4939756972092633,-2.2225024769000075,-0.3631555057916436,-1.2439141756945782,-1.5977234869165309,0.23326850810046962,-2.303002070969798,-2.1155788187261004,1.2751307774416563,-1.860276760723657,-0.3337886812046897,-0.7081539023935358,0.38861804297103164,-0.14202476064905678,-0.8963401389427029,-1.045229078297262,-0.003344256809790917,-0.001076177824827886,-0.37416694970414366,-0.1915588979590633,4.5146278884549425
46,6602.557963686903,0.0,0.0,0.0,0.0,0.0,0.0,0.0,0.0,-1.8385268420862504,0.0,-1.2109950583289422,-0.34724375994630724,0.38146561972604875,0.02098606912500204,-0.26072544843523404,0.4163993304266185,-3.4920545748525633,-2.1405666181347285,-2.5379393952725104,-3.070123671744517,-0.30946001681736357,1.6340271790950835,-24.59720566295391,-8.423015224418561,-0.9890662772868595,-2.3371853960735414,-0.6052863061131393,-0.899861383852685,-2.3705161008509124,0.5286093093896111,-3.106087764660786,-4.112208846202538,1.308496062826547,-1.8165944496605198,-0.3569224441051479,-0.6435073568428463,0.30693282260407895,-0.1719989915486932,-0.9964048329750504,-1.4230465145157574,-0.005123449689471515,-0.0016898347148681374,-0.4794007620479282,-0.19639443767161285,8.939429872590125
47,6428.478879146955,0.0,0.0,0.0,0.0,0.0,0.0,0.0,0.0,-1.9767984778722085,0.0,-1.1691981119398889,-0.1472174555362216,0.38985886100070044,0.008196512109542553,-0.10673477534390666,0.532496417776586,-2.710370089955339,-2.6185286114478417,-2.623694644966294,-1.6192758252842572,-0.8286683020956156,0.8358825635153033,-11.022592029229505,-8.63150666986564,-0.751094728612016,-2.57304324516771,-0.6400232283368739,-1.0911016841938044,-2.9887650902165945,0.4973999843376551,-3.6995362483062446,-4.397152451164464,1.056621763117253,-1.7493867489997492,-0.22659253220567455,-0.6389495871782271,0.43698422713906704,-0.04340696492002741,-0.7969693242628003,-0.7576134140519285,-0.004287260110514238,-0.001349343298088502,-0.5007378341216105,-0.20467825640799878,12.025381102774617
48,6352.069321240328,0.0,0.0,0.0,0.0,0.0,0.0,0.0,0.0,-2.025920727834649,0.0,-1.1624207207685613,-0.09849087278282723,0.4151959031173094,0.02027727029671955,-0.05453967966832062,0.5339223703959339,-2.667862928094036,-2.7675732709125582,-2.594110604963011,-0.8869215180129706,-0.8769883823460746,0.7355504755687422,-0.05842457645262833,-8.941658652119079,-0.6090206648480937,-2.661839638711683,-0.6932961653736285,-1.1884821856694958,-3.3635642986994045,0.5650363163878422,-4.154173945087738,-4.8953021757192925,0.9830321879036572,-1.745861771770156,-0.19991628915591758,-0.6169664359244128,0.45527586899120454,-0.008974529910627381,-0.7341703245675074,-0.5950457805129581,-0.0038908373504503804,-0.001213469408522242,-0.5215786955358911,-0.20180571059133243,14.182110315097974
49,6320.848486769188,0.0,0.0,0.0,0.0,0.0,0.0,0.0,0.0,-2.105898103576572,0.0,-1.1331677336775734,-0.02229036985467668,0.47480722631767214,0.1056158833711769,0.040373201919700556,0.4964743232473037,-3.4384839235220213,-2.6182742856122947,-1.8143532205402,0.04434569491075635,-0.3006762598097885,0.7170274693974024,-3.580643804016549,-6.463441290792088,-0.9310302363449423,-2.51170271287143,-0.4889612127416785,-1.368065295514188,-3.1932720077675345,0.5703312579679504,-4.14946479216086,-4.600325124231988,0.8433093120710644,-1.7400264466735929,-0.165253868528413,-0.5424641824399977,0.4636622982617585,0.07638085129318684,-0.6182629302579277,-0.42782636510366834,-0.0025418129117136465,-7.074211283520063E-4,-0.47689679403138013,-0.18682068060336782,13.494097930233545
50,6279.915978926257,0.0,0.0,0.0,0.0,0.0,0.0,0.0,0.0,-2.1588527893144556,0.0,-1.0881414785975714,0.05059186238617101,0.5101369543278325,0.22345301376954363,0.08282731651036848,0.5000698815564124,-4.615311876628276,-1.9542079610189593,-0.7852091001192449,-0.6481384716764887,0.7347909880927781,0.9044869428652116,-2.497228290745249,-3.8542890507608214,-1.206709726521504,-2.2520057182794195,-0.12133981982113362,-1.5467736120537785,-3.1412549837021477,0.46061460238166757,-4.532399379412141,-4.758231876335147,0.8226537156746665,-1.763267798412414,-0.1908536970353463,-0.5099525957078026,0.4467707107592459,0.16365303857765062,-0.5843527870413995,-0.4878515402636054,-0.0017781897708159114,-3.559555418033436E-4,-0.45007640121547093,-0.1785757036609039,13.602269166925586
51,6267.368377439003,0.0,0.0,0.0,0.0,0.0,0.0,0.0,0.0,-2.144540340595865,0.0,-1.0873795155686974,0.07414434946289862,0.4972439593498776,0.349464994820363,0.0906629186000949,0.4846870613261364,-4.765315759418863,-1.3704634711596524,-1.9603595023861906,-1.6037393999445677,1.0024641818482438,1.046129313459124,-1.2838820298510418,0.33732043604940154,-1.3830282260934688,-2.0713331328815614,0.03461579280473373,-1.8212947688117056,-2.998266522901573,0.4038491897571256,-4.763753765253561,-5.065944033289797,0.8604309813102716,-1.8332029639835703,-0.2983657374798868,-0.5541364249214735,0.3827214581242533,0.20163367302384363,-0.6154232689029284,-0.5475786630016055,-0.003121183746577394,-6.772977510892298E-4,-0.4550172998126684,-0.17925938808653097,13.824693805678102
52,6258.928563410962,0.0,0.0,0.0,0.0,0.0,0.0,0.0,0.0,-2.05695026028836,0.0,-1.0995400750430737,-0.02898004009692763,0.4478079127403622,0.23624562213578584,0.017634375458385546,0.47450650102089076,-4.25595737677726,-1.7555859627639623,-1.5381720340431264,-1.8631096374236416,0.5338824759730161,1.0650731677329326,-1.242811597024639,-1.551746688718094,-1.295501648861487,-2.0669756137576374,0.06603509480533183,-1.9050495448937461,-3.02018759207106,0.2937064116744456,-4.786807553522054,-5.117192565471539,0.9329301287281025,-1.7425670269900246,-0.24009610458727987,-0.5693337509076384,0.4010309707734171,0.13705549532939987,-0.6919974061739261,-0.7358472701460939,-0.003219310525023721,-8.514320006610404E-4,-0.45411038559643596,-0.18815353527566195,13.753732665929896
53,6256.54752317034,0.0,0.0,0.0,0.0,0.0,0.0,0.0,0.0,-2.038425985850939,0.0,-1.0987450043973301,-0.056943620431001596,0.446756229566618,0.17774689064239765,0.027343442212478405,0.4434063303467861,-4.188521856194709,-2.1555517585127766,-0.8493301529834725,-1.0076578559930858,0.32648201710687863,0.8778232389235828,-0.8200556485567723,0.1367474039072576,-1.3248319226495913,-2.091109994352447,0.12061096521191114,-2.2410716512535322,-3.034639467194778,0.22132626052356338,-5.003732747131534,-5.007842275830795,0.8619587766028839,-1.6786746606122298,-0.16127942886381846,-0.5444738936143544,0.44037140996733326,0.12082824055045144,-0.6474260528020336,-0.6101872006192645,-0.001984785093199524,-4.505480921596866E-4,-0.42027201063578135,-0.1820921418092663,13.884261933638689
54,6249.100418664777,0.0,0.0,0.0,0.0,0.0,0.0,0.0,0.0,-2.0634761677588487,0.0,-1.096293689331625,-0.024066927900441057,0.46060835612947576,0.20753298231524653,0.022330825010693636,0.4796300898370037,-4.018437946292097,-1.9799699363458894,-1.5950621721444993,-1.6323528177754332,0.3140383981759922,0.8412170775564151,-1.4380073900060584,-0.5351692268385446,-1.3311310544780928,-2.1003399797114795,0.08529270737725614,-2.197676719467948,-2.9338691470717806,0.22116546342515736,-4.998352811898618,-5.026220565054883,0.9127437187420909,-1.7542533048356912,-0.22439793038135797,-0.5629344973293712,0.42283935844729287,0.11996080523099285,-0.6624258142319734,-0.6193570554400367,-0.0025787144129803888,-6.043502095509183E-4,-0.42642831604375325,-0.18407900076671718,13.734431659885121
55,6246.990188915365,0.0,0.0,0.0,0.0,0.0,0.0,0.0,0.0,-2.066772663500982,0.0,-1.0921787494255097,-0.012862509992659798,0.45821039644695477,0.21588492681317661,0.017843050706959105,0.48483756486681107,-4.1519512706316934,-1.8329630874767002,-1.4770104064517784,-1.4794312022092515,0.509947768179492,0.9474011359487817,-1.1790596998668204,0.06547509761304815,-1.393852355273147,-2.0709237277343537,0.12950510802605655,-2.2913561097247923,-2.8452449997261047,0.20928933195718258,-5.122414899856911,-5.1485511678085825,0.9231620750759496,-1.7602602266391312,-0.24059045536163673,-0.5674083061620163,0.40738694870359227,0.13125381823598106,-0.664505660860459,-0.6454155085524809,-0.0029437818763660938,-7.546007366467505E-4,-0.42256252054297755,-0.18629368170228053,13.77804822982661
56,6243.258855524102,0.0,0.0,0.0,0.0,0.0,0.0,0.0,0.0,-2.065774139457657,0.0,-1.0952408127641948,-0.01991400216487967,0.4572533865291886,0.21597008354167696,0.017433913893611448,0.4851020837973091,-4.237044757301706,-1.8309897507223718,-1.3889421794693335,-1.2887985768375347,0.49786620420014854,0.9429632821567402,-0.964481482660283,0.15222224158371067,-1.489753959976006,-2.050970022506314,0.1752681853817629,-2.4790349454308327,-2.6729542697852944,0.17814057951368056,-5.37735930860505,-5.230532065399306,0.9056632847602519,-1.750962816920163,-0.22598423836826886,-0.5582358935729475,0.41842715068594083,0.12630913773713776,-0.6604766650376136,-0.6423779346555163,-0.0027716192940076528,-6.78328628981077E-4,-0.3978559081767424,-0.1851280718724441,13.708162659938855
57,6235.604540780107,0.0,0.0,0.0,0.0,0.0,0.0,0.0,0.0,-2.0786178589463917,0.0,-1.1016011675304307,-0.02234897227734354,0.4611492817363699,0.21310723214239174,0.03085991988382305,0.48752487488894275,-4.162186231067955,-1.906231119068121,-1.062725570875172,-0.9314642435265371,0.38997809061540917,0.8545638507557969,-1.04380982195879,0.050895642246508416,-1.8499813007312935,-2.031614576455591,0.23313512245553053,-3.1894042252411143,-1.9504656667624203,0.13526195629556703,-6.253127860807108,-5.439787555757019,0.8759499814262994,-1.7568126792598453,-0.22021219808182027,-0.5418692507054205,0.42488479865877726,0.11410470425841297,-0.6456376577792521,-0.6096833137942163,-0.0025081474932737943,-5.849595758390579E-4,-0.30968509873170547,-0.18134784385867325,13.418804604505643
58,6232.8758523550605,0.0,0.0,0.0,0.0,0.0,0.0,0.0,0.0,-2.0734813031059516,0.0,-1.1066769122267954,-0.03321603935706212,0.45634072899854405,0.2142988739243753,0.02743213820844618,0.49092129967421605,-4.247862810705065,-1.905050810024043,-1.2795381360617104,-1.1687274399760628,0.42660165215024515,0.9572419229130095,-0.8979232101566746,-0.2512493954024221,-2.0084199351198277,-2.0028029280886264,0.21863094077270562,-3.2819280527866797,-1.6173389189575365,0.15742073588746577,-6.551562723905294,-5.444847007780702,0.8803867508898993,-1.7485464836523676,-0.21684447283177832,-0.5515765431394715,0.4404603690716749,0.11412521892506128,-0.6513055435621474,-0.6159211987052354,-0.0024959372736392473,-5.778994019523266E-4,-0.2785541855974788,-0.18231811353417213,13.24469310763736
59,6231.56109528305,0.0,0.0,0.0,0.0,0.0,0.0,0.0,0.0,-2.0825072061002485,0.0,-1.1024280968225364,-0.02439894798894389,0.4593064698389559,0.21221535769886968,0.033721713250668146,0.5043481691016333,-4.101818224832117,-1.9332362160015975,-1.4333325305901654,-1.3745750317581393,0.38818631748880655,0.9076344789556808,-1.2868556081718698,-0.09692943338758692,-2.0299934511646414,-2.0348440828361705,0.10526185366022156,-3.101294005520626,-1.5296701727448307,0.23591014270457322,-6.482451252453371,-5.197989332722276,0.8866024013095414,-1.7608419470683805,-0.23197189367096002,-0.5616352925630312,0.437163368534852,0.11693591159413427,-0.64795343270823,-0.589525891639597,-0.002698130793709517,-6.524664625528446E-4,-0.2831615997002439,-0.18355506020734452,13.26934661905959
60,6230.971367878962,0.0,0.0,0.0,0.0,0.0,0.0,0.0,0.0,-2.084537131464576,0.0,-1.0968549853966576,-0.016689770542797088,0.45694361003313927,0.20528750498901477,0.03174756400760279,0.5075108130779311,-4.09429268074107,-1.8942044017135309,-1.4020061656179905,-1.3484108238674828,0.4223875696282976,0.8706334667771686,-1.2473691119115413,-0.32036265889687887,-1.9938549838791213,-2.0554092415728293,0.05124134119029944,-2.8684172199912794,-1.5299041650952916,0.2647878470979005,-6.445707486601469,-5.023458100903897,0.8909689219516773,-1.7646522867897063,-0.23487980042907458,-0.56182030694909,0.4311643836141763,0.11905908568823628,-0.6457501170399844,-0.5882574401416581,-0.0027400946274636494,-6.762772836678027E-4,-0.29152782769632773,-0.18421541221168922,13.393286003493658
61,6229.791320963455,0.0,0.0,0.0,0.0,0.0,0.0,0.0,0.0,-2.083967939697774,0.0,-1.0927324022201352,-0.011737128003149192,0.45253058687284275,0.19915363047814244,0.030068008716670862,0.5056249024102323,-4.146942783793925,-1.8791723378241907,-1.385315430599319,-1.3047155397368144,0.4413150613332011,0.8941829751410288,-1.1674219925403735,-0.37720878522984186,-1.9528979175231627,-2.067150336236404,-0.018060533265851525,-2.3426834097909475,-1.4334709641611094,0.29487935003677906,-6.509316202633594,-4.597874029409519,0.887906620032298,-1.7615125737243595,-0.2263833919942821,-0.5555428039358324,0.4290492099528195,0.12092749393377772,-0.6457137813440341,-0.6001655791745248,-0.002686719941019033,-6.608640702978174E-4,-0.29757743168901973,-0.18447118078772745,13.618402652705274
62,6228.4684813208605,0.0,0.0,0.0,0.0,0.0,0.0,0.0,0.0,-2.07901127493494,0.0,-1.0902748822713242,-0.01589511435754911,0.44622217671248143,0.19754316761852556,0.03505615020851136,0.4958126922149433,-4.142890029547908,-1.8787164389099107,-1.3454189639328216,-1.306890324042109,0.4265555719377095,0.8837927071754713,-1.0656581948181205,-0.35374810081439706,-1.852184412227083,-2.0473010590800444,-0.10694915260571211,-1.0583569178666021,-1.2510810327191373,0.3232241048561634,-6.636385551486412,-3.472104556779448,0.885619655835447,-1.7526530678507837,-0.21370926118206043,-0.5481607478152548,0.4315605594091296,0.12030182689846128,-0.6461616480891044,-0.6223059822242546,-0.0026489417537692897,-6.466466622864023E-4,-0.31617429141575953,-0.1845797863744247,14.266391157630983
63,6227.798857178906,0.0,0.0,0.0,0.0,0.0,0.0,0.0,0.0,-2.0754220450393155,0.0,-1.0929117209254995,-0.020154792188605504,0.44629735109170926,0.19976189835648028,0.03421257194768688,0.49458742219393004,-4.13589414786637,-1.905660069418588,-1.3475614185314915,-1.2964413695555819,0.41531472043433987,0.8889085695947544,-1.1133905356045821,-0.23403416200166824,-1.8940283407173657,-2.0069316938454946,-0.023369536650321585,-1.328013827744618,-1.2967166674876345,0.2850655936688092,-6.601159627320304,-3.4732024662911405,0.8872838976484234,-1.7519331140127485,-0.21885101015549474,-0.5478568293126501,0.42928408648539695,0.11778123087776127,-0.646267531513191,-0.6209223822054617,-0.0026289455376757955,-6.359087291698811E-4,-0.31087306510385315,-0.1839700068427684,14.219725102893758
64,6226.897502774884,0.0,0.0,0.0,0.0,0.0,0.0,0.0,0.0,-2.069566915818509,0.0,-1.0988465035623025,-0.028262293287872567,0.44883616270720644,0.20574243779590956,0.03253548612130303,0.49324231936281004,-4.118051954888349,-1.9350247334256476,-1.3469448503131993,-1.286030879747267,0.39628327059255025,0.8849454272666835,-1.184340314700699,-0.05223985295176814,-1.941618071441158,-1.912915019110475,0.11184652383643547,-1.3012346110024244,-1.3337918089192005,0.22655786991351634,-6.5207519493989805,-2.8205934832551405,0.892569394696319,-1.7535472511804833,-0.22684632179946596,-0.5530606606315687,0.4280077019537894,0.11418647614330327,-0.6480863643753558,-0.6152871439549457,-0.0026127626239886826,-6.248376565760978E-4,-0.3096924925267561,-0.18321109441525632,14.45088037899663
65,6226.062985809755,0.0,0.0,0.0,0.0,0.0,0.0,0.0,0.0,-2.06627489587182,0.0,-1.1022744688612927,-0.03258454357246668,0.45080065900329247,0.21207822380117278,0.032414810343531275,0.49016820852755605,-4.082171876478762,-1.95092128719585,-1.349586666463385,-1.292671350087955,0.3842910984784499,0.8576055994361771,-1.2372405967239364,-0.034540797998428914,-2.008350586471692,-1.8220484598797764,0.23379239033480337,-1.2842488869453597,-1.3625706017037738,0.18756203827769286,-6.357620763276836,-1.76058091095989,0.8988795969072472,-1.7576438698900656,-0.2364445978713738,-0.5601475072581772,0.4271028947790806,0.11216556297542407,-0.6487121440637957,-0.6018803295165588,-0.0026498290604220877,-6.355965627364891E-4,-0.3067255409624979,-0.18280944189360862,14.825219931189784
66,6225.5806826709895,0.0,0.0,0.0,0.0,0.0,0.0,0.0,0.0,-2.0659801589071214,0.0,-1.1046686256216076,-0.03145679884811605,0.45208224743995346,0.2124151690337607,0.029566280749968733,0.49108860654451153,-4.104055899371899,-1.9237710486490398,-1.3625412650962734,-1.289196033506692,0.399646359018776,0.855592545296207,-1.2276157492293167,-0.12175175388348322,-2.0303890783967145,-1.8172768885303352,0.24272004942222283,-1.3378736419881183,-1.4046473996332212,0.19780506144819027,-6.178792107249933,-1.1933408301726562,0.8997402967841555,-1.7592352158474436,-0.2383769707222143,-0.5664692489797688,0.4272051842225002,0.1162593022313482,-0.6483061351043744,-0.5960946972278213,-0.002655216091939836,-6.400400486772987E-4,-0.30326962705055177,-0.18303476557273873,15.025559000571372
67,6225.055303828146,0.0,0.0,0.0,0.0,0.0,0.0,0.0,0.0,-2.0694847037610047,0.0,-1.1051708830053208,-0.026148855566755974,0.452555822616225,0.2101760063210011,0.02911250442827225,0.49028263532235106,-4.130946388133083,-1.8733500537175238,-1.3636171856067882,-1.2909648981795232,0.426600935211284,0.8512266114422203,-1.164253922215376,-0.2611446057582889,-2.0256524627637393,-1.8945856289487644,0.15158614632346712,-1.5345689640493239,-1.4356864491953565,0.2503439487877906,-6.001532194952573,-1.2023697226897332,0.8939065407648166,-1.7590518688696515,-0.23536610739877928,-0.5692459387861586,0.42829298271595184,0.12424749932113978,-0.6439331451578322,-0.5944017081608194,-0.0026934620327784932,-6.584613229352152E-4,-0.29563109331709736,-0.1836226624708666,15.08626287692385
68,6224.611717634513,0.0,0.0,0.0,0.0,0.0,0.0,0.0,0.0,-2.0740043235369154,0.0,-1.1001328263223564,-0.02047105771503518,0.4498700497934421,0.20387461675595958,0.030637884491836437,0.4922532168698447,-4.1645791219342945,-1.8619297824150383,-1.3633921367536144,-1.285115241825888,0.43969846994164025,0.8750664797872169,-1.1174399888762145,-0.3031984774037208,-1.9962552932372546,-1.982917234287413,0.04878028667507575,-1.5934960689701643,-1.4615741148910957,0.29070366976292117,-5.7842920513610325,-1.0827222766432076,0.8873534666231934,-1.7543828453023143,-0.22941299498780612,-0.5609728286296631,0.42836959190839313,0.12652719102385854,-0.6412181033634478,-0.6042886059206587,-0.0026691584756466215,-6.513884993004576E-4,-0.2880946748806757,-0.18390728263386413,15.27827408853172
69,6223.878696480455,0.0,0.0,0.0,0.0,0.0,0.0,0.0,0.0,-2.080950507706342,0.0,-1.1021852524944964,-0.019720473163806606,0.45473117991241235,0.2015522605279966,0.0354123659807986,0.493576765808859,-4.183131952211996,-1.849351640734167,-1.3418129888519805,-1.2911256001461127,0.44556929493581354,0.8977717491993086,-1.0669176688872655,-0.32138829357540405,-1.9530860594022417,-2.116958458174922,-0.10547272060231627,-1.665345961032563,-1.509742229140066,0.34689480075197504,-5.361674909966598,-1.1186095617917313,0.8738144416620489,-1.7504002233083997,-0.21722847067606937,-0.5527277720212179,0.4347570474059675,0.12798884256315365,-0.6372069544426985,-0.6183676373258458,-0.002676172896325733,-6.532749189713551E-4,-0.27613334368039627,-0.18413456221911292,15.672039879655136
70,6222.698944648457,0.0,0.0,0.0,0.0,0.0,0.0,0.0,0.0,-2.0868816433721418,0.0,-1.0974752019237617,-0.018226880680765983,0.45423298254820554,0.19702128199249133,0.03985221252388924,0.49658260127305603,-4.19436205626064,-1.8506011388385875,-1.3281992812211094,-1.2955284168380807,0.44103570228420874,0.9264963828400165,-1.054479425845384,-0.2665008741294716,-1.9174224816899905,-2.2507470206486446,-0.24183729129404577,-1.6184079930884667,-1.6031492817920348,0.3860234833004995,-4.5918789774748054,-1.11512683131447,0.8621199867208449,-1.7401239789602527,-0.20888833934731998,-0.5390105869581007,0.4380702389988714,0.12713603848343552,-0.6336273911771372,-0.635094009897521,-0.002652648554057151,-6.431978777291426E-4,-0.2596673531489431,-0.18408944201966285,16.49844538087686
71,6221.063206032265,0.0,0.0,0.0,0.0,0.0,0.0,0.0,0.0,-2.092940674275762,0.0,-1.1014287499990487,-0.022072866028348483,0.463090844798444,0.19918515386617924,0.04590359175990363,0.4980193944795086,-4.17814257572947,-1.8718507966266156,-1.3105909519836074,-1.2997826730881372,0.4260478639983693,0.947061871427491,-1.0622080341478997,-0.1486419487891562,-1.950579854998556,-2.326399152342118,-0.3041899234445498,-1.3937246450503515,-1.714280615982193,0.3999073778880952,-3.3391126139063245,-1.2698932544693138,0.8515742636505529,-1.7370007776524532,-0.20229199554987823,-0.5299460543737435,0.4438823692078466,0.123946799666797,-0.631574698498033,-0.6476793454677563,-0.0026721319327456536,-6.453407955226787E-4,-0.2394912661985566,-0.18376383418156642,17.934328329842984
72,6219.685558892258,0.0,0.0,0.0,0.0,0.0,0.0,0.0,0.0,-2.0875798068523728,0.0,-1.09916488042407,-0.024043579537486173,0.4597543128301604,0.20142848907095937,0.04132869990069053,0.4973091548541715,-4.133685312812171,-1.894950961838011,-1.319359139262863,-1.2979612880951272,0.4102978834237817,0.9190508957975084,-1.1294314761901902,-0.08594222875671517,-2.0336538592046227,-2.2224150746272957,-0.16902799064944785,-1.1635186894273637,-1.6885544171661688,0.338236130874558,-2.851368171551393,-1.4984577095504776,0.8651664817938396,-1.7406790936970478,-0.2123883869786482,-0.535456936377654,0.44045113066569097,0.11794321650306117,-0.6372395011746186,-0.6375239700570057,-0.0026737645666110726,-6.447513744586735E-4,-0.23750396631348475,-0.18351652729337878,18.690587639712387
73,6218.054945337321,0.0,0.0,0.0,0.0,0.0,0.0,0.0,0.0,-2.0746325339357568,0.0,-1.1037093345749567,-0.027547187066328666,0.4571044731784385,0.21129831983694106,0.03029085804546207,0.4927991835843709,-4.067925140056976,-1.9358121204756693,-1.3425871408069134,-1.283105775022534,0.3914784537231094,0.8607449227365953,-1.2195791169972254,-0.08781868636491921,-2.1920075721580354,-1.9346726736581332,0.15772030072671117,-0.9270033834080127,-1.4707067140534278,0.20488840886612655,-2.8425817077199795,-1.8262445909912168,0.8948867464746455,-1.7611541589780195,-0.23649154303001813,-0.5577212715358313,0.42900440822943875,0.11262177336094852,-0.6480615592930987,-0.6003926489927646,-0.0026909585533226956,-6.517224646945046E-4,-0.24997497455218304,-0.1828178607508882,19.232101464662136
74,6217.523249433788,0.0,0.0,0.0,0.0,0.0,0.0,0.0,0.0,-2.0705546198268103,0.0,-1.104075208793105,-0.0278407953971345,0.45322588401236025,0.2126583299436599,0.027636357592344726,0.49101437412823457,-4.095792015927659,-1.9243624979017084,-1.3613530228265347,-1.2881944002722587,0.40144774427507474,0.8627374365160483,-1.206132746815016,-0.14695300679997692,-2.18524048265541,-1.8856871555517651,0.20981026261214605,-0.9281114649174926,-1.4441727996079172,0.18389660827194274,-2.5469399082713586,-1.8273460475619892,0.901369061685089,-1.7623510838060574,-0.23788171696174293,-0.5641392521123677,0.4282386034320977,0.11517052743832704,-0.6505066746868438,-0.5963913269796475,-0.0026739041837111066,-6.464727997272905E-4,-0.2589630154828725,-0.18313236233493613,19.76260390169209
75,6216.970356779764,0.0,0.0,0.0,0.0,0.0,0.0,0.0,0.0,-2.070934534518577,0.0,-1.1012252634950768,-0.021484982618723704,0.449161427346017,0.21174948345835792,0.026343466081005292,0.4927091594674791,-4.1173795338397365,-1.8940275344459947,-1.3629060044547332,-1.2874879622041817,0.4157490626091582,0.8500664787890152,-1.1674480807612557,-0.2344130974954488,-2.150471359065798,-1.8581001528712056,0.20609469314451082,-1.1099756481375498,-1.2927606406919727,0.1892126138594348,-2.5270488133107123,-1.7307052163338814,0.9034483565049052,-1.7640955262050786,-0.23790876230155047,-0.5666928453062312,0.4255704206964566,0.12074774403895323,-0.6505245267129389,-0.595958793448678,-0.0026418893218501656,-6.417815462971682E-4,-0.2708836074754912,-0.18347305427514832,20.18041661325633
76,6216.81652856097,0.0,0.0,0.0,0.0,0.0,0.0,0.0,0.0,-2.074318882888976,0.0,-1.1016177562424163,-0.019931878658387584,0.4511655831721315,0.21082812197789294,0.02967301246309439,0.49230808619776406,-4.139467947568264,-1.8977141394039498,-1.352755788498221,-1.2824799849792023,0.42055028681911605,0.8720143460915594,-1.1306846081395654,-0.23288780385106134,-2.079100054623681,-1.9141170601232051,0.11594654623259114,-1.24381957223398,-1.2821248130966785,0.2294106193315121,-2.4464501741056455,-1.6140423861257334,0.8919318942849718,-1.760697285868649,-0.229701435093683,-0.5602196159704596,0.4287684710523503,0.12262562044276316,-0.6458512489998401,-0.6009513270271831,-0.002630624954722419,-6.366596170415085E-4,-0.27693861552372667,-0.1833662230315837,20.367715761705135
77,6216.783285347769,0.0,0.0,0.0,0.0,0.0,0.0,0.0,0.0,-2.0741159122458614,0.0,-1.101081023394366,-0.021374197479991877,0.45064965918903604,0.20899244497517475,0.029420811314055897,0.49420684963827743,-4.1382915802778815,-1.8896038689393444,-1.338584529866072,-1.2785696488783072,0.41777162044567173,0.8729122361436957,-1.1426719631023952,-0.2047768573202121,-2.0486956677234325,-1.9379174894618076,0.08112485102955388,-1.3374114181623107,-1.2739171463348407,0.2397517638639511,-2.469419016019936,-1.5918314217150478,0.8919190077551482,-1.7577849512373158,-0.22797355392788063,-0.5593169304322273,0.43031045043040506,0.12160185240856317,-0.6472305341052744,-0.6061955283305348,-0.0026217171479188846,-6.329565596131026E-4,-0.2768029231542868,-0.18353134400634608,20.397015928111834
78,6216.775427368807,0.0,0.0,0.0,0.0,0.0,0.0,0.0,0.0,-2.074832544545107,0.0,-1.101303333816714,-0.021574877996889823,0.45173491903314317,0.20994778875107206,0.03067249371361052,0.4939457184576325,-4.135055862506166,-1.8967918795538525,-1.3400947284555098,-1.2775699053520688,0.41273795485645887,0.8789403256109845,-1.1414023731714311,-0.18405225268626976,-2.0438533772456062,-1.9357598158351765,0.07681372793758422,-1.3515087506181929,-1.2793731086594873,0.2435123571486959,-2.478130016823149,-1.6048483591554,0.8895877537861783,-1.7574195664647498,-0.22824391040911093,-0.5573779673591003,0.4297595364134364,0.12151421124379348,-0.6462847418531343,-0.6062137192444554,-0.0026186618166149835,-6.317985293519148E-4,-0.2770519222912234,-0.18326442749276292,20.393253811564488
79,6216.771019004449,0.0,0.0,0.0,0.0,0.0,0.0,0.0,0.0,-2.0739762479888926,0.0,-1.1017006877851583,-0.022489364091029973,0.4516191955169783,0.21002645480205678,0.03042831062048253,0.493672853171855,-4.133249757254535,-1.8975290279708823,-1.3393337498678013,-1.2769501262591634,0.4122933922214953,0.8783397173763993,-1.1469963334330568,-0.17729080636477168,-2.043851252783611,-1.9263499752552675,0.08002054728904716,-1.3512430600507304,-1.2841752435545724,0.24339859440945863,-2.474021869132354,-1.6184087255921888,0.8900270791184224,-1.7570410934374225,-0.2283217878323643,-0.5579380784791086,0.43021833404659915,0.12097239939624954,-0.6466884113392205,-0.606822679297889,-0.0026233457467286633,-6.327402986066445E-4,-0.27715785939882015,-0.18329862903192515,20.415579740572785
80,6216.767445545161,0.0,0.0,0.0,0.0,0.0,0.0,0.0,0.0,-2.073805566453083,0.0,-1.1013943805731108,-0.02248534681249941,0.45157214390108535,0.2098601744043299,0.030235310265250292,0.49380439638573825,-4.132049445036097,-1.8973172685509003,-1.3410313293368656,-1.2770694446668447,0.4116869842124895,0.8771201672236705,-1.1485198253405404,-0.17885839471009363,-2.0468870415828286,-1.9116269986357894,0.08421465430945364,-1.3424564418257148,-1.2868928999842661,0.24361858380302737,-2.475471960760425,-1.626987809084051,0.8907533744180666,-1.7571449897626579,-0.2288922351840791,-0.5582109351503953,0.4299578315173574,0.12081114184378837,-0.6469604195599193,-0.6065481582551476,-0.0026221644824085885,-6.325487000255666E-4,-0.2772441571397302,-0.1832977092461842,20.439920976053823
81,6216.766328363562,0.0,0.0,0.0,0.0,0.0,0.0,0.0,0.0,-2.073681163582498,0.0,-1.1013032700739604,-0.022314908645024837,0.4512884910173199,0.20959263678622195,0.02992708543277815,0.49366584842997474,-4.132667544895395,-1.8965880446469323,-1.3405310986567365,-1.2773831438470395,0.412886442467315,0.8757995122653096,-1.1471803908081937,-0.18579574458020717,-2.049929567883504,-1.9048077064652686,0.08382850922963932,-1.338258828276041,-1.28620892220998,0.24431900235833193,-2.474883008981033,-1.6235505082967117,0.8908487062661837,-1.7572780566211474,-0.22876777860815284,-0.5584137754950657,0.4298938267213896,0.12080591188596845,-0.6469667615328216,-0.6061838250295026,-0.002624261344129141,-6.333202093955443E-4,-0.27706895382386193,-0.18333203735518266,20.456498837680904
82,6216.766131326001,0.0,0.0,0.0,0.0,0.0,0.0,0.0,0.0,-2.073921145419978,0.0,-1.1012324804850768,-0.02209517783620175,0.4512808560142477,0.20944871068596102,0.02989896451594641,0.49387374650779364,-4.133639495070143,-1.8959298243878828,-1.3408456418280266,-1.2774748001026037,0.4132631475979827,0.8758414716835838,-1.145791586396856,-0.18772113246406055,-2.050675522471972,-1.903878007630663,0.0827275571831457,-1.3367444702266478,-1.2859429001621365,0.2438592285641665,-2.4762197519540714,-1.6207746011026374,0.891012623455994,-1.7573943857057222,-0.2287081950762401,-0.5583966843241036,0.42981059269257205,0.12094761595599643,-0.6470290102003238,-0.6060524231702343,-0.0026222293402601046,-6.328001845859681E-4,-0.277001834493261,-0.18334320527107642,20.458638996245604
83,6216.766070985415,0.0,0.0,0.0,0.0,0.0,0.0,0.0,0.0,-2.0739555636087603,0.0,-1.1012891572291332,-0.02206317561763614,0.4512007436983439,0.2094798181972123,0.029855871805217975,0.4938134896485384,-4.133626565543357,-1.896013783710179,-1.3405326365804275,-1.2775676162043519,0.4133449841505945,0.8757341236955177,-1.145355588318684,-0.18823244556721944,-2.0512498303240743,-1.9040883029929554,0.08187879416851229,-1.3374976871292115,-1.2850601808820847,0.24335390533658438,-2.4752864421852845,-1.6189615549719687,0.8908684931076389,-1.7574327309545115,-0.22865672380154242,-0.5583471727023191,0.42973106475448875,0.12100311610186608,-0.6469471476089463,-0.6059528885171698,-0.0026225358200609493,-6.329144702471943E-4,-0.27688631314458945,-0.18333739307386523,20.464012191400546
84,6216.76602772253,0.0,0.0,0.0,0.0,0.0,0.0,0.0,0.0,-2.0739643067513684,0.0,-1.1013815924855699,-0.022106188122704276,0.45116520254031256,0.20952802485805688,0.0298470095409773,0.4938074476568802,-4.13382482183854,-1.8960524258265268,-1.340354802636985,-1.2774552823514174,0.4133799768163235,0.875904094975484,-1.145429344647804,-0.18778765996409016,-2.051212166310975,-1.9042447835532748,0.08141688750542872,-1.338044254540975,-1.2848375866325916,0.24258869627869153,-2.47614059856787,-1.6189591494484958,0.8908472477209297,-1.7574183076225807,-0.22860334973028118,-0.558357720058689,0.4297417552876397,0.12105013730665037,-0.6469391792203301,-0.6059716913851615,-0.002622507682561935,-6.328627709725183E-4,-0.2768716749741064,-0.1833387371236564,20.468396720891725
85,6216.765971713095,0.0,0.0,0.0,0.0,0.0,0.0,0.0,0.0,-2.0739906023706953,0.0,-1.1014794394856133,-0.022156871242231077,0.45117419889727295,0.20961443029159488,0.029859572601364504,0.49381613130920626,-4.133678037642131,-1.8961402482577852,-1.3403293560377232,-1.2773472645725612,0.41321983315348954,0.876019536407385,-1.1456577977586337,-0.186871046937046,-2.0511625329422887,-1.904312992035819,0.08107227335580021,-1.3389411149097445,-1.284696547261313,0.24165782633051375,-2.4756749262101727,-1.619311971397054,0.8908466301076231,-1.7574379807373137,-0.22862326110376197,-0.5583719651341018,0.42971373405201874,0.12110492450327194,-0.6469307954071601,-0.6059863486560169,-0.0026223249796968246,-6.327991681863997E-4,-0.27681898116676334,-0.18333372999162342,20.480647988136187
86,6216.765931735228,0.0,0.0,0.0,0.0,0.0,0.0,0.0,0.0,-2.0739515445174015,0.0,-1.1014655998357008,-0.02217199245681022,0.45114472130914945,0.2096153460605143,0.02984370678830315,0.4937930097747927,-4.133721180622446,-1.8961631606267186,-1.3403173670384685,-1.277325877586835,0.41324403803070786,0.8760300758559987,-1.1457645765072417,-0.18693790624801104,-2.0510395507699877,-1.9042418035530582,0.08112963453584587,-1.3388396857209133,-1.2847855763689324,0.24165759372649678,-2.476236039843773,-1.619606314803741,0.8908416493918834,-1.7574080442711104,-0.22861604849101652,-0.5583762820025696,0.42972538605228533,0.12109166248287219,-0.6469315204659439,-0.6060023412766247,-0.0026224613904592808,-6.328213165622521E-4,-0.2768297320769467,-0.1833349876361691,20.485704513347336
87,6216.765012886632,0.0,0.0,0.0,0.0,0.0,0.0,0.0,0.0,-2.0734865022510056,0.0,-1.1013160559908066,-0.022411868528730314,0.4509286553029309,0.20973370885984796,0.029741199508018457,0.49355805491224786,-4.134072111482406,-1.8963755940338334,-1.3403254086280187,-1.276715110168875,0.41336269845053963,0.876224646480001,-1.1474152546913365,-0.1872158620860944,-2.0492182097644664,-1.9032099747735778,0.08177349790055571,-1.3381979001387787,-1.2861593981901434,0.2408328524516009,-2.482832198211123,-1.62426878193998,0.8909098767011365,-1.7570707384797177,-0.22860950476483072,-0.558492692606101,0.42990707696127894,0.12098466735652884,-0.6469848794176017,-0.6062530784170169,-0.0026238829569328946,-6.330443986094239E-4,-0.2766930311703176,-0.18335028452172097,20.66940018538281
88,6216.76407619819,0.0,0.0,0.0,0.0,0.0,0.0,0.0,0.0,-2.0732260777611913,0.0,-1.1011397150000537,-0.02249860779024305,0.4508055129653063,0.2098160799770629,0.029662546241391342,0.49343131511547667,-4.134170462406229,-1.8964407221538344,-1.3406033911754942,-1.2764646570745286,0.4133025032507545,0.8762492042679779,-1.1482234361146662,-0.18740417143056068,-2.048379243129179,-1.9031358678191779,0.08180379833336791,-1.3381873204640253,-1.2871083543834279,0.24017073967142064,-2.4858588161321595,-1.6265221186081293,0.8909235870238245,-1.7569152623453717,-0.2286733603062303,-0.5585249228053489,0.42993029775081815,0.12093014763925902,-0.6469988786455282,-0.6063521301241834,-0.002623582603522087,-6.328941087009638E-4,-0.2761575802141606,-0.18334634044103973,20.948714197951926
89,6216.7633060904245,0.0,0.0,0.0,0.0,0.0,0.0,0.0,0.0,-2.0734220948699944,0.0,-1.101098833325751,-0.02238070727519301,0.4509830913618013,0.20978574983494294,0.029781277069554787,0.4935483653917211,-4.134339441197884,-1.8962501384688208,-1.3406679594634234,-1.2765055078747147,0.4132672434428531,0.8761935825785729,-1.1474861403977752,-0.1876182728020015,-2.049746871014759,-1.903826313022107,0.08160950076529137,-1.3383166426509518,-1.2868067800486065,0.24049566078104787,-2.484494902273998,-1.6248378302555997,0.8909280726274752,-1.7570527601095687,-0.2287082635774453,-0.5584732267672079,0.42990329845883185,0.1209818147842107,-0.646983443729362,-0.6062524496722085,-0.002622013406691558,-6.325147054616594E-4,-0.2753099899237692,-0.18333631018120208,21.26358467360171
90,6216.763116433215,0.0,0.0,0.0,0.0,0.0,0.0,0.0,0.0,-2.073602223856912,0.0,-1.1011595502311526,-0.022278745909060406,0.45105349591177774,0.20971293744303315,0.02980134306475763,0.4936363264557389,-4.134320842793849,-1.896175770677534,-1.340691709732327,-1.2767994969694658,0.41324739822439155,0.8761120365768487,-1.1468159078298354,-0.18757777911087756,-2.0509518132125835,-1.9042098425507958,0.08161087502197767,-1.3382559870031987,-1.2863404413772066,0.24115072082676653,-2.4823218727074363,-1.6229660961157975,0.8908642221033737,-1.7571966962852466,-0.22870205542316163,-0.5584261617568399,0.4298373734553615,0.12099581820488264,-0.6469521584408379,-0.606142736767433,-0.002621014802955332,-6.322886617263271E-4,-0.2750766122914193,-0.1833267946863737,21.318075669734533
91,6216.763003215626,0.0,0.0,0.0,0.0,0.0,0.0,0.0,0.0,-2.073971481164348,0.0,-1.1013203501976223,-0.022125542519578562,0.4512479337760223,0.20958700875906192,0.029927161938906894,0.4938208355777148,-4.1343622146813805,-1.8960706164428192,-1.3405401434917885,-1.2771414890498085,0.4132485111946587,0.8760495361228021,-1.1456902137317277,-0.18747416274254158,-2.053161686630756,-1.9045041147651625,0.0819910803582086,-1.3379587568718203,-1.285431945267766,0.24240833542427193,-2.4791166609937476,-1.6200760912667322,0.8908155552720683,-1.7574343205999292,-0.228670886428264,-0.5583616321001669,0.42979953640294194,0.1210388505275644,-0.6469165903825532,-0.6059966416948694,-0.002619961753976936,-6.320727380562192E-4,-0.27477294192216767,-0.18331996244024285,21.381003983013805
92,6216.763001198093,0.0,0.0,0.0,0.0,0.0,0.0,0.0,0.0,-2.0739496068212993,0.0,-1.1013372747692458,-0.022133038061868636,0.4512144163256066,0.20958262006361755,0.029884689212555254,0.4938072824123938,-4.134328730902216,-1.8961037005875276,-1.3406117274157334,-1.2771967745429929,0.41323250667993744,0.8760393574193839,-1.1457797791591489,-0.18741686729026247,-2.0531957078216316,-1.9044640257313354,0.0820893623911161,-1.3378693682519547,-1.285519319267263,0.24249193880891956,-2.479163714661367,-1.6201953585599476,0.8907866967443885,-1.7574406016331057,-0.2286736935090923,-0.5583675092982133,0.42978429585538536,0.12101823426096305,-0.6469106692412482,-0.6059991879971596,-0.0026198110760036705,-6.320255517806825E-4,-0.27474945483828384,-0.18331693181604117,21.393991975490604
93,6216.763000897745,0.0,0.0,0.0,0.0,0.0,0.0,0.0,0.0,-2.0739631228161275,0.0,-1.1013466959869556,-0.022135412906195386,0.45122536606012975,0.20958290942897423,0.029902064429872435,0.4938132304034217,-4.134335224489994,-1.896114442549731,-1.3405840407346925,-1.2771760497456668,0.41323263263366766,0.8760482949036845,-1.145780109339096,-0.18741157425226462,-2.05322925747712,-1.9044044345802276,0.08215881505302104,-1.3378343165905988,-1.2855104910428072,0.24251438286452887,-2.4792461595016677,-1.6202483236336336,0.8907965832211139,-1.7574382566064648,-0.22867140100354766,-0.5583673415990599,0.4297971337618725,0.12102133651032419,-0.6469129567883308,-0.6060085425607449,-0.0026199133483021195,-6.320515759885946E-4,-0.2747502479576007,-0.1833184034110414,21.396373409982356
94,6216.763000817441,0.0,0.0,0.0,0.0,0.0,0.0,0.0,0.0,-2.073961569050596,0.0,-1.1013550922046635,-0.02213855759561513,0.4512219352288725,0.20958288610474546,0.029895852493559156,0.49381241822410593,-4.134330378080438,-1.8961242391844808,-1.340594685065167,-1.2771795212172659,0.4132302020003336,0.8760494596564659,-1.1458059796969928,-0.18739700807244908,-2.0532318991572693,-1.9043813674188024,0.08219748899985385,-1.3378040939306035,-1.2855305837687523,0.24253558954365584,-2.479288504990932,-1.6203007862880296,0.8907925962733325,-1.7574402897187305,-0.22867153519815397,-0.5583696918920354,0.42979729122736227,0.12101743073686119,-0.6469127736573288,-0.6060126634426481,-0.002619909693520269,-6.320487971812215E-4,-0.2747515528088743,-0.18331811295951073,21.397248789669856
95,6216.763000814554,0.0,0.0,0.0,0.0,0.0,0.0,0.0,0.0,-2.0739618359706324,0.0,-1.101355975582559,-0.022138502324340434,0.4512209219345178,0.20958274270547922,0.02989513654347279,0.4938121433354563,-4.134327453883524,-1.8961268226828552,-1.3405973360989458,-1.2771824040032915,0.41322947773577057,0.8760480953897197,-1.1458082424099958,-0.1873951972647995,-2.0532295434194596,-1.9043809885878527,0.08220217052423051,-1.337801286851469,-1.2855349901834587,0.2425394856445954,-2.479290154201317,-1.620305979737447,0.8907921342950905,-1.757440551602494,-0.22867173771477164,-0.5583694081343697,0.429797139894557,0.12101673550210343,-0.6469126270243356,-0.6060134426304876,-0.00261991069659803,-6.320490529660871E-4,-0.27475289900334515,-0.1833180685248464,21.396846914192984
96,6216.76300081444,0.0,0.0,0.0,0.0,0.0,0.0,0.0,0.0,-2.0739621000894406,0.0,-1.1013563827640518,-0.022138531528579433,0.45122137153232533,0.20958281099516415,0.029895099997804157,0.4938124800730643,-4.1343282604547715,-1.8961265844428112,-1.3405970063298733,-1.2771819626478378,0.41322969738202786,0.876048306722547,-1.145808258012872,-0.18739514821078096,-2.053229020346461,-1.9043815782314433,0.08220196287855187,-1.3378004824455818,-1.28553461503524,0.2425394467638462,-2.479290597906269,-1.6203058597495716,0.8907920991965297,-1.7574408592592872,-0.22867169594271566,-0.5583694927320821,0.4297971939468345,0.12101678695833341,-0.6469127348236885,-0.6060136480107772,-0.002619910431454152,-6.320489441298174E-4,-0.27475309594839403,-0.183318069881631,21.396737866967584
97,6216.763000814428,0.0,0.0,0.0,0.0,0.0,0.0,0.0,0.0,-2.0739621596092332,0.0,-1.1013562875577814,-0.022138447607992804,0.4512212698374588,0.20958281501116302,0.029895148937125283,0.4938124110460978,-4.134327912082163,-1.8961268210891316,-1.3405972652706086,-1.2771823251146779,0.4132297180877827,0.8760479924433591,-1.1458080741059105,-0.1873952385364786,-2.053228430525655,-1.9043820896939088,0.08220168588389122,-1.337800849890136,-1.2855349781620617,0.2425394167287747,-2.4792903261296177,-1.6203057292056886,0.8907921317510998,-1.7574408383369944,-0.2286717222350806,-0.5583693882005375,0.4297972013538172,0.1210167633096891,-0.6469127007130446,-0.6060136297189838,-0.002619910529044641,-6.320490103251929E-4,-0.274753160991517,-0.1833180696860063,21.396715684701373
98,6216.763000814425,0.0,0.0,0.0,0.0,0.0,0.0,0.0,0.0,-2.0739622025423787,0.0,-1.1013563320734563,-0.022138442327856205,0.45122132968448864,0.20958282718566543,0.02989514417066596,0.49381246562810743,-4.134328036592022,-1.8961267969397118,-1.3405972036388072,-1.277182308045008,0.4132297364119614,0.8760479925792648,-1.145808066517962,-0.18739524338369629,-2.0532282694829873,-1.9043822377060193,0.08220159810710309,-1.337800766168431,-1.2855349623729353,0.24253934893642382,-2.4792904021545037,-1.6203057497928395,0.8907921241804415,-1.7574408743077323,-0.22867172120355964,-0.5583693838858412,0.4297972027723392,0.12101677139716556,-0.6469127176771053,-0.606013671426131,-0.0026199104848117216,-6.320489874841933E-4,-0.2747531743034609,-0.18331806957682198,21.396708171881937
99,6216.763000814425,0.0,0.0,0.0,0.0,0.0,0.0,0.0,0.0,-2.073962211251381,0.0,-1.1013563375183872,-0.022138438787827813,0.4512213390471308,0.2095828317278161,0.029895144804091563,0.4938124706040288,-4.134328056007146,-1.8961268014530144,-1.3405972096651744,-1.2771823049752176,0.4132297549640297,0.8760479795891927,-1.145808065964411,-0.18739524604205177,-2.0532282137806237,-1.904382285847021,0.08220156147757998,-1.3378007758281485,-1.2855349691336917,0.24253932757904567,-2.479290427126547,-1.6203057589649683,0.8907921248696452,-1.7574408834950115,-0.22867172114955384,-0.5583693820609986,0.4297972067515289,0.12101677198734993,-0.6469127184673684,-0.6060136716427139,-0.0026199104507571864,-6.32048978501931E-4,-0.27475317315734954,-0.18331806949053978,21.396708539201335
std.err,,,,,,,,,,0.08295940430748498,,0.08178252351002369,0.08574003416087717,0.06857811435032259,0.09407040786603041,0.07580157302315611,0.10498903897161628,0.3157720137040052,0.25692129208300263,0.3105123206479564,0.44294273348986674,0.2252902150094685,0.2360609431166594,0.35314982260058947,0.4805430970137842,0.36600627262117813,0.35032080899564605,0.33914165841205557,0.766227523911525,0.27435578588741866,0.2694434230864102,0.5973855055630729,1.015440556869811,0.12580366713537885,0.11097381381040028,0.09811971963640378,0.1629216667052244,0.08497282781096724,0.10519163114268175,0.09550330970688203,0.20756964564508376,4.697506997263952E-4,1.5424557145713604E-4,0.044964140415047156,0.006176071722071446,13.001176487234202
t.test,,,,,,,,,,-24.999724004337608,,-13.466891094200577,-0.2582042216858539,6.579669670445062,2.2279358246887986,0.39438686575751003,4.7034669089363765,-13.09276274205394,-7.380185527170864,-4.317372034925073,-2.8834027706302487,1.834210841987356,3.711109377192723,-3.2445381326449474,-0.38996553525911204,-5.609817009627442,-5.4361095228878895,0.24238119805885203,-1.7459576092996394,-4.685649201731099,0.9001493701379513,-4.1502353238210254,-1.5956677601687586,7.080812071328994,-15.836536775221715,-2.3305378571904667,-3.4272260611675502,5.058054649042243,1.1504410633504007,-6.773720412966499,-2.919567886524776,-5.577235866350268,-4.097679904395659,-6.110495399694196,-29.68198520678046,1.6457517179472694
p.val,,,,,,,,,,0.0,,0.0,0.7962492999405208,4.7149395498991E-11,0.02588479480324679,0.6932954392539727,2.5578056817021633E-6,0.0,1.580957587066223E-13,1.5789789412634647E-5,0.003934040730890986,0.06662270265740422,2.0635291090975727E-4,0.0011764126492916915,0.696562032236971,2.025406642403027E-8,5.4456489317900036E-8,0.808484801863032,0.08081831814779283,2.7907390800496756E-6,0.3680407656556768,3.3213362921946654E-5,0.1105629902759786,1.433075880186152E-12,0.0,0.01977774157445311,6.09781203940063E-4,4.2355506679747634E-7,0.24996225546262707,1.255129333799232E-11,0.0035051704048598697,2.443704283372483E-8,4.173118084338512E-5,9.93223503442664E-10,0.0,0.09981488640613634
