Iteration,LL,asc_carD,b_carD_p.age_group_agg_5_24,b_carD_p.age_group_agg_40_69,b_carD_p.age_group_agg_70,b_carD_p.female,b_carD_p.occupation_worker,b_carD_hh.cars_gr_0,b_carD_hh.cars_gr_2,b_carD_hh.cars_gr_3,asc_carP,b_carP_p.age_group_agg_5_24,b_carP_p.age_group_agg_40_69,b_carP_p.age_group_agg_70,b_carP_p.female,b_carP_p.occupation_worker,b_carP_hh.cars_gr_0,b_carP_hh.cars_gr_2,b_carP_hh.cars_gr_3,asc_pt,b_pt_p.age_group_agg_5_24,b_pt_p.age_group_agg_40_69,b_pt_p.age_group_agg_70,b_pt_p.female,b_pt_p.occupation_worker,b_pt_hh.cars_gr_0,b_pt_hh.cars_gr_2,b_pt_hh.cars_gr_3,asc_bike,b_bike_p.age_group_agg_5_24,b_bike_p.age_group_agg_40_69,b_bike_p.age_group_agg_70,b_bike_p.female,b_bike_p.occupation_worker,b_bike_hh.cars_gr_0,b_bike_hh.cars_gr_2,b_bike_hh.cars_gr_3,asc_walk,b_walk_p.age_group_agg_5_24,b_walk_p.age_group_agg_40_69,b_walk_p.age_group_agg_70,b_walk_p.female,b_walk_p.occupation_worker,b_walk_hh.cars_gr_0,b_walk_hh.cars_gr_2,b_walk_hh.cars_gr_3,b_car_time,b_pt_time,b_bike_cost,b_walk_cost,g_walk_vgvi,g_walk_stressJct,g_walk_aadt
0,5099.150644208331,0.0,0.0,0.0,0.0,0.0,0.0,0.0,0.0,0.0,0.0,0.0,0.0,0.0,0.0,0.0,0.0,0.0,0.0,0.0,0.0,0.0,0.0,0.0,0.0,0.0,0.0,0.0,0.0,0.0,0.0,0.0,0.0,0.0,0.0,0.0,0.0,0.0,0.0,0.0,0.0,0.0,0.0,0.0,0.0,0.0,0.0,0.0,-0.1,-0.1,0.0,0.0,0.0
1,3938.6169677395715,0.0,0.0,0.0,0.0,0.0,0.0,0.0,0.0,0.0,-0.004462046856426456,4.6654220693935635E-4,-0.00236959994111441,-2.5780111900841987E-4,-0.0031546119571436654,-0.002906617331135724,-6.843473405844162E-4,-0.0016715135172835445,-3.0810671554570737E-4,-0.006282872676630682,0.0,0.0,0.0,-0.0038517910025689154,-0.0031748287648270123,-6.16528930658728E-4,0.0,0.0,-0.0031543999175017113,0.0,0.0,0.0,-0.0022067400565377628,0.0,0.0,0.0,0.0,0.006641246790238672,4.270336387465861E-4,0.0015448743915551205,1.3817293058575355E-5,0.00550302481313822,0.002457653059308701,0.0025283772225915273,0.0,6.829667700193307E-5,0.029683501839335387,-0.18254687025217134,-0.11546947142969737,-0.039323213219903265,-0.0032590013824594028,-1.9092048666381032E-4,-0.00196447619687517
2,3890.4516921235336,0.0,0.0,0.0,0.0,0.0,0.0,0.0,0.0,0.0,-0.0071997103701358645,5.173633000017313E-4,-0.003736931576758109,-4.16302953570953E-4,-0.004949169824384238,-0.004545194990889878,-0.0010420885025967676,-0.002694009540280706,-5.031440886202502E-4,-0.006356820351402875,0.0,0.0,0.0,-0.0039025371048038286,-0.0032180545375734984,-5.896610880295205E-4,0.0,0.0,-0.004570811985101916,0.0,0.0,0.0,-0.0031949096315613155,0.0,0.0,0.0,0.0,0.008642124475802742,5.116441064640621E-4,0.0019001923140524548,-6.462944310729618E-6,0.007292122722438594,0.003115755236672068,0.003466845689132695,0.0,6.704967976482333E-5,0.030499993911558117,-0.18046296220992034,-0.1219734754193002,-0.02881672462960619,-0.003493486268127607,-2.0609969070215889E-4,-0.0020161566224880683
3,3174.015805803673,0.0,0.0,0.0,0.0,0.0,0.0,0.0,0.0,0.0,-0.6165723786544696,0.01899186967845256,-0.3111722278931601,-0.03606214734959378,-0.40751019633889124,-0.37357812903681165,-0.08221066207723708,-0.23013825374152055,-0.044453676956523996,-0.03851394478101097,0.0,0.0,0.0,-0.024945949609149504,-0.020807222562501705,0.00409821760345432,0.0,0.0,-0.3104842601013465,0.0,0.0,0.0,-0.21902071613257598,0.0,0.0,0.0,0.0,0.40015991332597906,0.01039347030603211,0.05056277581947907,-0.008954999831402284,0.3810131451171539,0.1173965255661073,0.21771153231138,0.0,-0.004725705088419642,0.5547135098855305,-0.12835855252942296,-1.4485943607912242,-0.12795932580893665,-0.0020391631609390504,-5.355912663685707E-4,0.027583021672602022
4,2160.4883184959294,0.0,0.0,0.0,0.0,0.0,0.0,0.0,0.0,0.0,-1.246694620260239,0.03649120903691623,-0.5967028732816246,-0.08235041837407667,-0.7722962793276912,-0.7236203819574492,-0.18059385697837027,-0.434821586682701,-0.09255848099316955,-0.1250950502251232,0.0,0.0,0.0,-0.0832621620661704,-0.06552385974075445,0.007824872136651829,0.0,0.0,-0.37882010168150804,0.0,0.0,0.0,-0.28374881122922935,0.0,0.0,0.0,0.0,1.1014572073454942,0.03090802640568801,0.13508715944234828,-0.027399400592119608,1.037199355044419,0.31092490667456485,0.5996252286962928,0.0,-0.015443497451485617,0.1261622756947458,-0.20133305838617094,-1.3915415022785576,-0.23630796015761846,-0.35864321385750086,-0.021388745062755142,-0.15483050091574593
5,2105.7646898623525,0.0,0.0,0.0,0.0,0.0,0.0,0.0,0.0,0.0,-1.1951709990408454,0.0817919865927188,-0.59129924994916,-0.0906447933871204,-0.7025958394427184,-0.7241531078665064,-0.18037131488496586,-0.41387751152364277,-0.09972838494113745,-0.1542037704452407,0.0,0.0,0.0,-0.09191988873190639,-0.08356791741957668,0.02292854847249398,0.0,0.0,-0.4117907362586012,0.0,0.0,0.0,-0.31183966667480245,0.0,0.0,0.0,0.0,1.1271162868680489,0.014267958443748056,0.07787165784114652,-0.04093090583502006,1.0590363523993624,0.2504591813132009,0.7073691825212614,0.0,-0.029363865237646263,-0.003118037026695719,-0.2200993203540861,-1.4991101076044218,-0.2609648029834782,-0.49679375440774726,-0.028067722250563046,-0.21354581679836587
6,1952.8737542531735,0.0,0.0,0.0,0.0,0.0,0.0,0.0,0.0,0.0,-1.0859004812779953,0.3955751345707678,-0.6539327689276024,-0.16967947418066665,-0.3666402764059409,-0.8463825500945193,-0.2104272938353286,-0.3435971399950861,-0.16620747407652314,-0.3753633381053868,0.0,0.0,0.0,-0.16784293850608398,-0.2214012924777758,0.12797797214564416,0.0,0.0,-0.5490011940693553,0.0,0.0,0.0,-0.4481819269690917,0.0,0.0,0.0,0.0,1.2173754541125037,-0.12022679325270769,-0.3617247682902765,-0.14203710366781153,1.1621493170782609,-0.20934989180032193,1.483003799351978,0.0,-0.13092862052640009,-0.6747137507309957,-0.3266363666131089,-1.8324028603673137,-0.3382755720835331,-0.5164851284100788,-0.024687855817952506,0.27082375156570626
7,1889.4977012962484,0.0,0.0,0.0,0.0,0.0,0.0,0.0,0.0,0.0,-1.4137391669696977,0.9681860251450687,-0.9476067221236295,-0.39744221200157126,-0.03774758663733674,-1.293972433992394,-0.24488141149786075,-0.40698727222468234,-0.34131885405907125,-0.8716866673672494,0.0,0.0,0.0,-0.2982630170070105,-0.5390372601926643,0.4050922271858687,0.0,0.0,-0.6454927995137174,0.0,0.0,0.0,-0.6050779286233987,0.0,0.0,0.0,0.0,1.0154754877209005,-0.43093949922709424,-0.9407912526249238,-0.3856770849419603,0.7357890938347915,-0.7336446079510528,2.5417704998185577,0.0,-0.33175357118620385,-0.6291685723978377,-0.30129660079067044,-1.6744008741614624,-0.302969167707867,-0.3995890281710218,5.551484854667416E-4,-0.14691439008816876
8,1846.9295987848307,0.0,0.0,0.0,0.0,0.0,0.0,0.0,0.0,0.0,-1.317703958039011,1.4803677432512536,-0.985146641503499,-0.5687625049002234,0.3565258789393788,-1.439068690182092,-0.18777855027309703,-0.35164510342272975,-0.47444918204618963,-1.2786917491617233,0.0,0.0,0.0,-0.3720847421358473,-0.8127587332935677,0.6970410652258974,0.0,0.0,-0.7500518493683008,0.0,0.0,0.0,-0.7553803713087188,0.0,0.0,0.0,0.0,1.1966524543314438,-0.7456450340092007,-0.8488086348054367,-0.6336529507866571,0.5999947198161802,-0.48823415507786905,3.0622787640945477,0.0,-0.47608347365078724,-0.40197422732881943,-0.2385292655176618,-1.5569172847744617,-0.277268662944125,-0.3973132505328938,0.012761703891684135,-0.16008971189798588
9,1821.5366984731231,0.0,0.0,0.0,0.0,0.0,0.0,0.0,0.0,0.0,-1.4890397095121668,1.643635209573039,-0.9006975152717268,-0.7120171764338369,0.36833315266203104,-1.401576719384908,-0.07444721699462291,-0.41986313109722284,-0.5873232968261011,-1.543591355187523,0.0,0.0,0.0,-0.3701347126035532,-1.019263143498946,0.9933031398612879,0.0,0.0,-0.8158565794038284,0.0,0.0,0.0,-0.8720122467412598,0.0,0.0,0.0,0.0,1.1931764568734264,-0.8851049571481834,-0.7377166548472105,-0.8540517831361576,0.33314978373747567,-0.39898805737732224,3.1014852176866685,0.0,-0.5883675927258893,-0.48463949014095625,-0.24351619804841582,-1.5594663488475045,-0.2859813810353562,-0.5009162432189175,0.023050438813882135,-0.061722474125008336
10,1765.6802596724424,0.0,0.0,0.0,0.0,0.0,0.0,0.0,0.0,0.0,-1.8853049614367436,1.9115167824912673,-0.22701317050360192,-1.1142964320830462,0.47117972552212495,-0.8833271299860489,0.43389260440101424,-0.5233144291975803,-1.0401145185576415,-2.5816403233962495,0.0,0.0,0.0,-0.271805442097862,-1.8408618736893367,2.38392433236874,0.0,0.0,-1.0228281695386985,0.0,0.0,0.0,-1.3583400266989423,0.0,0.0,0.0,0.0,1.5003507738808395,-1.1443730907161727,-0.7696585529415059,-1.738255810445585,0.40369429931040657,-0.5942502357857112,2.8830351457953722,0.0,-0.9864102684923209,-0.5984826170127321,-0.22207645873186005,-1.5662814799409346,-0.30038855550242394,-0.19145891728050685,0.09995320158404324,-0.24880489606386264
11,1742.5389757287974,0.0,0.0,0.0,0.0,0.0,0.0,0.0,0.0,0.0,-2.048477941770768,1.8662582506690673,-0.08327140076567674,-1.149744299127441,0.5582664456489301,-0.7536439997779338,0.6850840073647219,-0.5044332906979676,-1.3118385018476644,-3.1807946180773987,0.0,0.0,0.0,-0.10088462706162524,-2.323369053222115,3.3926049652982226,0.0,0.0,-1.0658180089264195,0.0,0.0,0.0,-1.6394123685685638,0.0,0.0,0.0,0.0,1.5710352924489213,-1.1266366590086552,-1.0148627501082088,-2.265782726427888,0.5865020303738653,-0.7800956884227865,2.7248121178936797,0.0,-1.2058486849292245,-0.3359224083747128,-0.15399794047669907,-1.414963897234888,-0.2659008508423084,-0.5085102309231718,0.13030939587601145,-0.0333593325716689
12,1712.0645470170696,0.0,0.0,0.0,0.0,0.0,0.0,0.0,0.0,0.0,-2.0145153117153276,1.6553575197874637,-0.3463282099651855,-0.9266941737924954,0.6938197982227043,-0.9089304936530201,0.8479136254912882,-0.40728373554341546,-1.5532347931769908,-3.7398806853691995,0.0,0.0,0.0,0.18698979506493887,-2.787488886184161,4.543344526049626,0.0,0.0,-1.0484796228999695,0.0,0.0,0.0,-1.918730069118197,0.0,0.0,0.0,0.0,1.4701187707077925,-0.9509722984921567,-1.0525756114844713,-2.7453758038560534,0.6643768253076703,-0.6855012914811127,2.582896078135562,0.0,-1.364444654316144,-0.43174756273223897,-0.155520208439572,-1.4183739711213577,-0.2758232392040379,-0.47790361195398134,0.18344900176826545,-0.028234472564290094
13,1696.4701310339162,0.0,0.0,0.0,0.0,0.0,0.0,0.0,0.0,0.0,-1.7405215467438766,1.440761334376725,-0.3587453056089442,-0.5777828099089664,0.25065525734564065,-0.8048302896676249,0.8086131033566049,-0.3406020863357415,-1.6779246064774436,-4.451780244038072,0.0,0.0,0.0,0.42800142606339325,-3.0478283506127246,5.352389411105484,0.0,0.0,-0.932838633274503,0.0,0.0,0.0,-2.1527946412070262,0.0,0.0,0.0,0.0,1.3225725617773818,-0.8130359007355608,-0.7044570381410573,-3.0191179463326576,0.7078256249155099,-0.8089934575060289,2.954535784042745,0.0,-1.4294721081179014,-0.40191809910015075,-0.1288552654239324,-1.400048666441708,-0.27128949533036095,-0.4858502627809475,0.23453688211959367,-0.028204629722836858
14,1687.7322447441807,0.0,0.0,0.0,0.0,0.0,0.0,0.0,0.0,0.0,-1.5383868832512604,1.345743892984944,-0.25249137908023733,-0.3607033959711399,0.01617987547254071,-0.8224544890335694,0.9129256001471566,-0.5566645483320181,-1.7034423992532721,-5.160770918437164,0.0,0.0,0.0,0.556949910750276,-3.0197675770686048,5.608665787056454,0.0,0.0,-0.7833928803766865,0.0,0.0,0.0,-2.320731231143529,0.0,0.0,0.0,0.0,1.303582274856573,-0.7474088734916718,-0.9271889424981388,-3.0752906056531892,0.662655992718975,-0.557074915521187,3.0850214291071785,0.0,-1.3688678430254864,-0.43372359326592347,-0.1142194894703207,-1.4223043543611764,-0.2753844667095391,-0.4734559460983843,0.28579138576307916,-0.02654510093569525
15,1677.5230205905234,0.0,0.0,0.0,0.0,0.0,0.0,0.0,0.0,0.0,-1.4357077417580923,1.4326187195084599,-0.5915447637751513,-0.10406134029687447,0.11823546086644932,-0.9287015534974319,1.3788998921202438,-0.835207427060279,-1.6919142519780013,-7.2875893873414395,0.0,0.0,0.0,1.0366925171234735,-2.446604820164216,5.926096330718121,0.0,0.0,-0.28034484450592645,0.0,0.0,0.0,-2.810641872579994,0.0,0.0,0.0,0.0,1.431692886332382,-0.8269343629562691,-0.709996149827306,-3.006332925014085,0.650097835967588,-0.7680264396328506,2.8938952725083995,0.0,-1.0698329086954836,-0.5328985670667858,-0.08084227442070294,-1.4817542798141592,-0.291927872330272,-0.4993620739069939,0.437151456429117,0.021788159765375823
16,1656.6769455943256,0.0,0.0,0.0,0.0,0.0,0.0,0.0,0.0,0.0,-1.883927036527856,1.2715407841463129,-0.4621929539238213,-0.3512818267448583,0.49651504771120564,-0.8463403721238376,1.4767967772420492,-0.37294902984464734,-1.6720986520285848,-8.995465699042889,0.0,0.0,0.0,2.4513056623135023,-0.9898229019642109,6.670859382155467,0.0,0.0,0.1666232730374197,0.0,0.0,0.0,-3.489162138935543,0.0,0.0,0.0,0.0,1.8709663875126428,-0.7202820274648631,-0.6744227645700429,-2.918668557474909,0.28496384245828005,-0.608504252497096,3.261935899905897,0.0,-0.7683436013819642,-0.5737779710910719,-0.08391761891643228,-1.507232100323026,-0.3093245692325007,-0.4512206512785132,0.6134423727059708,0.03719369258930201
17,1644.784008537116,0.0,0.0,0.0,0.0,0.0,0.0,0.0,0.0,0.0,-1.9313106387404178,1.5137946608788622,-0.45874663749993744,-0.4583545362426243,0.4495895932582832,-0.877841605730829,1.6327460362278814,-0.40253535641267524,-1.6711663357559101,-9.302061246520315,0.0,0.0,0.0,3.2007408347293067,-0.2623285040430605,7.0302746006499195,0.0,0.0,0.2097093285575448,0.0,0.0,0.0,-3.786203111946721,0.0,0.0,0.0,0.0,1.763338677717686,-1.0174773734676572,-0.6794975916957567,-2.9612218706733526,0.3990763052393569,-0.5248370160415468,3.3657336678077416,0.0,-0.7671872406006404,-0.6195271802778498,-0.10923014038565415,-1.464917896873421,-0.31224171824591146,-0.4444406072682356,0.6818529663876841,0.025763783496272473
18,1634.0324757691028,0.0,0.0,0.0,0.0,0.0,0.0,0.0,0.0,0.0,-1.9859580273886634,1.3385252540365298,-0.46751286462791525,-0.5244192257899771,0.693023424945321,-0.8226341695531033,1.8354355294370788,-0.7206943382148124,-1.7409978324436723,-9.244692543496157,0.0,0.0,0.0,3.436720655464237,0.07348852291488156,6.822093744836988,0.0,0.0,-0.4622670522854171,0.0,0.0,0.0,-4.02507292222003,0.0,0.0,0.0,0.0,1.534259407933708,-0.8735474515509511,-0.5095280971727935,-3.198724755188444,0.54895580334249,-0.4316400943986534,3.6498275948649352,0.0,-1.1372287012076119,-0.5916846562894673,-0.1153456713899534,-1.2799406326800655,-0.30400747481575396,-0.4279037895246984,0.7021295257749633,0.016850734799531066
19,1627.4214611292587,0.0,0.0,0.0,0.0,0.0,0.0,0.0,0.0,0.0,-2.129637060065832,1.4616895780964216,-0.5817515030679873,-0.6539490750923147,0.5059175301502312,-0.8154584122523211,1.862044952683391,-0.01677760512272486,-1.8877265842754758,-9.14460732251361,0.0,0.0,0.0,3.342757324961353,0.07795030192929299,6.091917675987784,0.0,0.0,-2.0013353880015368,0.0,0.0,0.0,-4.424981792119453,0.0,0.0,0.0,0.0,0.9962000744818916,-0.8026913755398043,-0.586738179658331,-3.6143405690181347,0.8781171024585581,-0.08516252791058199,3.7520913548641284,0.0,-1.7807760362818321,-0.6405454421920435,-0.1219369994581175,-0.923446686085547,-0.29320361451829663,-0.4002969233064878,0.6488375465043266,-0.01251812390982971
20,1613.385909924404,0.0,0.0,0.0,0.0,0.0,0.0,0.0,0.0,0.0,-1.9253346191518292,1.7004239869692366,-0.5397525469057108,-0.5250752118721027,0.34690658198251134,-1.0529750582224395,1.6156206665698272,-0.025402224545177716,-1.9345568829729411,-8.61075359002813,0.0,0.0,0.0,3.2145879160185937,-0.2623672217018707,5.93837826197022,0.0,0.0,-2.803451469886091,0.0,0.0,0.0,-4.679824214402527,0.0,0.0,0.0,0.0,1.454815484408937,-0.7928880501859524,-0.6699119474377866,-3.7292584492153176,0.5875046148691582,-0.27340569675505166,3.632944064153956,0.0,-1.798536291930116,-0.6060100384573852,-0.12260276281898667,-0.6805309916080231,-0.2845975590240224,-0.35478915359217933,0.5344588036414084,-0.029555002081345125
21,1603.114364698887,0.0,0.0,0.0,0.0,0.0,0.0,0.0,0.0,0.0,-1.9482094982917477,1.7016411139065653,-0.6079625907513162,-0.7329056587064748,0.45907940908614187,-0.8596960445244676,1.2059645174577711,-0.2727084330853737,-1.9112802662124841,-8.18646593901869,0.0,0.0,0.0,2.908409508433547,-0.7963171371015867,6.0252407607144125,0.0,0.0,-3.056307122560445,0.0,0.0,0.0,-4.939193506383509,0.0,0.0,0.0,0.0,1.4467010693912867,-1.0017957521492926,-0.7202040404053154,-3.590458590037872,0.6368252369172565,-0.24787642727475212,3.7011226166774946,0.0,-1.4018721602709383,-0.5725570886285017,-0.11522529182858285,-0.5650915166729723,-0.2780427786074813,-0.3403948475595397,0.3838268051542424,-0.035863005308426524
22,1598.7453936392783,0.0,0.0,0.0,0.0,0.0,0.0,0.0,0.0,0.0,-1.9897132770873587,1.5742583785926378,-0.20766052828221143,-0.9127936834254716,0.5617234178366319,-1.2779071541688367,1.3217626716631536,-0.31385493395722003,-1.9138915068704194,-7.8317709229744406,0.0,0.0,0.0,2.4838973134322933,-1.1479560746108342,6.167277238001887,0.0,0.0,-3.0054297153824634,0.0,0.0,0.0,-5.149480869970664,0.0,0.0,0.0,0.0,1.360781296992152,-1.13122127131423,-0.5984966613791503,-3.3831592914734987,0.7568121189734435,-0.30340377852093225,3.846986559149594,0.0,-1.1869441241805208,-0.5345749087213385,-0.10562052029876723,-0.5096935225067063,-0.2727512100233026,-0.33269448065157475,0.24124912111345256,-0.034441879906680926
23,1589.9985613784854,0.0,0.0,0.0,0.0,0.0,0.0,0.0,0.0,0.0,-2.0416940799905037,1.6515020262992899,-0.3323103176889576,-1.0113736061885403,0.4823217266012775,-1.0922322054273261,2.271495896082711,-0.2805527492499733,-1.9234176787967319,-7.136710468632115,0.0,0.0,0.0,1.6549108538832398,-1.439804650233246,6.545878416864404,0.0,0.0,-2.6036465862714087,0.0,0.0,0.0,-5.334649768700129,0.0,0.0,0.0,0.0,1.6571014065223888,-1.0056653812948162,-0.6400785264132092,-2.999928653758942,0.6990761965056672,-0.32981013623765304,4.303358784163227,0.0,-1.2739776538479721,-0.400740432177214,-0.0807413670485084,-0.4673899124677291,-0.2617651845095971,-0.25614468892568126,0.02969779195149569,-0.05944317597082275
24,1584.431838736636,0.0,0.0,0.0,0.0,0.0,0.0,0.0,0.0,0.0,-2.203129158891302,2.08854889536019,-0.19899881460877525,-0.7057537103135721,0.6492930922762535,-1.0037009116621964,1.845057154035336,-0.5329381222686836,-1.9283215462691308,-7.075078589822442,0.0,0.0,0.0,1.25677917321671,-1.267846006391992,6.8882714665856195,0.0,0.0,-2.4638855889325963,0.0,0.0,0.0,-5.129686314082572,0.0,0.0,0.0,0.0,1.7247860630385305,-0.738767781566604,-0.6457561621248159,-3.0582925159219734,0.7642672252150703,-0.37628174629151884,4.34888005646622,0.0,-1.7854589718803,-0.38748719640836093,-0.0737246785928127,-0.4833156243093431,-0.26128750382193694,-0.2314584557651802,0.18047600763548652,-0.06115879885073492
25,1579.7760208674667,0.0,0.0,0.0,0.0,0.0,0.0,0.0,0.0,0.0,-2.2149320234787955,1.82603417374615,-0.2817369244332001,-0.34421010964194776,0.7144002371791636,-0.9331951501404042,1.7091982408750657,-0.5937762421931957,-2.240034912506141,-7.206803975411194,0.0,0.0,0.0,1.3852566014106595,-0.9827623059190984,6.843680832512222,0.0,0.0,-2.8030626680554014,0.0,0.0,0.0,-4.931536004568798,0.0,0.0,0.0,0.0,1.942007820865501,-1.1833429911331632,-0.7311367828755394,-3.5938100268117505,0.6982540151307648,-0.48527388940628374,4.492437187192819,0.0,-1.5325646406773645,-0.39209703768932397,-0.0754253316151372,-0.41704668228950337,-0.25909116816821,-0.1835408245305553,0.46632382083354984,-0.07445097278440711
26,1577.339217054941,0.0,0.0,0.0,0.0,0.0,0.0,0.0,0.0,0.0,-2.0237165433196203,1.895833252774513,-0.37937895181241416,-0.7107760684765868,0.6095653091312583,-1.0113621059072027,1.7385372657273221,-0.6862553113123006,-2.4020887424203377,-7.28974612277137,0.0,0.0,0.0,1.765988986449255,-1.040256897261072,6.729079209284618,0.0,0.0,-2.983103719490316,0.0,0.0,0.0,-4.468472769584345,0.0,0.0,0.0,0.0,2.000318612231141,-0.9514003096933179,-0.7547538543955603,-3.9048831598266687,0.7220256413590047,-0.5675884878753182,4.6032483064593706,0.0,-1.2010213196696713,-0.40118325163371904,-0.07804147774586401,-0.41659248264794757,-0.2597037865569947,-0.16326497681554242,0.6156578030982292,-0.07158652804749291
27,1576.6164140242065,0.0,0.0,0.0,0.0,0.0,0.0,0.0,0.0,0.0,-1.9492517679154264,1.58218709046925,-0.4679340894590899,-0.9313590020191959,0.6109546514951782,-1.0722022085026233,1.8851350464255834,-0.7000152350252639,-2.3070143915697585,-7.091108615866888,0.0,0.0,0.0,2.5240310873463514,-1.7146102643156054,6.376453217154226,0.0,0.0,-2.852441019911571,0.0,0.0,0.0,-3.8811386417110287,0.0,0.0,0.0,0.0,2.1882355444989017,-1.3407769275820767,-0.844125254501547,-3.624148776982552,0.6989167800770936,-0.6116851389772977,4.897712019517391,0.0,-1.9157669529848687,-0.43497672375400115,-0.08738403017568998,-0.48059387323622926,-0.2622757852279213,-0.09177458375821503,0.7433334371159609,-0.08354006789570707
28,1571.8142237805243,0.0,0.0,0.0,0.0,0.0,0.0,0.0,0.0,0.0,-2.385308499974524,2.1070437979371306,-0.27990061023669455,-0.30619473048223755,0.7701966415785263,-0.971280240870041,2.3686937948637388,-0.5248165433356551,-2.426041805162804,-6.461665753829866,0.0,0.0,0.0,2.0635213292324854,-1.4526331565881792,6.421804946390806,0.0,0.0,-2.958771944666983,0.0,0.0,0.0,-3.9458616885012865,0.0,0.0,0.0,0.0,1.9217978529822333,-0.950143712830825,-0.7960331702772043,-3.528440416218903,0.7881534832950854,-0.5238508827600243,5.37617143973485,0.0,-1.3671405193155701,-0.4815100847572515,-0.10302383681162229,-0.3920574320377669,-0.2565181118929316,-0.032154930106248585,0.8411991817575497,-0.08762074116177096
29,1569.289343853121,0.0,0.0,0.0,0.0,0.0,0.0,0.0,0.0,0.0,-2.446181009688459,2.090818828973242,-0.26565775559917404,-0.23762711135016895,0.792947971588889,-0.9710902102865895,2.4515484211999827,-0.45402305209107097,-2.5124962345295896,-6.159577894628138,0.0,0.0,0.0,1.369170244295876,-1.094524218521066,6.6204525729414945,0.0,0.0,-2.7042595953870814,0.0,0.0,0.0,-3.237432419775763,0.0,0.0,0.0,0.0,1.8940654604150644,-1.0201771187602635,-0.7880725797436507,-3.6834467169102965,0.8051631957601135,-0.49858297684096503,5.526756552538026,0.0,-1.183283949246834,-0.4810497921307191,-0.10224757342155785,-0.5122403144909355,-0.257384629484683,-0.03107472831432871,0.8556926252668734,-0.09020639565695306
30,1567.5754179927894,0.0,0.0,0.0,0.0,0.0,0.0,0.0,0.0,0.0,-2.210718669925694,1.9265908206988485,-0.3982282633180905,-0.6055756491814674,0.6653065999454053,-1.0573766891908203,2.363705495505242,-0.4706718686569933,-2.4824180019676976,-6.169545154471943,0.0,0.0,0.0,1.0393974562649662,-0.748100849094225,6.746061683324872,0.0,0.0,-2.7486501569699935,0.0,0.0,0.0,-3.276703178802697,0.0,0.0,0.0,0.0,1.945913612841221,-1.0373943369833676,-0.8030364197217555,-3.7137820783555804,0.7739504127019347,-0.5263242858870938,5.491088871288975,0.0,-1.3203119320565209,-0.4711550265370019,-0.09732659964556287,-0.46858164753119985,-0.2521976128493405,-0.019079852870257596,0.8286403235321559,-0.09008709630018202
31,1563.4719480388378,0.0,0.0,0.0,0.0,0.0,0.0,0.0,0.0,0.0,-2.02869562266753,1.8023805379179902,-0.46101189999371284,-0.7657168597057848,0.5880039033988473,-1.1130869994905706,2.3222154967685484,-0.5270744138074511,-2.390450949207596,-6.158423800480137,0.0,0.0,0.0,1.5286113528117562,-0.8325954672589738,6.2618864423815275,0.0,0.0,-2.4756493510887565,0.0,0.0,0.0,-2.7656931434125385,0.0,0.0,0.0,0.0,2.0275311786315444,-0.9986139143175876,-0.7653193964628195,-3.8150986541595695,0.768056353242091,-0.5557174866304774,5.482513786917181,0.0,-1.5683738250315786,-0.398080070267386,-0.08313541955298902,-0.48649316626067135,-0.23727854895542289,-0.0046360096434811,0.6941341812899849,-0.07867642785457545
32,1561.641175391086,0.0,0.0,0.0,0.0,0.0,0.0,0.0,0.0,0.0,-2.0231384190268233,1.7337205239405757,-0.4050784033615069,-0.7244855858178081,0.569336859611813,-1.0850438452046414,2.5602430107430547,-0.5709227720527972,-2.035570543521078,-5.952287309822834,0.0,0.0,0.0,1.6358604643145482,-0.9317268816799924,6.39490031108304,0.0,0.0,-3.133305134980315,0.0,0.0,0.0,-1.5001703756359737,0.0,0.0,0.0,0.0,2.0247076571157354,-1.0849890944380993,-0.7515404522409079,-2.8529661982823433,0.7193801076761289,-0.567557818266119,5.521699359377978,0.0,-1.5068206636067063,-0.35653393599786454,-0.0711839192901443,-0.4054714868196728,-0.21680801918498419,0.041176813279170416,0.6139110511583152,-0.04644528814461417
33,1558.153088901,0.0,0.0,0.0,0.0,0.0,0.0,0.0,0.0,0.0,-2.035398862638255,1.7725239156077717,-0.4009402723966289,-0.6860226804784254,0.5940998711432075,-1.055592244691969,2.44011543367154,-0.543342682085757,-2.093889162918409,-5.409588925027833,0.0,0.0,0.0,1.2774225505804198,-0.8753224100540713,6.01709346723983,0.0,0.0,-2.5239599045304364,0.0,0.0,0.0,-1.628106397065623,0.0,0.0,0.0,0.0,1.9200320324327234,-0.9671480558592811,-0.7565381145791709,-3.3015286129466266,0.7208636593332735,-0.5470255001708735,5.448982030924209,0.0,-1.4239744047059655,-0.355885987107937,-0.07683610798824947,-0.47008681523940665,-0.20845484370987594,0.06933743154379397,0.3829758725543344,-0.03117721421359468
34,1556.7075243980673,0.0,0.0,0.0,0.0,0.0,0.0,0.0,0.0,0.0,-2.0732281264921344,1.8221393114290059,-0.37661476534946514,-0.6164284002877443,0.6122568172940059,-1.0133086522733523,2.249308047268529,-0.5243314587617074,-2.0701507597723134,-5.540533998643482,0.0,0.0,0.0,1.190679009630828,-0.8219093197723801,5.964735639202393,0.0,0.0,-2.440068389518171,0.0,0.0,0.0,-2.0498273207555355,0.0,0.0,0.0,0.0,1.8528271027953434,-0.9411278623475776,-0.7486870381782569,-3.3635943354220785,0.714433517010594,-0.5342709002920732,5.116024595361179,0.0,-1.3300281321060772,-0.34150081982625635,-0.07235572003476834,-0.4535732985866234,-0.20438438032519232,0.05494190147317771,0.35668395399455755,-0.005266365107847934
35,1555.4734924236627,0.0,0.0,0.0,0.0,0.0,0.0,0.0,0.0,0.0,-2.0840764456098464,1.8421255131372383,-0.37673873997719737,-0.6027399269115309,0.6165632336205782,-1.0054916638559623,2.1189219048299064,-0.5174972314303624,-2.065628889401398,-5.505008309803487,0.0,0.0,0.0,1.1783948173056913,-0.7663080032842421,5.762345765682956,0.0,0.0,-2.510432916516231,0.0,0.0,0.0,-1.7585688909021497,0.0,0.0,0.0,0.0,1.8595975761310537,-0.9705549587862801,-0.755863077551902,-3.4885219935852696,0.7118672777460898,-0.5428601970077931,4.9021965565193515,0.0,-1.3150214197136088,-0.31115279704333054,-0.06418706523839482,-0.4203939527016326,-0.19165335475221532,0.10643068333238201,0.38616037203916637,0.014351834512215472
36,1554.5374413110394,0.0,0.0,0.0,0.0,0.0,0.0,0.0,0.0,0.0,-2.091511372769307,1.8413127708898187,-0.38264360753190846,-0.6483163822579532,0.6243288675691482,-1.0127842364328832,1.9935389833515975,-0.5236709102035366,-2.198923741614475,-5.532916933493666,0.0,0.0,0.0,1.2631661758441772,-0.7959076976033662,5.577125079325186,0.0,0.0,-2.5946800204989224,0.0,0.0,0.0,-1.5377631427082163,0.0,0.0,0.0,0.0,1.909800522820492,-1.0163116609195544,-0.7633436717537612,-3.518053424381857,0.7107010561375294,-0.5553633045319685,4.747111629723205,0.0,-1.3877021780086478,-0.29926001078037295,-0.05997343349378748,-0.40283420792600555,-0.1851384506260344,0.19151604308652365,0.5783198732063624,-0.002358336148986742
37,1553.6840240588153,0.0,0.0,0.0,0.0,0.0,0.0,0.0,0.0,0.0,-2.1275820736612903,1.8350583960576403,-0.38022538894234476,-0.6606409657269933,0.6307747636058798,-1.0217090916841836,1.94681588947275,-0.5171176498092972,-1.9580314153412348,-5.533952317172365,0.0,0.0,0.0,1.260412466272834,-0.7596881274127938,5.461591038157893,0.0,0.0,-2.6924554384023436,0.0,0.0,0.0,-1.3993352287300918,0.0,0.0,0.0,0.0,1.9643947338693335,-1.0357471764993917,-0.7631360568050845,-3.600619472223716,0.7103023086304951,-0.5656359866724384,4.673068536578942,0.0,-1.4264857296974727,-0.28462935631942776,-0.0553124897700589,-0.3761073945907352,-0.17734943018767313,0.31753856997299496,0.777875462845875,-0.040205500490213694
38,1553.556848779473,0.0,0.0,0.0,0.0,0.0,0.0,0.0,0.0,0.0,-2.1291513410024008,1.8421017832494055,-0.3776919113086802,-0.7051146338978733,0.634472802013138,-1.0166481279138817,1.879016805139928,-0.5204225012780339,-2.260159974594663,-5.4349271303096005,0.0,0.0,0.0,1.2153197200491677,-0.7270980311869935,5.2970809932881675,0.0,0.0,-2.7371140061898567,0.0,0.0,0.0,-1.3440788768746974,0.0,0.0,0.0,0.0,2.049013718863855,-1.031560143837702,-0.7484705233366977,-3.474679056626291,0.7185983916146956,-0.5715573846828992,4.634809515424819,0.0,-1.522326912582899,-0.27377368603777047,-0.052695096166321585,-0.35628191504357654,-0.16705898660028312,0.5582732916847682,1.4779540455272433,-0.1432466826024767
39,1552.7273213431893,0.0,0.0,0.0,0.0,0.0,0.0,0.0,0.0,0.0,-2.1231988099143826,1.832801399506133,-0.37450147794314864,-0.6715504218821583,0.624240810827038,-1.0159905121337576,1.9674094192098788,-0.518168525818282,-2.061020261538088,-5.486287083323341,0.0,0.0,0.0,1.2461825125024,-0.7711895441568155,5.434914772124345,0.0,0.0,-2.654291389597944,0.0,0.0,0.0,-1.5366183406928502,0.0,0.0,0.0,0.0,1.9873981176025008,-1.020176346574767,-0.7503497150929661,-3.4750633386893766,0.7172002348581737,-0.5654595099874337,4.72299415316463,0.0,-1.448574069325794,-0.2785332204180215,-0.05451876513980808,-0.3803521859068301,-0.17098372347223922,0.47759945050562014,1.3527999740255061,-0.11633386174649984
40,1552.2712481323474,0.0,0.0,0.0,0.0,0.0,0.0,0.0,0.0,0.0,-2.0886157842531308,1.8265908191978162,-0.3769361529994633,-0.634039446694243,0.6071245143557995,-1.0094711584846379,2.053473698345104,-0.517799162925244,-2.0417762541194278,-5.4462837125951875,0.0,0.0,0.0,1.1885543116882316,-0.7669156485204086,5.537360618766936,0.0,0.0,-2.5915740124154434,0.0,0.0,0.0,-1.6217844764124412,0.0,0.0,0.0,0.0,1.923430701590717,-0.9944140841717604,-0.7497800996916942,-3.461930807105673,0.7204212424339449,-0.5600477776547348,4.825070185827983,0.0,-1.3841606735184828,-0.25471501540850106,-0.049541098856077756,-0.3745124271024875,-0.1648049799244847,0.436410200561084,1.2173006639940187,-0.08628229518357353
41,1551.9975947820697,0.0,0.0,0.0,0.0,0.0,0.0,0.0,0.0,0.0,-2.0855914113125094,1.8332627527943646,-0.3809699234171061,-0.6252202375898345,0.6092532503959148,-1.0158123211845722,2.0668358280467194,-0.5233095000550748,-2.0792999880907175,-5.464859154344159,0.0,0.0,0.0,1.2119723368696242,-0.7361727642879471,5.570492128153463,0.0,0.0,-2.5997451918422128,0.0,0.0,0.0,-1.7005567525142933,0.0,0.0,0.0,0.0,1.9308700064726845,-1.0054422298389383,-0.7522533065305026,-3.4785390131401717,0.7170097489053187,-0.5607444133961301,4.873931936136264,0.0,-1.3874057126715795,-0.26319054879798787,-0.051938511585663816,-0.38232955513087385,-0.16395787702832534,0.4831326273725359,1.2563320001258613,-0.09628986377506976
42,1551.3345559087322,0.0,0.0,0.0,0.0,0.0,0.0,0.0,0.0,0.0,-2.083150748938996,1.837957462316966,-0.3885882074680979,-0.6372049613633258,0.6158168574833087,-1.0308587112359515,2.094498583978675,-0.5262712941782656,-2.1415855807404847,-5.415731922952932,0.0,0.0,0.0,1.2056191519412218,-0.7933289924591879,5.619140971227353,0.0,0.0,-2.5496338181850797,0.0,0.0,0.0,-1.930738357883982,0.0,0.0,0.0,0.0,1.9440537293467777,-1.0282210182903402,-0.7556276567989216,-3.4684718103659176,0.7107174175069242,-0.5634867425867307,4.95281451971747,0.0,-1.3928373775870417,-0.2699275661215571,-0.054470238692207504,-0.4027674470310475,-0.15833090926194218,0.5799341422498154,1.3268221962076918,-0.08984937949461955
43,1551.086061787002,0.0,0.0,0.0,0.0,0.0,0.0,0.0,0.0,0.0,-2.0909654789866816,1.8466271917325014,-0.39113372399447416,-0.6426777908063123,0.6181586334656671,-1.042179503643108,2.0963056913347122,-0.5300907588097193,-2.141559942427099,-5.497881753824238,0.0,0.0,0.0,1.2516433103361218,-0.7545059842441925,5.647885319361963,0.0,0.0,-2.5209300898777984,0.0,0.0,0.0,-2.1055501473366887,0.0,0.0,0.0,0.0,1.9518340042256237,-1.0179243250242775,-0.753807889796155,-3.4705137842021037,0.7088886448741278,-0.572408171376701,4.944187800048322,0.0,-1.4076488694820086,-0.26986378288405427,-0.0539350143425071,-0.4166589097580906,-0.15067138244247633,0.6771703321398785,1.3564917710883928,-0.07546940857072319
44,1550.9640276147643,0.0,0.0,0.0,0.0,0.0,0.0,0.0,0.0,0.0,-2.1034588549631996,1.8511285903773098,-0.3890355443066773,-0.6487740587113952,0.6242319878019728,-1.0430698966374479,2.0860530488587137,-0.5308012572873296,-2.210895384412825,-5.520879044972869,0.0,0.0,0.0,1.2403009534263107,-0.7799523553422467,5.6709180435175615,0.0,0.0,-2.4889714857943375,0.0,0.0,0.0,-2.188499722641432,0.0,0.0,0.0,0.0,1.9544250971748678,-1.0165759464441855,-0.7526125038490661,-3.4153059739919196,0.7051750838523276,-0.5724702709693846,4.918953306861452,0.0,-1.4130321787908209,-0.27950885198765235,-0.05575272518439497,-0.4320998758202935,-0.15196756751423227,0.6724885520225327,1.2345598246252787,-0.04859666404254313
45,1550.920784806835,0.0,0.0,0.0,0.0,0.0,0.0,0.0,0.0,0.0,-2.109368772880967,1.8465993236756812,-0.3871380559647049,-0.6527396303457543,0.6237303367176779,-1.0403877128473924,2.0868620547574026,-0.5251441324748625,-2.139067097841387,-5.508964381274243,0.0,0.0,0.0,1.23998520673733,-0.8127132263994409,5.648830323489974,0.0,0.0,-2.481012597915027,0.0,0.0,0.0,-2.1736248965444043,0.0,0.0,0.0,0.0,1.956000781747248,-1.0186054676583978,-0.7541516309167426,-3.441209892648601,0.7051549740189947,-0.5729069119838627,4.9046196185064534,0.0,-1.4063980209614377,-0.2755059309027487,-0.054688590459075585,-0.4309327947395476,-0.15128291085537288,0.6674503526669698,1.2619561113136242,-0.045492634593116976
46,1550.8847235214375,0.0,0.0,0.0,0.0,0.0,0.0,0.0,0.0,0.0,-2.1068985609098876,1.846375502692519,-0.3868290151487635,-0.64974163523617,0.6218077722929124,-1.0385926159521228,2.083718621803474,-0.5256513820964758,-2.1356338381426636,-5.524042620209245,0.0,0.0,0.0,1.2469008435421995,-0.7932870437441993,5.642672558760765,0.0,0.0,-2.487874998807208,0.0,0.0,0.0,-2.1382204980602895,0.0,0.0,0.0,0.0,1.9527814056344242,-1.0144977814702292,-0.7535866447997102,-3.442284970951771,0.7057607397509862,-0.5725418198468212,4.898713414792658,0.0,-1.40685252849017,-0.27448941818509787,-0.05432543220551257,-0.4285005930594139,-0.15159215155054123,0.6552999830131508,1.255348427264207,-0.043475601044853866
47,1550.884211146123,0.0,0.0,0.0,0.0,0.0,0.0,0.0,0.0,0.0,-2.1065348531171475,1.8462544340646874,-0.3866232276065164,-0.6499267738219779,0.6215702060477158,-1.0383196901483698,2.084143105090884,-0.525623144261966,-2.134476490840117,-5.524208207599159,0.0,0.0,0.0,1.2455817157222768,-0.7927906750698195,5.642990956943274,0.0,0.0,-2.4910220177824005,0.0,0.0,0.0,-2.1268711620470713,0.0,0.0,0.0,0.0,1.9526039016716108,-1.0139611659455523,-0.7534230822150846,-3.443243574386562,0.706166960323436,-0.5722936167053013,4.898658295729403,0.0,-1.4070805414065173,-0.2743300850471001,-0.054257336702739196,-0.42757279456627023,-0.15182292296440697,0.6513191645750692,1.2633013402367048,-0.044095150531535315
48,1550.8836049455333,0.0,0.0,0.0,0.0,0.0,0.0,0.0,0.0,0.0,-2.1064660352313562,1.8462180334388103,-0.3865938325736556,-0.650161276944272,0.6215973547628705,-1.0383381295359173,2.0843971967582826,-0.5256464199407423,-2.1352509934811135,-5.523955621668936,0.0,0.0,0.0,1.2449025113128562,-0.7934132921039856,5.6437695779169275,0.0,0.0,-2.49191545455784,0.0,0.0,0.0,-2.1237680552906424,0.0,0.0,0.0,0.0,1.9526586794320266,-1.0139287423396737,-0.753378020561335,-3.4428680422032603,0.7062711740432737,-0.5722173711566588,4.898984703278781,0.0,-1.4072746758576662,-0.2744503288281636,-0.054279930491622594,-0.4274062447876107,-0.1519100519508872,0.6501080167599959,1.268433852688372,-0.0442715414267465
49,1550.8825903463744,0.0,0.0,0.0,0.0,0.0,0.0,0.0,0.0,0.0,-2.1064214756791637,1.846182238091994,-0.386577960246506,-0.6503144598537896,0.6216411549133314,-1.0383692518530634,2.0846630254093013,-0.5256684773281713,-2.1357871397504606,-5.524352886182013,0.0,0.0,0.0,1.2447384835161586,-0.7939701128247787,5.644822504477668,0.0,0.0,-2.4926150925451522,0.0,0.0,0.0,-2.1209684957316295,0.0,0.0,0.0,0.0,1.9527020097581422,-1.0139005330548954,-0.7533371417002589,-3.442649651936219,0.7063545175607179,-0.5721441009783816,4.899387113277528,0.0,-1.4074358147827093,-0.274650039877726,-0.05432171560137346,-0.4273226745874824,-0.15200644297148866,0.6488043396376538,1.275685203746217,-0.044502868654978385
50,1550.8824418354493,0.0,0.0,0.0,0.0,0.0,0.0,0.0,0.0,0.0,-2.1064159990438096,1.8461773192315978,-0.3865742288091204,-0.6503421494455223,0.6216471228004044,-1.0383726004183806,2.0847100221132004,-0.5256669274176176,-2.1358813177238822,-5.52446807738011,0.0,0.0,0.0,1.2447280771066498,-0.7940712258100147,5.645027049121857,0.0,0.0,-2.49269544065065,0.0,0.0,0.0,-2.1205175606053834,0.0,0.0,0.0,0.0,1.952716431244022,-1.0138956746925447,-0.7533287847344868,-3.4425889477325824,0.7063671388484316,-0.5721328291439424,4.89945749047264,0.0,-1.407457869568602,-0.2746895331628983,-0.054330071630090765,-0.42731865468793495,-0.15202287544625379,0.64857181766951,1.277546484054013,-0.04455758436770463
51,1550.8823369217828,0.0,0.0,0.0,0.0,0.0,0.0,0.0,0.0,0.0,-2.10641737875858,1.8461757297010277,-0.3865697768994345,-0.6503480891307493,0.6216550760079792,-1.0383729314945307,2.0847389174733295,-0.5256692185638571,-2.135950991410603,-5.52457570944525,0.0,0.0,0.0,1.2447385259181145,-0.7941492905504131,5.645192580815688,0.0,0.0,-2.4927374793607946,0.0,0.0,0.0,-2.1202620961382492,0.0,0.0,0.0,0.0,1.9527242593132292,-1.013899085778807,-0.7533254113544207,-3.442550127977897,0.7063726027084801,-0.572125103753389,4.899505525942849,0.0,-1.4074697754993055,-0.27472119480006896,-0.054336808353345416,-0.42732391097527966,-0.1520338455248822,0.6484222845757884,1.2788244846825243,-0.04459436448819993
52,1550.8822250029395,0.0,0.0,0.0,0.0,0.0,0.0,0.0,0.0,0.0,-2.1064201096175132,1.8461742348627868,-0.38656531585711035,-0.6503509134279125,0.6216636129836127,-1.0383724782628694,2.0847642710491825,-0.5256711669774026,-2.1360237565724125,-5.524706287845029,0.0,0.0,0.0,1.2447623840440432,-0.7942305319081809,5.645369400480659,0.0,0.0,-2.492761683468526,0.0,0.0,0.0,-2.120028196148769,0.0,0.0,0.0,0.0,1.9527321026810582,-1.013904298365291,-0.7533221733620212,-3.4425024797458503,0.706376378198004,-0.572117689885977,4.899552137186257,0.0,-1.4074797566158062,-0.2747565232840449,-0.05434441877391247,-0.42733529576988566,-0.15204497923100246,0.6482732794603693,1.2801714173415994,-0.044633787865045405
53,1550.8821105335082,0.0,0.0,0.0,0.0,0.0,0.0,0.0,0.0,0.0,-2.106424618340933,1.846173637474284,-0.386560280311407,-0.6503507256603182,0.6216726315308957,-1.038371300260361,2.0847882987507,-0.5256729590599694,-2.1360937855962505,-5.5248535312247045,0.0,0.0,0.0,1.2447955496367127,-0.7943125726949815,5.645554451606611,0.0,0.0,-2.4927743967116873,0.0,0.0,0.0,-2.1198149756176057,0.0,0.0,0.0,0.0,1.9527400077811525,-1.0139106294664257,-0.7533193391207044,-3.442453237365487,0.7063789279290694,-0.572110520364922,4.899597064458511,0.0,-1.407486931069187,-0.2747939664864148,-0.05435249591024416,-0.42735094710820515,-0.152056056084137,0.6481282208326172,1.2815322170862662,-0.04467490021513298
54,1550.8819958653642,0.0,0.0,0.0,0.0,0.0,0.0,0.0,0.0,0.0,-2.1064301122272227,1.8461734337448823,-0.38655499025929985,-0.6503486939169058,0.6216817703902408,-1.038369564198964,2.084810757851223,-0.5256745360405112,-2.1361621379353504,-5.525010113784756,0.0,0.0,0.0,1.244834966237627,-0.7943942867369244,5.645742055732632,0.0,0.0,-2.492777647564271,0.0,0.0,0.0,-2.119619336160282,0.0,0.0,0.0,0.0,1.9527478569221344,-1.0139177502116803,-0.7533167964054636,-3.4424015887686767,0.7063805533962535,-0.5721036361669194,4.899639902090941,0.0,-1.4074922646490955,-0.27483256946263634,-0.05436084620020916,-0.42736964955751533,-0.15206699469058302,0.6479879311939291,1.2828778897610085,-0.04471703809499643
55,1550.8816974349904,0.0,0.0,0.0,0.0,0.0,0.0,0.0,0.0,0.0,-2.106436360531212,1.846173613076018,-0.38654949190405796,-0.6503453566272299,0.621690950595715,-1.0383674474496667,2.0848322307869567,-0.5256759269217406,-2.136228515800855,-5.525172880200878,0.0,0.0,0.0,1.244878550793311,-0.7944753571846233,5.6459310272201035,0.0,0.0,-2.4927742988851174,0.0,0.0,0.0,-2.1194370503166695,0.0,0.0,0.0,0.0,1.9527556519631522,-1.0139253423820533,-0.753314467596089,-3.4423488159745568,0.7063815460038705,-0.572096959016501,4.899681052761291,0.0,-1.407496060709392,-0.27487192185492526,-0.05436937120259939,-0.42739048843010996,-0.15207783189926155,0.647851587116319,1.2842009803087602,-0.044759956679472225
56,1550.8816126563775,0.0,0.0,0.0,0.0,0.0,0.0,0.0,0.0,0.0,-2.1064426188048357,1.8461737886318006,-0.386543410876824,-0.6503288128237098,0.6217029856739057,-1.03836490705898,2.084850134361329,-0.5256846059751218,-2.136293650903089,-5.525302575302471,0.0,0.0,0.0,1.24492160796611,-0.7945412813293489,5.646099066035714,0.0,0.0,-2.492794841736669,0.0,0.0,0.0,-2.119289930869834,0.0,0.0,0.0,0.0,1.9527573989267353,-1.0139380623418532,-0.7533143506362607,-3.442319954990303,0.706381846131453,-0.5720901632468596,4.8997249918728105,0.0,-1.4075070553157525,-0.2749046186028065,-0.05437650565238002,-0.4274046105453063,-0.15208651514270707,0.6477725419860165,1.284870304381989,-0.0448086249007465
57,1550.881503431592,0.0,0.0,0.0,0.0,0.0,0.0,0.0,0.0,0.0,-2.1064498410093253,1.8461743132920805,-0.3865386009608188,-0.6503267991574913,0.621712775792491,-1.0383633616234649,2.084869150010029,-0.5256853160193928,-2.136361373587347,-5.525467039528574,0.0,0.0,0.0,1.2449677431464492,-0.7946248242312529,5.6462883482735,0.0,0.0,-2.4927825841046682,0.0,0.0,0.0,-2.1191208118733926,0.0,0.0,0.0,0.0,1.9527650856870566,-1.0139468907756535,-0.7533110993815687,-3.4422611178003653,0.7063821158790562,-0.5720833038943198,4.8997637683764825,0.0,-1.4075094427132042,-0.2749466211290076,-0.054385752132122274,-0.42742840518362624,-0.15209789486620112,0.6476637435349614,1.2857761564674568,-0.04486460533022167
58,1550.8814925487666,0.0,0.0,0.0,0.0,0.0,0.0,0.0,0.0,0.0,-2.1064506752623857,1.846174460215861,-0.38653798175303195,-0.6503264290405831,0.6217137503553112,-1.038363109464504,2.0848713409026765,-0.525685404177192,-2.1363676162923855,-5.525484354513587,0.0,0.0,0.0,1.2449726903171399,-0.7946330699645952,5.6463077986008825,0.0,0.0,-2.4927811660196224,0.0,0.0,0.0,-2.119104329442825,0.0,0.0,0.0,0.0,1.95276579558314,-1.0139477041971676,-0.7533108569814858,-3.442255362612345,0.7063821179459454,-0.5720826173772305,4.899767434049329,0.0,-1.4075093980731446,-0.27495086100181243,-0.05438667512607447,-0.4274309237015046,-0.15209902904684855,0.6476524829640352,1.285867834138079,-0.04486984066532131
59,1550.8814816354752,0.0,0.0,0.0,0.0,0.0,0.0,0.0,0.0,0.0,-2.1064514950645448,1.846174576709814,-0.3865373634457276,-0.6503260087616275,0.6217146984231569,-1.038362824675946,2.0848734598038567,-0.525685475753193,-2.136373839729831,-5.525501963955737,0.0,0.0,0.0,1.2449778557640723,-0.7946412232144509,5.646327197718598,0.0,0.0,-2.492779332332755,0.0,0.0,0.0,-2.1190883277923356,0.0,0.0,0.0,0.0,1.9527664689740565,-1.0139485286570373,-0.7533106294232647,-3.4422493680590933,0.706382093658086,-0.5720819465264293,4.899770969931521,0.0,-1.4075093196941775,-0.27495514063364435,-0.0543876077026354,-0.4274335557354838,-0.15210016571245386,0.6476409267398424,1.2859607916034086,-0.04487487087931058
60,1550.8814707206952,0.0,0.0,0.0,0.0,0.0,0.0,0.0,0.0,0.0,-2.1064523318982333,1.846174704869567,-0.3865367333258593,-0.6503255290580029,0.6217156430184619,-1.0383625252202537,2.0848755567513026,-0.5256855499778765,-2.136379972182084,-5.525519764018669,0.0,0.0,0.0,1.244983130616905,-0.7946493200506873,5.646346647000202,0.0,0.0,-2.492777347728128,0.0,0.0,0.0,-2.1190727343066253,0.0,0.0,0.0,0.0,1.9527671190670668,-1.0139493506447774,-0.7533104117254134,-3.442243385737658,0.7063820543197946,-0.5720812791591723,4.899774452485652,0.0,-1.4075091918004126,-0.27495943784831245,-0.054388543676098,-0.4274362444754473,-0.15210130279253548,0.64762919115277,1.2860546675834172,-0.044879773329057786
61,1550.8814598156468,0.0,0.0,0.0,0.0,0.0,0.0,0.0,0.0,0.0,-2.1064531728654403,1.8461748324966243,-0.3865361022768215,-0.6503250216622174,0.6217165831989792,-1.0383622188218626,2.0848776141973695,-0.5256856259844346,-2.1363860848011504,-5.525537620217045,0.0,0.0,0.0,1.2449884705650542,-0.7946573711158962,5.646366056874563,0.0,0.0,-2.492775241744709,0.0,0.0,0.0,-2.1190574640451953,0.0,0.0,0.0,0.0,1.9527677530027834,-1.0139501718384782,-0.7533101984520177,-3.4422373667454975,0.7063820037789096,-0.5720806144405268,4.899777893830726,0.0,-1.407509047800774,-0.2749637421039616,-0.05438948166600515,-0.4274389698369933,-0.15210243967229545,0.6476173321392797,1.2861493186035482,-0.04488459771060928
62,1550.8814489250333,0.0,0.0,0.0,0.0,0.0,0.0,0.0,0.0,0.0,-2.1064540203438247,1.8461749645187318,-0.3865354704893259,-0.6503244940404294,0.6217175214707186,-1.0383619099736843,2.084879643566314,-0.5256857043892326,-2.136392175095649,-5.525555487186611,0.0,0.0,0.0,1.2449938397464682,-0.7946653812705646,5.646385426848597,0.0,0.0,-2.492773068071591,0.0,0.0,0.0,-2.1190424532707675,0.0,0.0,0.0,0.0,1.9527683774143874,-1.013950991455752,-0.7533099881085995,-3.442231346886108,0.7063819463590888,-0.572079950716715,4.899781307181905,0.0,-1.4075088900452515,-0.27496804834690514,-0.054390420413518256,-0.4274417173229909,-0.15210357657198434,0.6476053814803886,1.2862446347033691,-0.04488937429137325
63,1550.881438051066,0.0,0.0,0.0,0.0,0.0,0.0,0.0,0.0,0.0,-2.106454871554659,1.846175099395631,-0.38653483973281066,-0.6503239546214409,0.6217184578825992,-1.0383616006628407,2.084881647239586,-0.5256857849462139,-2.136398258164483,-5.525573328979777,0.0,0.0,0.0,1.244999218793728,-0.7946733564635099,5.646404743016019,0.0,0.0,-2.492770847417603,0.0,0.0,0.0,-2.1190276534341934,0.0,0.0,0.0,0.0,1.9527689957623544,-1.0139518095703839,-0.7533097794389396,-3.4422253225713306,0.7063818844167158,-0.5720792874577457,4.899784697577981,0.0,-1.407508725302283,-0.2749723536890964,-0.05439135936941134,-0.4274444791551037,-0.15210471363008388,0.6475933580201126,1.2863405341142367,-0.04489412132765051
64,1550.8814271949532,0.0,0.0,0.0,0.0,0.0,0.0,0.0,0.0,0.0,-2.106455725782242,1.846175237349292,-0.38653421044156433,-0.6503234073179359,0.6217193927440796,-1.0383612921578973,2.0848836296601925,-0.5256858675176288,-2.136404336528555,-5.525591129269808,0.0,0.0,0.0,1.2450045953815747,-0.7946813001170238,5.646424004132963,0.0,0.0,-2.492768597040222,0.0,0.0,0.0,-2.119013029578208,0.0,0.0,0.0,0.0,1.9527696103352996,-1.013952625982736,-0.7533095718499261,-3.4422192998504233,0.7063818197057946,-0.5720786242310144,4.899788069419434,0.0,-1.4075085558094516,-0.2749766566532833,-0.05439229817569806,-0.42744725014844837,-0.15210585102034482,0.6475812737861847,1.286436944477069,-0.04489884965360635
65,1550.881426110715,0.0,0.0,0.0,0.0,0.0,0.0,0.0,0.0,0.0,-2.106455811404973,1.8461752514052125,-0.38653414769680333,-0.6503233520913172,0.6217194860792208,-1.038361261449794,2.0848838260372564,-0.5256858759599234,-2.1364049442601765,-5.525592904158615,0.0,0.0,0.0,1.2450051320817463,-0.7946820916400824,5.646425924626507,0.0,0.0,-2.4927683700027825,0.0,0.0,0.0,-2.1190115822101663,0.0,0.0,0.0,0.0,1.9527696715402054,-1.0139527074449444,-0.7533095511561315,-3.442218697793024,0.7063818130655025,-0.5720785578896991,4.899788405011604,0.0,-1.4075085385905646,-0.2749770866251692,-0.054392392021303616,-0.4274475278397058,-0.15210596480103697,0.6475800601256899,1.2864466302481554,-0.044899321253141423
66,1550.8814250264347,0.0,0.0,0.0,0.0,0.0,0.0,0.0,0.0,0.0,-2.10645589724686,1.8461752657098398,-0.38653408509092574,-0.6503232964902916,0.621719579353999,-1.0383612308893904,2.084884020959009,-0.5256858845813984,-2.1364055525480214,-5.525594675087027,0.0,0.0,0.0,1.2450056679049195,-0.7946828812587101,5.646427841344684,0.0,0.0,-2.492768141444278,0.0,0.0,0.0,-2.1190101465823186,0.0,0.0,0.0,0.0,1.9527697326210673,-1.0139527887924118,-0.7533095304836728,-3.442218095540542,0.7063818063215058,-0.5720784914562433,4.899788739518603,0.0,-1.4075085211929457,-0.2749775166136191,-0.05439248590380078,-0.42744780615567607,-0.15210607873030335,0.6475788407561652,1.28645636383824,-0.04489979242236039
67,1550.881423942148,0.0,0.0,0.0,0.0,0.0,0.0,0.0,0.0,0.0,-2.106455983261651,1.8461752802356193,-0.3865340226274201,-0.650323240631721,0.6217196725720829,-1.0383612004902225,2.0848842145984774,-0.5256858933692761,-2.1364061614648064,-5.525596441905021,0.0,0.0,0.0,1.2450062026396183,-0.7946836691587649,5.646429754440444,0.0,0.0,-2.4927679117995214,0.0,0.0,0.0,-2.1190087211776087,0.0,0.0,0.0,0.0,1.952769793617682,-1.0139528700202503,-0.7533095098159364,-3.4422174931392044,0.706381799518732,-0.5720784249240032,4.899789073084223,0.0,-1.40750850368995,-0.27497794659294705,-0.0543925798153651,-0.42744808495172787,-0.15210619280842674,0.6475776161706942,1.2864661402477395,-0.04490026338162663
68,1550.8814228578908,0.0,0.0,0.0,0.0,0.0,0.0,0.0,0.0,0.0,-2.1064560694189325,1.8461752949624195,-0.3865339603037305,-0.6503231845931778,0.6217197657374365,-1.03836117025745,2.084884407096482,-0.525685902312144,-2.136406771024587,-5.525598204634821,0.0,0.0,0.0,1.2450067361842314,-0.7946844554945339,5.646431664108523,0.0,0.0,-2.4927676813654234,0.0,0.0,0.0,-2.1190073048369293,0.0,0.0,0.0,0.0,1.9527698545520662,-1.0139529511255538,-0.7533094891428517,-3.4422168906308213,0.7063817926860821,-0.5720783582909841,4.899789405815702,0.0,-1.4075084861251688,-0.274978376549116,-0.05439267375069644,-0.42744836412854664,-0.15210630703256592,0.647576386798989,1.2864759549040592,-0.0449007342527929
69,1550.8814217736933,0.0,0.0,0.0,0.0,0.0,0.0,0.0,0.0,0.0,-2.1064561556954713,1.846175309871542,-0.38653389811457917,-0.6503231284276421,0.6217198588535374,-1.0383611401894948,2.0848845985669135,-0.5256859113996072,-2.136407381223458,-5.5255999633940505,0.0,0.0,0.0,1.245007268509169,-0.7946852403991438,5.646433570551982,0.0,0.0,-2.492767450338654,0.0,0.0,0.0,-2.119005896624096,0.0,0.0,0.0,0.0,1.952769915434924,-1.0139530321084056,-0.7533094684580626,-3.4422162880322236,0.7063817858414969,-0.5720782915580993,4.8997897377958,0.0,-1.4075084685268364,-0.2749788064750562,-0.054392767706208496,-0.4274486436168864,-0.15210642139777367,0.647575153023196,1.2864858037110218,-0.04490120510398395
70,1550.8814206895797,0.0,0.0,0.0,0.0,0.0,0.0,0.0,0.0,0.0,-2.106456242074526,1.8461753249472876,-0.38653383605290115,-0.6503230721709334,0.6217199519237974,-1.0383611102812074,2.084884789106284,-0.5256859206218386,-2.136407992037134,-5.525601718358023,0.0,0.0,0.0,1.245007799628886,-0.7946860239876072,5.646435473976935,0.0,0.0,-2.492767218853761,0.0,0.0,0.0,-2.119004495764043,0.0,0.0,0.0,0.0,1.9527699762713084,-1.0139531129707142,-0.7533094477578749,-3.4422156853564303,0.7063817789960231,-0.5720782247280862,4.899790069091226,0.0,-1.4075084509111837,-0.2749792363679878,-0.05439286167935546,-0.4274489233671737,-0.1521065358979106,0.6475739151902109,1.2864956830004346,-0.04490167597219091
71,1550.8814205811739,0.0,0.0,0.0,0.0,0.0,0.0,0.0,0.0,0.0,-2.106456250721403,1.8461753264701368,-0.3865338298587084,-0.6503230665386396,0.6217199612265547,-1.0383611073056185,2.0848848080753704,-0.5256859215566049,-2.136408053176748,-5.525601893495134,0.0,0.0,0.0,1.2450078526243171,-0.7946861022250202,5.646435664037562,0.0,0.0,-2.4927671956686552,0.0,0.0,0.0,-2.1190043563476904,0.0,0.0,0.0,0.0,1.9527699823505016,-1.0139531210452268,-0.7533094456861141,-3.442215625081835,0.7063817783120415,-0.5720782180357618,4.899790102157796,0.0,-1.4075084491488166,-0.27497927935393557,-0.05439287107824405,-0.42744895136475913,-0.15210654736073168,0.6475737910330834,1.2864966736492471,-0.04490172306261927
72,1550.881420472761,0.0,0.0,0.0,0.0,0.0,0.0,0.0,0.0,0.0,-2.106456259377027,1.8461753280071618,-0.3865338236751353,-0.6503230609009478,0.6217199705261734,-1.0383611043441532,2.084884826968549,-0.5256859225031107,-2.1364081143763487,-5.525602068310157,0.0,0.0,0.0,1.2450079055134442,-0.7946861803571141,5.646435853852542,0.0,0.0,-2.492767172451258,0.0,0.0,0.0,-2.119004217531336,0.0,0.0,0.0,0.0,1.9527699884258514,-1.0139531291091817,-0.7533094436123331,-3.4422155647952644,0.7063817776289308,-0.572078211333962,4.899790135169074,0.0,-1.407508447385948,-0.27497932234050687,-0.05439288047940662,-0.4274489793846678,-0.1521065588366801,0.6475736665202803,1.286497666814166,-0.04490177016184453
73,1550.8814203643417,0.0,0.0,0.0,0.0,0.0,0.0,0.0,0.0,0.0,-2.1064562680406005,1.8461753295572652,-0.38653381750139765,-0.6503230552590938,0.6217199798229235,-1.0383611013959244,2.0848848457922218,-0.5256859234605143,-2.1364081756319653,-5.525602242824566,0.0,0.0,0.0,1.2450079583024143,-0.7946862583920581,5.646436043439894,0.0,0.0,-2.4927671492061165,0.0,0.0,0.0,-2.1190040792648848,0.0,0.0,0.0,0.0,1.952769994497353,-1.0139531371630646,-0.753309441536513,-3.4422155044970832,0.7063817769468819,-0.5720782046231677,4.899790168129143,0.0,-1.4075084456227518,-0.2749793653278694,-0.05439288988272405,-0.42744900742475556,-0.1521065703250411,0.647573541678877,1.286498662233266,-0.0449018172702411
74,1550.881420255918,0.0,0.0,0.0,0.0,0.0,0.0,0.0,0.0,0.0,-2.1064562767114743,1.8461753311194742,-0.38653381133674797,-0.6503230496139913,0.6217199891170528,-1.0383610984600626,2.0848848645520945,-0.5256859244280281,-2.136408236939682,-5.525602417059154,0.0,0.0,0.0,1.2450080109975352,-0.794686336337301,5.646436232816463,0.0,0.0,-2.492767125936578,0.0,0.0,0.0,-2.11900394150424,0.0,0.0,0.0,0.0,1.9527700005649926,-1.0139531452073887,-0.7533094394586818,-3.4422154441875845,0.7063817762659693,-0.5720781979038776,4.899790201041598,0.0,-1.4075084438592422,-0.27497940831620304,-0.05439289928809204,-0.4274490354832923,-0.1521065818251037,0.6475734165340815,1.2864996596709883,-0.04490186438779899
75,1550.8814201474904,0.0,0.0,0.0,0.0,0.0,0.0,0.0,0.0,0.0,-2.10645628538909,1.8461753326928978,-0.3865338051804849,-0.6503230439663211,0.6217199984087866,-1.0383610955357199,2.084884883253291,-0.5256859254049169,-2.1364082982957426,-5.525602591033835,0.0,0.0,0.0,1.2450080636051122,-0.7946864141996578,5.646436421997946,0.0,0.0,-2.4927671026450957,0.0,0.0,0.0,-2.1190038042098522,0.0,0.0,0.0,0.0,1.9527700066287619,-1.0139531532426798,-0.7533094373788941,-3.4422153838669938,0.7063817755861956,-0.5720781911765858,4.899790233909675,0.0,-1.4075084420953499,-0.27497945130569185,-0.05439290869541795,-0.4274490635588502,-0.15210659333617643,0.6475732911092367,1.286500658916337,-0.044901911514338394
76,1550.8814200390602,0.0,0.0,0.0,0.0,0.0,0.0,0.0,0.0,0.0,-2.106456294072972,1.846175334276728,-0.38653379903194685,-0.6503230383165884,0.6217200076983345,-1.0383610926220819,2.08488490190047,-0.5256859263904927,-2.136408359696554,-5.52560276476745,0.0,0.0,0.0,1.2450081161312634,-0.7946864919853764,5.6464366109989514,0.0,0.0,-2.492767079333606,0.0,0.0,0.0,-2.1190036673459494,0.0,0.0,0.0,0.0,1.9527700126886556,-1.0139531612694617,-0.7533094352972233,-3.4422153235355357,0.706381774907529,-0.572078184441774,4.899790266736334,0.0,-1.407508440330947,-0.27497949429650875,-0.05439291810461674,-0.4274490916502064,-0.1521066048575927,0.6475731654259553,1.2865016597801768,-0.04490195864958711
77,1550.8814199306275,0.0,0.0,0.0,0.0,0.0,0.0,0.0,0.0,0.0,-2.106456302762695,1.8461753358702209,-0.38653379289052153,-0.6503230326651838,0.6217200169858857,-1.0383610897183768,2.084884920497862,-0.5256859273841157,-2.1364084211387295,-5.525602938277736,0.0,0.0,0.0,1.2450081685818604,-0.794686569700202,5.646436799833028,0.0,0.0,-2.4927670560036046,0.0,0.0,0.0,-2.119003530879994,0.0,0.0,0.0,0.0,1.952770018744705,-1.0139531692882493,-0.7533094332137517,-3.44221526319345,0.706381774229904,-0.5720781776999092,4.899790299524288,0.0,-1.4075084385658916,-0.2749795372888105,-0.054392927515608626,-0.42744911975630023,-0.15210661638871695,0.6475730395042049,1.286502662093039,-0.04490200579323314
78,1550.881419822194,0.0,0.0,0.0,0.0,0.0,0.0,0.0,0.0,0.0,-2.106456311457877,1.846175337472693,-0.38653378675563943,-0.650323027012412,0.621720026271613,-1.0383610868238797,2.084884939049338,-0.5256859283851898,-2.1364084826191045,-5.52560311158123,0.0,0.0,0.0,1.2450082209624322,-0.7946866473494305,5.646436988512719,0.0,0.0,-2.4927670326563556,0.0,0.0,0.0,-2.119003394782246,0.0,0.0,0.0,0.0,1.9527700247969553,-1.0139531772995414,-0.753309431128568,-3.442215202840981,0.7063817735532442,-0.5720781709514374,4.899790332276049,0.0,-1.4075084368000355,-0.27497958028272457,-0.05439293692831584,-0.4274491478761793,-0.1521066279289426,0.6475729133624514,1.286503665702866,-0.04490205294493963
79,1550.881419713759,0.0,0.0,0.0,0.0,0.0,0.0,0.0,0.0,0.0,-2.106456320158172,1.846175339083515,-0.38653378062677657,-0.6503230213585133,0.6217200355556756,-1.0383610839379118,2.0848849575584416,-0.5256859293931613,-2.136408544134722,-5.525603284693359,0.0,0.0,0.0,1.2450082732781849,-0.7946867249379426,5.646437177049646,0.0,0.0,-2.4927670092929164,0.0,0.0,0.0,-2.1190032590254173,0.0,0.0,0.0,0.0,1.9527700308454665,-1.013953185303813,-0.7533094290417616,-3.442215142478396,0.7063817728774733,-0.5720781641967803,4.899790364993953,0.0,-1.4075084350332407,-0.27497962327836517,-0.05439294634266564,-0.4274491760089887,-0.1521066394776976,0.6475727870177247,1.2865046704734098,-0.044902100104371664
80,1550.8814197029155,0.0,0.0,0.0,0.0,0.0,0.0,0.0,0.0,0.0,-2.106456321028681,1.8461753392453737,-0.3865337800144436,-0.65032302079303,0.6217200364839299,-1.0383610836501047,2.08488495940544,-0.5256859294945968,-2.136408550289535,-5.525603301986868,0.0,0.0,0.0,1.2450082785037642,-0.7946867326911728,5.646437195890137,0.0,0.0,-2.492767006955048,0.0,0.0,0.0,-2.1190032454813172,0.0,0.0,0.0,0.0,1.9527700314499512,-1.0139531861035835,-0.7533094288329274,-3.442215136441154,0.7063817728099773,-0.5720781635207359,4.899790368262575,0.0,-1.4075084348564548,-0.27497962757811023,-0.05439294728425762,-0.42744917882348366,-0.15210664063337184,0.6475727743645265,1.2865047710543076,-0.044902104821053467
81,1550.8814196920716,0.0,0.0,0.0,0.0,0.0,0.0,0.0,0.0,0.0,-2.106456321899648,1.8461753394079568,-0.3865337794026136,-0.6503230202274634,0.6217200374120533,-1.038361083363025,2.084884961248843,-0.525685929596624,-2.136408556447402,-5.525603319264159,0.0,0.0,0.0,1.2450082837238465,-0.7946867404392667,5.646437214718588,0.0,0.0,-2.4927670046157164,0.0,0.0,0.0,-2.1190032319663614,0.0,0.0,0.0,0.0,1.9527700320540835,-1.0139531869027472,-0.7533094286239466,-3.4422151304029027,0.7063817727425538,-0.5720781628441445,4.899790371528263,0.0,-1.4075084346795506,-0.2749796318780816,-0.05439294822600806,-0.42744918163914525,-0.1521066417898042,0.6475727616939373,1.2865048717289982,-0.04490210953848359
82,1550.881419681228,0.0,0.0,0.0,0.0,0.0,0.0,0.0,0.0,0.0,-2.1064563227710424,1.8461753395712122,-0.3865337787912471,-0.6503230196618289,0.6217200383400575,-1.03836108307662,2.0848849630889235,-0.525685929699199,-2.1364085626080858,-5.525603336526459,0.0,0.0,0.0,1.2450082889388512,-0.7946867481826125,5.6464372335359165,0.0,0.0,-2.492767002274998,0.0,0.0,0.0,-2.1190032184784124,0.0,0.0,0.0,0.0,1.9527700326578772,-1.013953187701345,-0.7533094284148276,-3.4422151243636745,0.7063817726751944,-0.5720781621670424,4.899790374791205,0.0,-1.4075084345025175,-0.27497963617828236,-0.054392949167909904,-0.4274491844559048,-0.15210664294694679,0.6475727490072899,1.2865049724876594,-0.044902114256630585
83,1550.8814196703838,0.0,0.0,0.0,0.0,0.0,0.0,0.0,0.0,0.0,-2.1064563236428446,1.846175339735096,-0.3865337781803041,-0.6503230190961339,0.6217200392679563,-1.0383610827908365,2.084884964925939,-0.5256859298022805,-2.13640856877137,-5.52560335377491,0.0,0.0,0.0,1.2450082941491725,-0.7946867559215622,5.646437252342975,0.0,0.0,-2.492766999932972,0.0,0.0,0.0,-2.119003205015486,0.0,0.0,0.0,0.0,1.952770033261338,-1.0139531884994164,-0.753309428205579,-3.442215118323501,0.7063817726078944,-0.5720781614894612,4.899790378051582,0.0,-1.4075084343253506,-0.2749796404787208,-0.05439295010995781,-0.4274491872737009,-0.15210664410475525,0.6475727363058104,1.286505073321504,-0.04490211897546346
84,1550.8814196595395,0.0,0.0,0.0,0.0,0.0,0.0,0.0,0.0,0.0,-2.1064563245150243,1.8461753398995628,-0.3865337775697517,-0.6503230185303919,0.6217200401957558,-1.0383610825056302,2.0848849667601184,-0.5256859299058321,-2.136408574937066,-5.525603371010553,0.0,0.0,0.0,1.2450082993551546,-0.7946867636564438,5.646437271140538,0.0,0.0,-2.492766997589697,0.0,0.0,0.0,-2.1190031915757808,0.0,0.0,0.0,0.0,1.9527700338644804,-1.0139531892969953,-0.753309427996208,-3.442215112282414,0.7063817725406466,-0.5720781608114335,4.8997903813095585,0.0,-1.4075084341480446,-0.2749796447793922,-0.05439295105214384,-0.42744919009247173,-0.15210664526318585,0.6475727235906465,1.2865051742225606,-0.04490212369494928
85,1550.881419648695,0.0,0.0,0.0,0.0,0.0,0.0,0.0,0.0,0.0,-2.1064563253875646,1.8461753400645744,-0.38653377695955643,-0.6503230179646038,0.6217200411234688,-1.0383610822209557,2.0848849685916804,-0.5256859300098168,-2.1364085811049733,-5.525603388234382,0.0,0.0,0.0,1.2450083045571505,-0.7946867713875628,5.646437289929337,0.0,0.0,-2.4927669952452476,0.0,0.0,0.0,-2.1190031781575915,0.0,0.0,0.0,0.0,1.9527700344673151,-1.0139531900941152,-0.7533094277867214,-3.4422151062404502,0.7063817724734462,-0.5720781601329878,4.899790384565291,0.0,-1.4075084339705928,-0.2749796490802983,-0.05439295199446221,-0.4274491929121608,-0.1521066464222,0.6475727108628291,1.2865052751837784,-0.04490212841506028
86,1550.881419647611,0.0,0.0,0.0,0.0,0.0,0.0,0.0,0.0,0.0,-2.1064563253875646,1.8461753400645744,-0.38653377695955643,-0.6503230179646038,0.6217200411234688,-1.0383610822209557,2.0848849685916804,-0.5256859300098168,-2.1364085811049733,-5.525603388234382,0.0,0.0,0.0,1.2450083045571505,-0.7946867713875628,5.646437289929337,0.0,0.0,-2.4927669952452476,0.0,0.0,0.0,-2.1190031781575915,0.0,0.0,0.0,0.0,1.9527700344673151,-1.0139531900941152,-0.7533094277867214,-3.4422151062404502,0.7063817724734462,-0.5720781601329878,4.899790384565291,0.0,-1.4075084339705928,-0.2749796490802983,-0.05439295199446221,-0.4274491929121608,-0.1521066464222,0.6475727108628291,1.2865052751837784,-0.04490212841506028
std.err,,,,,,,,,,,0.24787866610714182,0.26470733760484866,0.20588530672644342,0.37398350611340997,0.1979331583750791,0.19187314796970364,0.46422604590695454,0.18342248658777863,0.6549713860012296,0.6017722536373185,,,,0.46252368957830564,0.4246791017994963,0.49263363550847494,,,0.5056831861576461,,,,0.7747101548857422,,,,,0.1969555712993675,0.2810638006162904,0.12620282808421657,0.6261512812727238,0.14264836897787161,0.12489535140380556,0.40576815185972204,,0.36550403722202196,0.07413975032432826,0.020360776373464857,0.10672958614837366,0.02132077045715687,0.31184938989854716,2.5234126933723235,0.12124140442855465
t.test,,,,,,,,,,,-8.497933115700569,6.974401830978024,-1.8774228384988045,-1.7389082869536878,3.1410605793766124,-5.411706083984773,4.4910986511290165,-2.8659840992736987,-3.2618349851102693,-9.182216951406009,,,,2.6917719732199137,-1.8712641333661815,11.461737248414495,,,-4.929503419297257,,,,-2.735220604498352,,,,,9.914774289370845,-3.60755525212003,-5.969037613673994,-5.497417651599716,4.951909212386607,-4.5804599907275385,12.075344903508336,,-3.8508697322968697,-3.7089368102453175,-2.6714576594117365,-4.0049737691096094,-7.1342002732899115,2.076555965280232,0.5098275357664446,-0.37035308710499376
p.val,,,,,,,,,,,0.0,3.071765064532883E-12,0.06046016373366747,0.08205089633745555,0.0016833720871765046,6.24270941607108E-8,7.085672002471455E-6,0.004157151256327429,0.0011069355954154148,0.0,,,,0.007107352139255951,0.061308479299604146,0.0,,,8.24388928677422E-7,,,,0.006233848213253124,,,,,0.0,3.0909573002935176E-4,2.3865709408710245E-9,3.8539318625296914E-8,7.348889012881443E-7,4.639543689011205E-6,0.0,,1.1769909518477562E-4,2.0813135727082432E-4,0.007552259959166641,6.202436337154893E-5,9.734435479913373E-13,0.03784256069548353,0.6101722927490347,0.7111194235734675
