ID,diary.household.id,diary.person.id,diary.trip.id,carD,carP,pt,bike,walk
BL35039Q12,BL35039Q,1,2,0.00135508338913005,0.001816578780876276,0.008433897552775396,6.64164558282298E-5,0.98832802382139
BL35130C12,BL35130C,1,2,0.9309897881486152,0.02832294265174426,0.02834736411118682,0.011947824365863094,3.920807225908091E-4
BL35130C13,BL35130C,1,3,0.9497322071158759,0.02889313199680714,0.009602760815381447,0.01155790483036095,2.1399524157455398E-4
BL35130C22,BL35130C,2,2,0.9311815550232494,0.02832877666008883,0.028353203149905526,0.011950285399234767,1.8617976752169696E-4
BL35130C23,BL35130C,2,3,0.949838969394801,0.028896379961437745,0.00960384029085984,0.011559204089510045,1.0160626339145085E-4
BL35132C12,BL35132C,1,2,0.9434555515147726,0.028702181076724186,0.020187209927574324,0.007647670929081039,7.386551848001662E-6
BL35132C13,BL35132C,1,3,0.9450765542742979,0.02875149586919646,0.019848151595738696,0.006318830923286404,4.967337480524762E-6
BL35140C22,BL35140C,2,2,0.04837934684074702,0.005308275351732014,0.005718445103280195,0.00280352342280549,0.9377904092814353
BL35140C23,BL35140C,2,3,0.04837934684074702,0.005308275351732014,0.005718445103280195,0.00280352342280549,0.9377904092814353
BL35191L12,BL35191L,1,2,0.8049865769813015,0.08832468158635821,0.10668715699145695,1.5844408833145037E-6,3.846890683252417E-26
BL35194P12,BL35194P,1,2,0.7251962946958823,0.07956993774581718,0.19280754705106706,0.002426209061231711,1.1446001769757259E-8
BL35194P13,BL35194P,1,3,0.6157072934625514,0.0675565931166347,0.3146634693048573,0.0020726343071215225,9.80883495666152E-9
BL35273H22,BL35273H,2,2,0.15295006565925523,0.0046531079002083316,0.005329076902657704,0.008614143513660204,0.8284536060242185
BL35273H23,BL35273H,2,3,0.19299124822095276,0.005871256726156513,0.005647725095654578,0.00948973880235087,0.7860000311548853
BL35292O12,BL35292O,1,2,0.2663211774177969,0.029221273829609876,0.06326279291489402,0.0116513408507155,0.6295434149869837
BL35292O13,BL35292O,1,3,0.3026205709959707,0.033204113384019705,0.0830306929745271,0.011810357763496027,0.5693342648819866
BL35292O14,BL35292O,1,4,0.6092147789341528,0.06684422188609065,0.19626347892104082,0.0201481620453204,0.10752935821339532
BL35292O22,BL35292O,2,2,0.4982509788375289,0.05466905947791763,0.13791612337357942,0.01819838383093137,0.2909654544800428
BL35309L12,BL35309L,1,2,0.062005608102860495,0.00680337504855175,0.006864470637319119,0.0034806657370819185,0.9208458804741868
BL35309L13,BL35309L,1,3,0.062005608102860495,0.00680337504855175,0.006864470637319119,0.0034806657370819185,0.9208458804741868
BL35368N22,BL35368N,2,2,0.09332926015768236,0.01024026663528971,0.00819136195808479,0.005558114741103678,0.8826809965078394
BL39328J22,BL39328J,2,2,0.5767605028837532,0.06328327605142005,0.3593696800750263,5.865405573967618E-4,4.324035803553012E-10
BL39342P12,BL39342P,1,2,0.5805521901145971,0.2502257735489838,0.1597263025122513,0.009170286177864596,3.254476463031624E-4
BL39364B22,BL39364B,2,2,0.9653534669082036,0.029368368192604643,0.005166624842971594,1.1154005568140955E-4,5.389362774195109E-13
BL39385N12,BL39385N,1,2,0.5130380678332933,0.05629152743513223,0.028858280723913575,0.018582605653554043,0.38322951835410685
BL39406H22,BL39406H,2,2,0.9155325299525882,0.027852695777919895,0.05403796326829502,0.0025767640029527587,4.69982443140363E-8
BL39513L12,BL39513L,1,2,0.958802100644026,0.02916905991516387,3.97757276657867E-5,0.011558622352058344,4.304413610859344E-4
BL39558E22,BL39558E,2,2,0.8520878662293836,0.09349272599120363,0.053858399582924335,5.610079527505106E-4,2.437378958456204E-10
BL39558E23,BL39558E,2,3,0.8465590650531384,0.09288609525050563,0.059694662711004064,8.601767498627059E-4,2.3548936838876675E-10
BL43452M12,BL43452M,1,2,0.003233416824013639,0.0043346088066229145,0.019821981504377032,1.41579988225814E-4,0.9724684128767606
BL43505B31,BL43505B,3,1,0.7224323837759645,0.08633521841414704,0.19123080378694715,1.594022941369177E-6,2.859305210490026E-23
BL43575C22,BL43575C,2,2,0.9631922510120182,0.029302618820629872,0.007346083198195185,1.5904696914243068E-4,1.4414120631596017E-14
BL43577B12,BL43577B,1,2,0.8422264730089349,0.09241071488555232,0.06536007388548257,2.7382200301892334E-6,2.67881257924801E-23
BL43592M22,BL43592M,2,2,0.9305603761287566,0.0283098789080091,0.022189362986233845,0.01555948232689504,0.0033808996501054366
BL43736M12,BL43736M,1,2,0.8668511773405977,0.09511258499301227,0.035098306125222585,0.002937675628247744,2.5591291989276676E-7
BL43778M12,BL43778M,1,2,0.49096428333923187,0.014936311244320554,0.02484809926662011,0.018226840156502108,0.45102446599332535
BL43827G12,BL43827G,1,2,0.76812145317393,0.08427976901882442,0.14696722402264992,6.315529392086274E-4,8.453872522183515E-10
BL43827G13,BL43827G,1,3,0.7020097196594227,0.07702586196153106,0.22026504627092672,6.993712995167395E-4,8.086027514938787E-10
BL43840B12,BL43840B,1,2,0.9597854947616653,0.029198977123228338,0.0067045230211152185,0.004310553169045846,4.5192494524100224E-7
BL44761E22,BL44761E,2,2,0.946064253573613,0.028781544051214965,0.017702663415581913,0.007447519960505848,4.018999084276133E-6
BL44773J12,BL44773J,1,2,0.9539137660858691,0.029020345051568485,0.012189856365553624,0.004875787995265842,2.445017429757933E-7
BL44773J22,BL44773J,2,2,0.9602870143331145,0.029214234551657444,0.010497778862021034,9.722532071058111E-7,2.3670488597346998E-26
BU35486L14,BU35486L,1,4,0.8896565070611643,0.09761482980508669,0.012711471938391977,1.7191195357165793E-5,5.824228915491525E-20
BU35486L23,BU35486L,2,3,0.8284580875417591,0.0909000210465235,0.03931704129157885,0.017921597789273103,0.02340325233086547
BU35486L24,BU35486L,2,4,0.8483593231701212,0.09308362304724481,0.01010256806254251,0.017944681996802814,0.03050980372328882
BU35518H12,BU35518H,1,2,0.8151901294937006,0.08944423507020263,0.09246040400515926,0.002902579156513632,2.6522744237280626E-6
BU35518H22,BU35518H,2,2,0.7998979682270766,0.0877663496081781,0.0778227936096722,0.02095394024667599,0.013558948308397087
BU35546C32,BU35546C,3,2,0.9289239929404314,0.02826009620599753,0.03327551287185207,0.009536265381432579,4.13260028643766E-6
BU35546C42,BU35546C,4,2,0.32500421020412923,0.00988740770776056,0.007740547706456491,0.015114860437531949,0.6422529739441218
BU35546C43,BU35546C,4,3,0.3251909362001442,0.009893088360485268,0.007698965303827675,0.01541143957274915,0.6418055705627936
BU36304O12,BU36304O,1,2,0.07185046996720791,0.0021858636542394063,0.0019231551876492151,0.0036003632468171167,0.9204401479440864
BU36310H22,BU36310H,2,2,0.7439251574566722,0.08162490473175715,0.16766958088074882,0.0064951263349752614,2.8523059584653187E-4
BU36361M12,BU36361M,1,2,0.9488692781439562,0.028866879627452113,0.021008286366188695,0.0012555557124597685,1.4994344189791967E-10
BU36361M22,BU36361M,2,2,0.9360664204021389,0.028477385982928892,0.02308915131711247,0.011968681402145326,3.983608956745432E-4
BU37112O12,BU37112O,1,2,4.443305183723662E-4,5.956544061020384E-4,0.002747752137298824,2.229178589321795E-5,0.9961899711523337
BU37112O13,BU37112O,1,3,3.4050900956578633E-4,4.564748165583486E-4,0.001692196304337401,1.7870640229975836E-5,0.9974929492293085
BU37112O14,BU37112O,1,4,0.09360892448874283,0.12548894576596425,0.7475987735604246,0.001388317719211755,0.031915038465656596
BU39647O22,BU39647O,2,2,0.667930972222293,0.07328667598959368,0.06247906161471522,0.023054707233199415,0.17324858294019868
BU39694L13,BU39694L,1,3,0.8396759478313293,0.09213086633822028,0.06300564985607172,0.005183604047760356,3.931926618546856E-6
BU39696L22,BU39696L,2,2,0.8670318842283216,0.026377189789661224,0.10650290879219376,8.801718982348521E-5,2.6997291539815997E-18
BU39755O12,BU39755O,1,2,0.6985267571184988,0.07664370458623929,0.07546624098949163,0.027907235723118855,0.12145606158265154
BU39784B32,BU39784B,3,2,0.32987081310717653,0.03942163908711519,0.04776387508502637,0.01324925737491538,0.5696944153457666
BU39801P12,BU39801P,1,2,0.001748396729060848,0.0023438412898002157,0.005004268627383015,8.702091982424838E-5,0.9908164724339318
BU41327J32,BU41327J,3,2,0.567908752297566,0.2447762824231979,0.18557076634467473,0.001744149622148704,4.931241257341835E-8
BU41351L13,BU41351L,1,3,0.22835263155959573,0.025055291664045697,0.026823925802257724,0.010182000629678646,0.7095861503444223
BU41354L32,BU41354L,3,2,0.2263765155402919,0.006886916643951284,0.005109805082777398,0.010555459085140127,0.7510713036478393
BU43432M13,BU43432M,1,3,0.8971934709307324,0.027294777609992535,0.07551117156613772,5.798931374690266E-7,8.53944118441866E-27
BU43432M22,BU43432M,2,2,0.9623633330620655,0.029277401148150157,0.008359263722357067,2.0674273933995046E-9,8.155089931322196E-40
BU43901C12,BU43901C,1,2,0.9527090834769899,0.028983695716764596,0.01830623766927352,9.831369720089606E-7,6.693006074193321E-26
BU43901C22,BU43901C,2,2,0.71246128037752,0.021674781230252953,0.006339115167887089,0.02399267512257573,0.23553214810176418
BU43927M12,BU43927M,1,2,0.003195000032194386,0.004283108559916328,0.019658648736864907,1.5822206944514838E-4,0.9727050206015792
BU44780H12,BU44780H,1,2,0.9363125416162662,0.028484873580668247,0.020778116122683855,0.014057819831623542,3.6664884875824496E-4
BU44780H13,BU44780H,1,3,0.9347716542057389,0.02843799608929646,0.02287203707161454,0.01358924238233411,3.2907025101598067E-4
BU44791L12,BU44791L,1,2,0.8061894763800928,0.08845666603108915,0.0708173294880949,0.02096829261321926,0.013568235487503853
BU44793G13,BU44793G,1,3,0.9311526957276204,0.028327898691086928,0.03353625002323053,0.00697516814660452,7.987411457439844E-6
BU44793G14,BU44793G,1,4,0.9550102780348904,0.02905370357541527,0.010524011946383832,0.005407495311666431,4.5111316442168226E-6
BU45558J15,BU45558J,1,5,0.31371676011984634,0.009544016399401178,0.010069352641199233,0.0195155870910185,0.6471542837485348
BU45563M22,BU45563M,2,2,0.08593953337152027,0.00261448676041834,0.002179337333043764,0.004627468617736712,0.904639173917281
BU45563M23,BU45563M,2,3,0.08593953337152027,0.00261448676041834,0.002179337333043764,0.004627468617736712,0.904639173917281
MA35619M22,MA35619M,2,2,3.7329047332597154E-4,5.004205338112533E-4,0.003674850080671335,2.3778810357206795E-5,0.9954276601018341
MA35619M23,MA35619M,2,3,5.115703244648376E-4,6.857938070847595E-4,0.00381332185470855,2.943045968096151E-5,0.994959883554061
MA35660O32,MA35660O,3,2,0.7947432680753476,0.08720076595424696,0.09029296276794031,0.02044344375224251,0.007319559450222696
MA35660O33,MA35660O,3,3,0.7984837844478857,0.08761118263325782,0.08943628811162972,0.018642465317182517,0.0058262794900443655
MA35725D22,MA35725D,2,2,3.5288527749029874E-4,0.0018583139455993246,0.007902759764523943,1.9698972398895647E-5,0.9898663420399876
MA35753O12,MA35753O,1,2,0.8705583689245112,0.095519345211868,0.020305015130626665,0.013431934527562705,1.853362054313395E-4
MA35795Q12,MA35795Q,1,2,0.7375215490059581,0.08092228844772666,0.0772484882411047,0.024775754939457086,0.07953191936575343
MA35828B12,MA35828B,1,2,0.8263671226829359,0.0906705963447398,0.06570574930923898,0.016917190679437078,3.393409836483141E-4
MA35828B13,MA35828B,1,3,0.7542049462861441,0.08275282301151649,0.1467820001565632,0.0158999858931135,3.6024465266272184E-4
MA35867O32,MA35867O,3,2,0.04937368439855236,0.021280719601027506,0.043330190329173894,0.0026047201725272013,0.883410685498719
MA35867O33,MA35867O,3,3,0.04937368439855236,0.021280719601027506,0.043330190329173894,0.0026047201725272013,0.883410685498719
MA35877M18,MA35877M,1,8,0.8480726985098743,0.09305217403607495,0.05868810629832767,1.870211553097305E-4,4.136196788603848E-13
MA35879H32,MA35879H,3,2,0.7922158817663518,0.09467478579236087,0.09648663516198425,0.013999453504001247,0.0026232437753017767
MA35920E32,MA35920E,3,2,0.8165003301866316,0.09757693027745933,0.04143615860723112,0.025108202420034666,0.019378378508643358
MA35939O12,MA35939O,1,2,0.8439936205522898,0.02567631054351008,0.020049955198011296,0.029933224143158334,0.08034688956303068
MA35939O13,MA35939O,1,3,0.14469076032165445,0.004401840019080111,0.001822038579437917,0.007790470705863821,0.8412948903739637
MA35947P12,MA35947P,1,2,0.12168683577937216,0.013351714588545465,0.009371950040778388,0.006779393150090044,0.848810106441214
MA35999B12,MA35999B,1,2,0.0033571104912181893,0.004500428336974333,0.02158553879920062,1.768310120670268E-4,0.9703800913605398
MA35999B13,MA35999B,1,3,0.002905301131278595,0.0038947480498043568,0.01704495201087266,1.456443414367477E-4,0.9760093544666076
MA36005G14,MA36005G,1,4,0.5064317431835864,0.05556666873832067,0.040291397297064845,0.022091989195024513,0.3756182015860038
MA36011E12,MA36011E,1,2,0.09041007646646057,0.12120067872119107,0.7470845887691522,0.0020702575423811906,0.03923439850081478
MA36011E13,MA36011E,1,3,0.10915965576355753,0.14633572810241746,0.686613201127799,0.002013094592192939,0.05587832041403299
MA36029B22,MA36029B,2,2,0.053231347632839335,0.005840646247437354,0.0061184882249819585,0.0030474766336840422,0.9317620412610573
MA36032B16,MA36032B,1,6,0.9272999024308335,0.028210687476761014,0.016019168087525276,0.022313621808486353,0.006156620196393974
MA36032B22,MA36032B,2,2,0.938563525805107,0.028553353919445437,0.017158957380484573,0.014460358527031732,0.0012638043679314057
MA36146O16,MA36146O,1,6,0.05664530302330708,0.00621523202493424,0.002656811951764165,0.0032858457412077912,0.9311968072587867
MA36146O17,MA36146O,1,7,0.05954283797542206,0.006533155154771526,0.0023700934487784777,0.0034105869658069116,0.9281433264552211
MA36154M22,MA36154M,2,2,0.0032151625558151965,0.0043101377544827145,0.015975532693684624,1.2615014350182552E-4,0.9763730168525157
MA36157M22,MA36157M,2,2,0.7083812843660456,0.021550657964323115,0.044644146120593274,0.027750416040614463,0.19767349550842334
MA36157M23,MA36157M,2,3,0.7058141660066809,0.021472560065723057,0.04460749760297801,0.026863569803880577,0.20124220652073765
MA36537D12,MA36537D,1,2,3.137277111913464E-4,4.2057271729155913E-4,0.0019756207484724884,1.689286735798621E-5,0.9972731859556866
MA36537D13,MA36537D,1,3,3.137277111913464E-4,4.2057271729155913E-4,0.0019756207484724884,1.689286735798621E-5,0.9972731859556866
MA36886D12,MA36886D,1,2,1.8744698865109054E-4,2.512850683981394E-4,0.0013038861576682606,1.0740833944051118E-5,0.9982466409513383
MA36886D13,MA36886D,1,3,1.8744698865109054E-4,2.512850683981394E-4,0.0013038861576682606,1.0740833944051118E-5,0.9982466409513383
MA36886D22,MA36886D,2,2,4.878409800555564E-4,6.539830536774151E-4,0.003234446319778053,2.72457253579658E-5,0.995596483921131
MA36886D23,MA36886D,2,3,4.878409800555564E-4,6.539830536774151E-4,0.003234446319778053,2.72457253579658E-5,0.995596483921131
MA36888K12,MA36888K,1,2,3.137277111913464E-4,4.2057271729155913E-4,0.0019756207484724884,1.689286735798621E-5,0.9972731859556866
MA36888K13,MA36888K,1,3,3.137277111913464E-4,4.2057271729155913E-4,0.0019756207484724884,1.689286735798621E-5,0.9972731859556866
MA36888K22,MA36888K,2,2,3.97010999696669E-4,5.322194660554808E-4,0.002756367274430044,2.2728745348253078E-5,0.9962916735144696
MA36888K23,MA36888K,2,3,3.97010999696669E-4,5.322194660554808E-4,0.002756367274430044,2.2728745348253078E-5,0.9962916735144696
MA37317G22,MA37317G,2,2,0.49789519697459644,0.015147166263266568,0.006790534509499833,0.0204680864449253,0.459699015807712
MA39829K12,MA39829K,1,2,0.2760928396959087,0.030293439483005252,0.022228467396430893,0.00930051630340069,0.6620847371212546
MA39869L22,MA39869L,2,2,0.9263385674763343,0.028181441361355655,0.02883800595141153,0.01551435813175676,0.001127627079141932
MA39916E13,MA39916E,1,3,0.939410140103809,0.02857910995730485,0.027354159168677224,0.004656527081771293,6.36884378222619E-8
MA39926O12,MA39926O,1,2,0.7919451492633732,0.08689375095526994,0.07815815200404241,0.022014473938849574,0.02098847383846485
MA39960J22,MA39960J,2,2,0.8929650054544579,0.027166137546788857,0.07389478864984812,0.005973091147742765,9.772011624982723E-7
MA39960J23,MA39960J,2,3,0.8962183358744598,0.027265111662386973,0.07153925583605032,0.004976380809541791,9.158175612200738E-7
MA40008D22,MA40008D,2,2,0.34045831025535295,0.037355743196985175,0.027953961339281796,0.013238926559551592,0.5809930586488284
MA40008D23,MA40008D,2,3,0.32253352839962085,0.03538900152055938,0.032818261283092634,0.01374258003723366,0.5955166287594935
MA40034K12,MA40034K,1,2,0.0015203166515169654,0.002038084882091002,0.013267561532110046,8.022572075900832E-5,0.983093811213523
MA40034K13,MA40034K,1,3,0.0016148783340163494,0.002164851062896023,0.010712112195118301,9.024652221683128E-5,0.9854179118857525
MA40034K14,MA40034K,1,4,5.291979637031685E-4,7.094248217176315E-4,0.005024829462080531,3.597885716594643E-5,0.9937005688953328
MA40034K22,MA40034K,2,2,0.004196398654172733,0.005625549550985125,0.03355061777409407,2.271139045668215E-4,0.9564003201161813
MA40034K23,MA40034K,2,3,0.004728091911465521,0.006338319478563638,0.03295949411075953,2.142382714662344E-4,0.955759856227745
MA40069L12,MA40069L,1,2,0.17002280208549156,0.005172501497070691,0.008171917743022438,0.005670952059583644,0.8109618266148316
MA40069L13,MA40069L,1,3,0.17813291066098935,0.005419230454796462,0.009863804945657034,0.005710812169967444,0.8008732417685898
MA40069L22,MA40069L,2,2,0.050895281618788424,0.0015483565565202616,0.003470493014362558,0.002949318737151268,0.9411365500731774
MA40069L23,MA40069L,2,3,0.050895281618788424,0.0015483565565202616,0.003470493014362558,0.002949318737151268,0.9411365500731774
MA40075D12,MA40075D,1,2,0.1109165677068703,0.012169979979167567,0.007034447948455937,0.005725624569770262,0.864153379795736
MA40075D13,MA40075D,1,3,0.1111897765510439,0.012199956981093116,0.010359933817521743,0.005705552656975948,0.8605447799933652
MA40075D22,MA40075D,2,2,0.21862737660730425,0.023988217912047912,0.04378679029439508,0.010989461666906555,0.7026081535193462
MA40075D23,MA40075D,2,3,0.33772284448324397,0.03705560261051982,0.0468534135911962,0.013581438813676076,0.5647867005013639
MA40104H12,MA40104H,1,2,0.09537835866965293,0.01139831437883185,0.009961752562104782,0.005527058135764327,0.8777345162536462
MA40104H13,MA40104H,1,3,0.09537835866965293,0.01139831437883185,0.009961752562104782,0.005527058135764327,0.8777345162536462
MA40234D22,MA40234D,2,2,5.630741404219552E-4,7.548380739928816E-4,0.0022067528001290964,3.09774896014723E-5,0.9964443574958546
MA40234D23,MA40234D,2,3,5.628594109626829E-4,7.545502149707195E-4,0.002460810758695211,3.0969607310195806E-5,0.9961908100080613
MA40241M22,MA40241M,2,2,0.884733307686721,0.02691570955416207,0.0882112429234862,1.397398356309456E-4,9.651022811516756E-17
MA40241M23,MA40241M,2,3,0.895198260331025,0.027234078517356874,0.07722791716516152,3.397439864546878E-4,2.078755375499864E-15
MA40253B12,MA40253B,1,2,0.8755867104763339,0.02663744812579177,0.08753157644944262,0.0102084706134446,3.57943349871679E-5
MA40253B13,MA40253B,1,3,0.9000624817602325,0.02738205980172607,0.06132087708677787,0.011189464990877923,4.5116360385754143E-5
MA40266B12,MA40266B,1,2,0.08453530098330823,0.0025717666426390215,0.002845021900329203,0.004110005658164491,0.9059379048155591
MA40266B13,MA40266B,1,3,0.09253834639850496,0.00281523848220096,0.005608010858146197,0.004621913483247357,0.8944164907779006
MA40266B32,MA40266B,3,2,0.02493357078194977,7.585390348531285E-4,0.0017001926400565803,0.0014448696451292455,0.9711628278980112
MA40266B33,MA40266B,3,3,0.02493357078194977,7.585390348531285E-4,0.0017001926400565803,0.0014448696451292455,0.9711628278980112
MA41094E12,MA41094E,1,2,0.3771562153219671,0.04138230820139814,0.07836961769127909,0.015572566166020126,0.4875192926193356
MA41097K22,MA41097K,2,2,0.11185841614938268,0.04821247630366945,0.04498565503063515,0.006279137781368611,0.7886643147349441
MA41097K23,MA41097K,2,3,0.11185841614938268,0.04821247630366945,0.04498565503063515,0.006279137781368611,0.7886643147349441
MA41097K24,MA41097K,2,4,0.11030836981503196,0.04754438556238208,0.04452394539014635,0.006205103148949862,0.7914181960834897
MA41102J12,MA41102J,1,2,6.544018349245314E-4,8.772688802964246E-4,0.009390932986341197,2.493709171786872E-5,0.98905245920672
MA41102J13,MA41102J,1,3,6.803535820201676E-4,9.120589112854887E-4,0.010205397568539552,2.287644796714422E-5,0.9881793134901876
MA41102J22,MA41102J,2,2,1.284332977892747E-4,1.7217331818357136E-4,0.0029787727755181616,8.526431637015102E-6,0.9967120941768719
MA41102J23,MA41102J,2,3,1.872894203957556E-4,2.510738377451208E-4,0.004039562206738028,1.034922743267233E-5,0.9955117253076883
MA41102J24,MA41102J,2,4,1.2798384142228506E-4,1.715707922388564E-4,0.0029787759100767014,8.526440609367516E-6,0.9967131430156528
MA41102J32,MA41102J,3,2,1.2908098427827288E-4,1.7304158469913224E-4,0.001818588458982773,8.53634344819604E-6,0.9978707526285916
MA41102J33,MA41102J,3,3,1.8853581719120447E-4,2.5274471496885957E-4,0.004039550417059991,1.034919722789936E-5,0.995508819853552
MA41102J34,MA41102J,3,4,1.2798384142228506E-4,1.715707922388564E-4,0.0029787759100767014,8.526440609367516E-6,0.9967131430156528
MA41113Q13,MA41113Q,1,3,0.8086701279743709,0.08872884791393859,0.0891575992251312,0.012835716343746632,6.077085428126561E-4
MA41113Q14,MA41113Q,1,4,0.8237341115428884,0.09038169727833534,0.07228878834204464,0.013004489474978289,5.909133617532673E-4
MA41166H22,MA41166H,2,2,0.7917428541644258,0.0868715547463989,0.11969912177215448,0.0016864685374678033,7.795529735640259E-10
MA41545P22,MA41545P,2,2,0.7929595565313533,0.08700505367944604,0.05907710867234812,0.02278321843669338,0.03817506268015907
MA41548L42,MA41548L,4,2,0.39168246214851754,0.011915920082418308,0.004432221632980259,0.016974147552740636,0.5749952485833432
MA41548L43,MA41548L,4,3,0.3882327102822361,0.011810970355240591,0.010816153382790331,0.016326487037165167,0.5728136789425678
MA41569M22,MA41569M,2,2,0.6701407089903233,0.07352913257459397,0.09528818381916822,0.022182070792834848,0.1388599038230797
MA41585P22,MA41585P,2,2,0.8123707694451555,0.08913488944173406,0.09114945182150966,0.007333765609637328,1.112368196335595E-5
MA41615O12,MA41615O,1,2,0.08593953337152027,0.00261448676041834,0.002179337333043764,0.004627468617736712,0.904639173917281
MA41615O13,MA41615O,1,3,0.08593953337152027,0.00261448676041834,0.002179337333043764,0.004627468617736712,0.904639173917281
MA44049M22,MA44049M,2,2,0.09749345239472369,0.13069641198120346,0.5050586091813771,0.0025591636305731078,0.2641923628121226
MA44053P32,MA44053P,3,2,0.9338883044844375,0.02841112247175913,0.029674938605471508,0.00799554842904339,3.0086009288650432E-5
MA44081Q12,MA44081Q,1,2,6.264631743863061E-4,0.0032989907134861915,0.013759140731577423,3.6775840906545635E-5,0.9822786295396436
MA44081Q13,MA44081Q,1,3,6.749899963433223E-4,0.00355453571842287,0.014728954772856587,3.7362204224062465E-5,0.9810041573081532
MA44081Q32,MA44081Q,3,2,5.398887761345636E-4,7.237565618666039E-4,0.005298219431474379,3.596805295276848E-5,0.9934021671775716
MA44094K12,MA44094K,1,2,0.2903902418775366,0.0318621780574296,0.04187135789459181,0.015293167330713387,0.6205830548397285
MA44094K13,MA44094K,1,3,0.3017378742031959,0.03310726218750474,0.03844151779385583,0.016865921648701866,0.6098474241667416
MA44096L32,MA44096L,3,2,0.37981401077953497,0.011554853321248795,0.010602838156217726,0.01693358975729104,0.5810947079857075
MA44096L33,MA44096L,3,3,0.36651412848185005,0.011150238997453286,0.010198379580288876,0.01643786378011986,0.5956993891602879
MA44141K32,MA44141K,3,2,4.012609387822196E-4,0.002113062929874639,0.008870563867316892,2.094226426595543E-5,0.9885941699997602
MA44141K33,MA44141K,3,3,4.012609387822196E-4,0.002113062929874639,0.008870563867316892,2.094226426595543E-5,0.9885941699997602
MA44160K32,MA44160K,3,2,0.19039978757304954,0.02275397340330764,0.023405448047714796,0.01068206335064796,0.7527587276252801
MA44160K41,MA44160K,4,1,0.2914370651640081,0.03482856422271829,0.017339283694704204,0.015037500300556469,0.6413575866180129
MA44261K22,MA44261K,2,2,8.938703793981422E-4,0.0011982922800868703,0.00572514351078468,4.70514577717373E-5,0.9921356423719585
MA44298P22,MA44298P,2,2,0.9322773704076742,0.02836211399276963,0.008905018183451987,0.022246917375539386,0.008208580040564793
MA44298P23,MA44298P,2,3,0.9402152567084439,0.02860360353576437,0.004795084142088608,0.020744642381872815,0.005641413231830427
MA44299P22,MA44299P,2,2,0.8429510350982202,0.09249021523705589,0.05768431816660217,0.006873704204691242,7.272934304857927E-7
MA44355O14,MA44355O,1,4,0.8922785539018713,0.02714525404387121,0.03253693519384693,0.023515151429339805,0.024524105431070756
MA44377P22,MA44377P,2,2,2.1868812565978106E-4,2.931658759083478E-4,0.0014677056057040138,1.2301717262659915E-5,0.9980081386754652
MA44377P23,MA44377P,2,3,2.1868812565978106E-4,2.931658759083478E-4,0.0014677056057040138,1.2301717262659915E-5,0.9980081386754652
MA44378P22,MA44378P,2,2,2.5938841455697896E-4,3.4772730126361674E-4,0.0017258630489773777,1.7148949576723787E-5,0.9976498722856254
MA44378P23,MA44378P,2,3,3.776655361687394E-4,5.062855945070933E-4,0.0034230169762514504,2.079886964790663E-5,0.9956722330234248
MA44405N22,MA44405N,2,2,0.2674673259706188,0.029347031461939958,0.026792919635236598,0.010192296053130117,0.6662004268790745
MA44405N23,MA44405N,2,3,0.2745967863096583,0.030129289616715196,0.028752510798662558,0.009233138855983437,0.6572882744189806
MA44417M22,MA44417M,2,2,0.9147859285522973,0.02782998237234517,0.017662979901977783,0.024760577036626933,0.014960532136752793
MA44455G22,MA44455G,2,2,0.9161755751161215,0.02787225875435753,0.05505002843927017,9.021376705946509E-4,1.965628459064058E-11
MA44455G23,MA44455G,2,3,0.9130259244592228,0.027776438825864263,0.05817404299616769,0.0010235936888871886,2.985830833842443E-11
MA44465H22,MA44465H,2,2,0.7336662134275974,0.08049927358374691,0.17962769666966485,0.006202085351876404,4.73096711447912E-6
MA44477B12,MA44477B,1,2,0.20613757094369575,0.02261781231789433,0.005458106564748637,0.010659677701791668,0.7551268324718696
MA44505Q12,MA44505Q,1,2,0.9043889478970283,0.027513681280110783,0.019900106857514574,0.024474701878537963,0.02372256208680831
MA44551P12,MA44551P,1,2,0.002539169021378073,0.00340392377494571,0.00918567893387476,1.1462697739413981E-4,0.9847566012924072
MA44581M22,MA44581M,2,2,0.7234306138350401,0.0793762038323875,0.1958799176947174,0.001313264568595662,6.925943064888934E-11
MA44581M23,MA44581M,2,3,0.712770464728429,0.0782065516885774,0.20781950253863252,0.0012034809817384933,6.26226607368914E-11
MA45438Q32,MA45438Q,3,2,3.586078356506964E-4,4.807374882790347E-4,0.00256032801477496,2.0780881357446322E-5,0.9965795457799379
MA45438Q33,MA45438Q,3,3,3.586078356506964E-4,4.807374882790347E-4,0.00256032801477496,2.0780881357446322E-5,0.9965795457799379
OL36832P14,OL36832P,1,4,0.8295641613686738,0.09102138160254619,0.06717110646082891,0.01174067741569744,5.02673152253761E-4
OL37426B12,OL37426B,1,2,0.8956490243587971,0.02724779184039285,0.07475919391154451,0.0023439869175420195,2.9717236927817723E-9
OL37426B13,OL37426B,1,3,0.2790436728596099,0.008489177909729332,0.006799236271272803,0.010633432383626391,0.6950344805757617
OL37426B14,OL37426B,1,4,0.27906220148976113,0.008489741595105767,0.0073981001609348665,0.009766864231908921,0.6952830925222893
OL37441M12,OL37441M,1,2,0.3730902438132635,0.01135030020088847,0.01155470711932807,0.01757682846921492,0.5864279203973051
OL37449H13,OL37449H,1,3,0.8505500519521646,0.09332399403931982,0.052693877125912975,0.0034317224341802646,3.544484222744749E-7
OL37449H14,OL37449H,1,4,0.8659512177133885,0.0950138396849702,0.03568295469410751,0.0033518002603961866,1.8764713748662586E-7
OL37742I12,OL37742I,1,2,0.8408737024846454,0.025581395151705662,0.13217532121329176,0.0013695810996142061,5.0742980037670476E-11
OL37782I24,OL37782I,2,4,0.8764164071809394,0.02666268948985613,0.043436062862666554,0.021435339710541474,0.032049500755996614
OL37792J12,OL37792J,1,2,5.410027445008949E-4,7.252499100347517E-4,0.00342804269821293,2.8270270183711482E-5,0.9952774343770677
OL37804B12,OL37804B,1,2,0.7303499122267673,0.08013540261249892,0.1832863889153063,0.0061927689505819,3.5527294845774424E-5
OL37888J12,OL37888J,1,2,7.414425276339493E-4,9.939526775572041E-4,0.004247200147043164,3.5871484849484084E-5,0.9939815331629163
OL37888J13,OL37888J,1,3,7.414425276339493E-4,9.939526775572041E-4,0.004247200147043164,3.5871484849484084E-5,0.9939815331629163
OL37888J14,OL37888J,1,4,0.0045429701034750865,0.006090151468409834,0.01170493566207128,1.7421786171994548E-4,0.9774877249043239
OL37895P22,OL37895P,2,2,0.8267374469360773,0.09071122903685881,0.05814312995723032,0.01588877180351745,0.00851942226631618
OL37989Q22,OL37989Q,2,2,0.04837934684074702,0.005308275351732014,0.005718445103280195,0.00280352342280549,0.9377904092814353
OL37989Q23,OL37989Q,2,3,0.04837934684074702,0.005308275351732014,0.005718445103280195,0.00280352342280549,0.9377904092814353
OL38018M12,OL38018M,1,2,0.38136565165199227,0.041844175683588655,0.032370123809993816,0.016961928974915087,0.5274581198795102
OL38018M13,OL38018M,1,3,0.47308468857962416,0.05190776551687442,0.04130577559894643,0.017232820720835183,0.4164689495837198
OL38094J12,OL38094J,1,2,0.8835068511273998,0.0969400776815764,0.01836735917291988,0.0011856090488755841,1.0296922832859834E-7
OL41038B22,OL41038B,2,2,0.9035415633151971,0.02748790180839078,0.05805207298813521,0.010905492223084155,1.296966519298194E-5
OL41038B23,OL41038B,2,3,0.9188607047313911,0.027953946838452447,0.043643636356244776,0.009535018310570471,6.693763341288734E-6
OL41661P22,OL41661P,2,2,0.7237764978290254,0.02201901728853272,0.032825247450636634,0.01955707068891275,0.20182216674289244
OL41661P23,OL41661P,2,3,0.8829568814365109,0.026861666406266946,0.07836817861452663,0.010926327832274667,8.869457104209869E-4
OL41662J12,OL41662J,1,2,0.9392060519407561,0.028572901105809758,0.013520327602910663,0.014863142507835447,0.0038375768426882335
OL41662J13,OL41662J,1,3,0.942923065588098,0.028685981577485784,0.009879154180829861,0.014811942189868267,0.0036998564637182475
OL41996M34,OL41996M,3,4,0.7036430410095239,0.08408977365276994,0.07153272278842422,0.02708612638454703,0.11364833616473503
OL42006B22,OL42006B,2,2,0.9493033786322573,0.0288800860056442,0.018941485161855412,0.0028740340747028846,1.0161255403244778E-6
OL42026G12,OL42026G,1,2,0.8377156693724579,0.025485320208814333,0.13679900637087897,4.047848948843141E-9,2.444319477754864E-39
OL42114Q13,OL42114Q,1,3,0.6583960102157891,0.07224048154704706,0.06775328886000379,0.023416878673203547,0.17819334070395657
OL42114Q14,OL42114Q,1,4,0.2708388785519228,0.029716964721339206,0.027520068133135636,0.011369325717350689,0.6605547628762518
OL42114Q15,OL42114Q,1,5,0.19806724181281893,0.02173232022254183,0.02064093235109322,0.00968083622745539,0.7498786693860906
OL42213L32,OL42213L,3,2,0.08480372605226855,0.01013457920143098,0.007812242289312115,0.0045663103530890385,0.8926831421038992
OL42213L33,OL42213L,3,3,0.08480372605226855,0.01013457920143098,0.007812242289312115,0.0045663103530890385,0.8926831421038992
OL42267M22,OL42267M,2,2,0.6160303262005417,0.2655173256218977,0.10571319720416254,0.011084273792738655,0.001654877180659304
OL42278B14,OL42278B,1,4,0.9138236481683395,0.02780070749470775,0.0171381538765913,0.012335492707543983,0.02890199775281759
OL42278B15,OL42278B,1,5,0.8280694270323257,0.025191858377028076,0.014438142773660114,0.028446480973881243,0.10385409084310492
OL42304M22,OL42304M,2,2,0.7364303325646053,0.08080255807273616,0.18051728084869248,0.002249826012865027,2.501101032871599E-9
OL42309O12,OL42309O,1,2,0.273185344138369,0.03264736864432171,0.01748472668572285,0.012257588292901243,0.6644249722386852
OL45886P12,OL45886P,1,2,0.10425364222946941,0.01143891093025007,0.011983064693236784,0.005968485728788178,0.8663558964182556
OL46426L12,OL46426L,1,2,0.3380545971612681,0.03709200315493856,0.020591662420942028,0.016647096003613054,0.5876146412592382
OL46426L13,OL46426L,1,3,0.34037408319087714,0.03734650164083566,0.024555946204796487,0.018789505292641746,0.578933963670849
OL46435M12,OL46435M,1,2,0.03929451960840563,0.20692717557743312,0.612231735110348,9.934723258791223E-4,0.14055309737793412
OL46435M13,OL46435M,1,3,0.04557943124344101,0.24002387777285644,0.6335362587721479,0.0010090284426428646,0.07985140376891167
RD37511G24,RD37511G,2,4,0.16055961742211453,0.004884608718937547,0.004245453980446985,0.007870521361054579,0.8224397985174463
RD37517L32,RD37517L,3,2,3.557094148935208E-4,0.001873186013819399,0.00922572480807546,2.0612921452806942E-5,0.9885247668417587
RD37517L33,RD37517L,3,3,3.557094148935208E-4,0.001873186013819399,0.00922572480807546,2.0612921452806942E-5,0.9885247668417587
RD37545E12,RD37545E,1,2,0.815211706417606,0.02480069567230383,0.15983772070421548,1.4987720583636304E-4,3.8597411958706735E-14
RD37549B12,RD37549B,1,2,0.5155003032468194,0.015682755827914348,0.4687531442954345,6.379662983030603E-5,1.3421290331353036E-15
RD37587P32,RD37587P,3,2,0.0041273572233357925,0.02173489792814001,0.05688593826716746,1.9715347646537696E-4,0.9170546531048913
RD37607G12,RD37607G,1,2,0.9384992199602658,0.028551397581385883,0.03154814853866073,0.0014012337916288478,1.2805888938252336E-10
RD37607G13,RD37607G,1,3,0.9263872645443154,0.028182922842980154,0.04447737629878327,9.524362738249015E-4,4.009626337032486E-11
RD37655M12,RD37655M,1,2,0.8787103133068984,0.09641379229020826,0.024783576033368365,9.23183695028067E-5,2.2181664741038015E-14
RD37660G22,RD37660G,2,2,0.7393176605210258,0.08111936127129701,0.1691876428709385,0.010181577562385922,1.9375777435282125E-4
RD37670B12,RD37670B,1,2,0.8843293945319857,0.02690342154707166,0.016392805724148772,0.018493119237626632,0.053881258959167226
RD37728G12,RD37728G,1,2,0.08076538791138228,0.0024570768435698454,0.004943274522547167,0.004408637040692879,0.9074256236818079
RD37728G13,RD37728G,1,3,0.08076538791138228,0.0024570768435698454,0.004943274522547167,0.004408637040692879,0.9074256236818079
RD40376O12,RD40376O,1,2,0.10188591354587251,0.13658479625851566,0.46745861442612957,0.0021186400819334923,0.2919520356875488
RD40379H22,RD40379H,2,2,0.7809570783008314,0.08568811859223815,0.12871489151475798,0.004639668458139565,2.4313403302370745E-7
RD40395M15,RD40395M,1,5,0.8804614069343766,0.09660592566422657,0.02242102503859741,5.116421634804241E-4,1.9931912540361324E-10
RD40395M16,RD40395M,1,6,0.29685031825604247,0.03257099011153214,0.006598698982165115,0.016427603657843046,0.6475523889924173
RD40395M17,RD40395M,1,7,0.2885500266352636,0.03166026608774977,0.028332061075617577,0.01536663310676085,0.6360910130946082
RD40405M12,RD40405M,1,2,0.0013413252466227352,0.001798135082175855,0.007081937421449208,6.833004457225925E-5,0.9897102722051799
RD40405M13,RD40405M,1,3,0.001521123921629983,0.0020391670809944084,0.007912694030736292,7.557340769668163E-5,0.9884514415589427
RD41681O12,RD41681O,1,2,0.2866752070977702,0.03145455726798042,0.02457646149232348,0.013142838017898666,0.6441509361240272
RD41681O13,RD41681O,1,3,0.2151285947895987,0.02360432481516195,0.02258910250205813,0.010798677144622381,0.7278793007485588
RD41808G22,RD41808G,2,2,0.8016495879113608,0.087958540702165,0.06786715436962931,0.025533600248684823,0.016991116768160196
RD41808G23,RD41808G,2,3,0.6533054931749953,0.07168194018797978,0.039343446890091345,0.023205675244359847,0.21246344450257368
RD41838G34,RD41838G,3,4,0.25074500058332866,0.007628264415075972,0.00861038289372847,0.013875862883709037,0.7191404892241579
RD41898P12,RD41898P,1,2,0.4723551093397716,0.2035913818549684,0.09980855861020928,0.018621379155153578,0.20562357103989712
RD41898P13,RD41898P,1,3,0.4776508250476576,0.2058739062895756,0.1160760283217604,0.017847631796839066,0.18255160854416735
RD41905G22,RD41905G,2,2,0.394221276074275,0.011993156892250213,0.011792391098279006,0.018079083312986865,0.5639140926222088
RD41905G23,RD41905G,2,3,0.43159029601746574,0.01313001212125077,0.013070575910039468,0.01902687687407648,0.5231822390771675
RD44613C22,RD44613C,2,2,0.782486718169756,0.08585595363225984,0.13162324660481764,3.408159316671325E-5,6.765379787858332E-19
RD44660O12,RD44660O,1,2,0.04286728365584407,0.05746642495042588,0.23753284602985644,0.0012407470582308062,0.6608926983056428
RD44660O13,RD44660O,1,3,0.03196029877622054,0.042844891357292164,0.265517212506423,0.0010247409997447138,0.6586528563603197
RD44694Q12,RD44694Q,1,2,0.8621970573072262,0.09460192595624459,0.03395276252952004,0.009207055619932078,4.11985870770144E-5
RD44694Q13,RD44694Q,1,3,0.839451559313183,0.09210624599673435,0.05966473076750022,0.008736934713846374,4.052920873599722E-5
RD46048J13,RD46048J,1,3,0.86945503466414,0.026450907838670865,0.020907126700818415,0.029151608708086717,0.054035322088284134
RD46048J14,RD46048J,1,4,0.899307417429542,0.027359088933507362,0.02212618489811959,0.023260048360253124,0.027947260378578163
RD46065G12,RD46065G,1,2,0.1670900912586543,0.019968317932061712,0.030156083237864662,0.007394839530407648,0.7753906680410118
RD46065G13,RD46065G,1,3,0.1689295916523629,0.020188149810906435,0.03227364759036615,0.006776780298806043,0.7718318306475584
RD46065G22,RD46065G,2,2,0.03200107550074545,0.0038243300063653465,0.007424473382591725,0.001796370529266332,0.9549537505810312
RD46065G23,RD46065G,2,3,0.03200107550074545,0.0038243300063653465,0.007424473382591725,0.001796370529266332,0.9549537505810312
RD46148C22,RD46148C,2,2,0.8970639779379003,0.027290838122517494,0.018275117472060017,0.022877694654775124,0.03449237181274713
RD46148C23,RD46148C,2,3,0.8961007691286743,0.02726153499995629,0.016953528260255358,0.023015002547609256,0.036669165063504906
SA36391M12,SA36391M,1,2,0.8544324584594105,0.09374997917788849,0.05180922351255642,8.338850144671466E-6,1.3280006991945456E-19
SA36392L22,SA36392L,2,2,0.49023611228730607,0.014914158534154561,0.030687382627258196,0.018919975479884065,0.4452423710713972
SA36392L23,SA36392L,2,3,0.4786975211116784,0.01456312691134899,0.02293862608426464,0.018693384013285966,0.465107341879422
SA36392L24,SA36392L,2,4,0.40082352598271936,0.012194013172211362,0.013085143337043205,0.016049789072057865,0.5578475284359682
SA36392L25,SA36392L,2,5,0.5674862030190404,0.01726429160488131,0.03012578510954359,0.019379146626039685,0.36574457364049506
SA36482G12,SA36482G,1,2,0.948384728240558,0.028852138457032685,0.011439896804280706,0.010962957706108289,3.602787920205205E-4
SA36484Q12,SA36484Q,1,2,0.11896302535862716,0.013052852849737239,0.01180257963862665,0.006108060691897816,0.8500734814611111
SA36484Q13,SA36484Q,1,3,0.11896302535862716,0.013052852849737239,0.01180257963862665,0.006108060691897816,0.8500734814611111
SA36576M22,SA36576M,2,2,0.8980838485983162,0.027321865034514687,0.018993814834238662,0.02688836016759419,0.028712111365336298
SA36576M23,SA36576M,2,3,0.8936130422441856,0.027185852380469444,0.01780894198889481,0.02706654812672172,0.034325615259728375
SA37103E12,SA37103E,1,2,0.7751342415162609,0.08504922569683716,0.09356064845155106,0.016300461970844688,0.029955422364506327
SA37103E22,SA37103E,2,2,0.7875251634989517,0.08640878158258457,0.09505626383469475,0.016561033290939466,0.01444875779282939
SA37288O13,SA37288O,1,3,0.6427649609065509,0.07052541263462318,0.06919698445496388,0.018967376267464014,0.198545265736398
SA37288O14,SA37288O,1,4,0.705300558182313,0.07738693911858929,0.0674317771245882,0.018721155163916266,0.13115957041059323
SA37300Q12,SA37300Q,1,2,0.8457731496688553,0.09279986309700693,0.05206065125901778,0.009283596377909055,8.273959721114948E-5
SA40567L22,SA40567L,2,2,0.9602786022671864,0.02921397863643269,0.00700983728606398,0.003497452181082736,1.296292341505471E-7
SA40567L23,SA40567L,2,3,0.956816864571855,0.029108664271583193,0.007915067655368221,0.006157496942994679,1.9065581989932908E-6
SA40569Q12,SA40569Q,1,2,0.004140564396029245,0.005550700040318078,0.016069561138041515,1.848213760906412E-4,0.9740543530495205
SA40569Q13,SA40569Q,1,3,0.004994242160940271,0.0066951114661262185,0.015679346302928773,2.1640239555310406E-4,0.9724148976744516
SA40595B12,SA40595B,1,2,0.8599680495984228,0.09435735492641216,0.04136365814383868,0.004307758579398052,3.178751928337835E-6
SA40595B13,SA40595B,1,3,0.8810855423118392,0.09667440700299365,0.01727588728052061,0.004955466724439665,8.69668020694363E-6
SA40758L22,SA40758L,2,2,0.0019050644181819508,0.0025538646743308376,0.007991710408840957,9.020293150311992E-5,0.9874591575671432
SA40758L23,SA40758L,2,3,0.001857916050159557,0.002490659173038838,0.007116308136497436,8.831231658902216E-5,0.9884468043237152
SA40761J13,SA40761J,1,3,0.8486063000662301,0.02581663931940784,0.02040540280040948,0.028954040277987973,0.07621761753596469
SA40761J14,SA40761J,1,4,0.8512525673550262,0.025897145118306868,0.01936171491807572,0.028980186315557058,0.07450838629303416
SA40772E12,SA40772E,1,2,0.7747390024418658,0.08500585930242181,0.07978488192921425,0.020608088229760832,0.03986216809673725
SA40772E13,SA40772E,1,3,0.8444755571557092,0.09265748874092479,0.0,0.02149633394483696,0.04137062015852914
SA40778O12,SA40778O,1,2,0.07197062068108548,0.0021895189271779925,0.0018871493935814366,0.0038153947429309504,0.9201373162552242
SA40778O13,SA40778O,1,3,0.07040818531498408,0.002141985895307525,0.0010527256485997824,0.0039040078636226544,0.922493095277486
SA41477Q12,SA41477Q,1,2,0.7520544718564252,0.08251686880470623,0.16453771761718788,8.90941720130781E-4,1.5499761375144139E-12
SA41479K24,SA41479K,2,4,0.001361279606563638,0.0018248852195809652,0.005820143147404184,6.948966396283557E-5,0.9909242023624885
SA41486J12,SA41486J,1,2,0.7146229510236657,0.021740544436812382,0.031960039162242534,0.023276842519912022,0.2083996228573675
SA44807C22,SA44807C,2,2,0.7507583473559927,0.02283986987630387,0.06642619099232391,0.020813267452683474,0.1391623243226961
SA44810L12,SA44810L,1,2,0.37472567856361627,0.04111562501511408,0.03587377523384395,0.009541539915192123,0.5387433812722336
SA44810L13,SA44810L,1,3,0.3868929732673251,0.04245064408400649,0.025495921630789502,0.008732672635234931,0.536427788382644
SA44844Q22,SA44844Q,2,2,0.5940321946685062,0.018071884350465202,0.01523738581877232,0.01886274904976557,0.3537957861124908
SA44849L22,SA44849L,2,2,0.43417155227929416,0.04763814106407682,0.023487976607929128,0.0207349828198613,0.4739673472288385
SA44879B12,SA44879B,1,2,0.04767154511221377,0.001450282758759686,0.0025731373767952765,0.0027724968092499754,0.9455325379429812
SA44879B13,SA44879B,1,3,0.040167016932183545,0.0012219770093549838,0.00242097745921585,0.0024882728634617545,0.9537017557357839
SA44918H22,SA44918H,2,2,0.8429830767993028,0.09249373091436845,0.05356738475032537,0.010528776038231496,4.2703149777193687E-4
SA44969K32,SA44969K,3,2,0.09247128524383505,0.1239638652217194,0.7755319075883935,0.0016146340193573438,0.006418307926694782
SA45043C12,SA45043C,1,2,0.924781014881106,0.02813405687508815,0.026750372183269762,0.013656372448843069,0.006678183611693182
SA45043C13,SA45043C,1,3,0.9172940913273343,0.027906286700644926,0.03611699010645608,0.013386421440637836,0.0052962104249270415
SA45657Q12,SA45657Q,1,2,0.10958441320331914,0.14690514350391953,0.6954336172527004,0.0023801674852798934,0.04569665855478105
SA45657Q13,SA45657Q,1,3,0.11582157270381999,0.1552664677533627,0.6693705478831369,0.0020402548397471932,0.05750115681993318
SK38121L12,SK38121L,1,2,0.15055537708006422,0.016519226682732206,0.01587091670498506,0.008178449888734491,0.808876029643484
SK38121L13,SK38121L,1,3,0.15055537708006422,0.016519226682732206,0.01587091670498506,0.008178449888734491,0.808876029643484
SK38123O12,SK38123O,1,2,0.0550478977607521,0.0016746891010237133,0.0035961411948807927,0.0029335665523447527,0.9367477053909986
SK38123O13,SK38123O,1,3,0.0558201489490801,0.0016981828346802894,0.0033259963629313056,0.0029709089353294176,0.9361847629179788
SK38303J12,SK38303J,1,2,0.6374997942575,0.2747709540530938,0.08095302294210208,0.006764172052160935,1.2056695143158977E-5
SK38303J13,SK38303J,1,3,0.5261541906298224,0.22677950681815282,0.2423921069001186,0.0046729542852740075,1.241366632094778E-6
SK38317C12,SK38317C,1,2,0.8959464787789844,0.09830497764736128,0.004648298926074149,0.0011002446090877154,3.8492453785039097E-11
SK38317C13,SK38317C,1,3,0.8944872647324504,0.09814486986455848,0.00618965381345534,0.0011782115339460596,5.558963337789274E-11
SK38370O13,SK38370O,1,3,0.07219765380682379,0.09678572328949155,0.4084143063736662,0.0020111889298643974,0.42059112760015405
SK38370O14,SK38370O,1,4,0.13658080713582074,0.18309559257247712,0.4987931127730756,0.003416076688349163,0.17811441083027743
SK38385H22,SK38385H,2,2,0.8304130839540415,0.025263158042646436,0.14399863099771407,3.2512700550994285E-4,8.811427276330534E-14
SK38389C16,SK38389C,1,6,0.37748639874659434,0.041418536564304095,0.030536294828695902,0.018172918480012314,0.5323858513803933
SK38389C19,SK38389C,1,9,0.811265434450043,0.08901360995176333,0.08901629732684795,0.010640938004889687,6.37202664560502E-5
SK38389C110,SK38389C,1,10,0.15960956424572773,0.0175126695814069,0.01663993905923409,0.008594278100682582,0.7976435490129486
SK38398C22,SK38398C,2,2,5.844749508113571E-4,7.835272737563751E-4,0.003589191794932128,2.9123781707918823E-5,0.9950136821987922
SK38540B12,SK38540B,1,2,0.09534224634770316,0.010461135366962297,0.011269465947059047,0.005524965471289727,0.8774021868669857
SK38540B13,SK38540B,1,3,0.09534224634770316,0.010461135366962297,0.011269465947059047,0.005524965471289727,0.8774021868669857
SK38584J12,SK38584J,1,2,0.9473912026221534,0.028821913024411047,0.023604212110124062,1.8267224330966732E-4,1.959713233347198E-15
SK38622H22,SK38622H,2,2,0.8933349331565974,0.09801843381900259,0.005791483400758963,0.0028550428734029163,1.0675023808855263E-7
SK38622H23,SK38622H,2,3,0.8555958746933684,0.09387763145353517,0.0473203819703847,0.0032059411938153925,1.7068889630143978E-7
SK42508G22,SK42508G,2,2,0.0537067292878522,0.0016338875388284821,0.0015015645967361429,0.0030746920725214393,0.9400831265040617
SK42508G23,SK42508G,2,3,0.0537067292878522,0.0016338875388284821,0.0015015645967361429,0.0030746920725214393,0.9400831265040617
SK42525B12,SK42525B,1,2,0.9315461517262493,0.028339868566403525,0.039863365948998475,2.5061375831648654E-4,3.224083412007035E-14
SK42525B22,SK42525B,2,2,0.9437504590979893,0.028711152872841986,0.016589880626121024,0.010933124348579161,1.538305446862566E-5
SK42538C42,SK42538C,4,2,0.18814606706578335,0.022484639612894933,0.016804006391211455,0.01032886314944514,0.762236423780665
SK42538C43,SK42538C,4,3,0.17149236818186656,0.02049441774184399,0.014875215381998918,0.009536482230167873,0.7836015164641227
SK42605B12,SK42605B,1,2,0.9332536112991313,0.028391813582534235,0.019827939028196385,0.01767948812485381,8.47147965284349E-4
SK42605B13,SK42605B,1,3,0.06242230137940497,0.0018990361491232131,0.002779731848117527,0.0043314495136673944,0.928567481109687
SK42605B14,SK42605B,1,4,0.11135747439140353,0.00338776149983648,0.003423271205378752,0.0051708080427151125,0.8766606848606661
SK42617C22,SK42617C,2,2,0.8045792665957271,0.08827999070437169,0.07948892252654872,0.021060145144059086,0.006591675029293505
SK42621J12,SK42621J,1,2,0.6974873148621361,0.021219237279115954,0.023195446427932805,0.026637148411813378,0.23146085301900185
SK42621J22,SK42621J,2,2,0.9074453745495369,0.02760666511076096,0.0641918456201663,7.561147083499082E-4,1.1185871516485471E-11
SK42650H12,SK42650H,1,2,0.8939989203278574,0.027197591717434834,0.075086287306266,0.0037171812228723863,1.942556952149743E-8
SK42650H22,SK42650H,2,2,0.9332782970343085,0.028392564581815476,0.032203965508646036,0.0061210318219951714,4.141053235038741E-6
SK42650H23,SK42650H,2,3,0.9337623172905378,0.028407289639097482,0.03208668512409486,0.005740984644063505,2.723302206383341E-6
SK42662Q12,SK42662Q,1,2,0.004016633043626535,0.005384561877260377,0.02133427623791284,1.7867400334461357E-4,0.9690858548378556
SK42782B22,SK42782B,2,2,0.6863870395547899,0.07531171133439676,0.2291185638960009,0.009028142116560289,1.5454309825217562E-4
SK42786C22,SK42786C,2,2,0.9654669185806409,0.029371819664632693,0.004444098625786413,7.171630002646924E-4,1.2867531384481656E-10
SK42797H22,SK42797H,2,2,0.12640659275782246,0.1694563862332839,0.6788530838861404,0.002489731376410628,0.022794205746342697
SK42797H23,SK42797H,2,3,0.13129066922090232,0.17600381330543186,0.6730233751234906,0.0023201466270198383,0.017361995723155287
SK42832B12,SK42832B,1,2,0.8792298916638341,0.10507350782960494,0.01567042096832185,2.617953823896506E-5,3.588339090642335E-19
SK42832B32,SK42832B,3,2,0.9152248569552739,0.027843335627283066,0.054733165567172025,0.002198632010642477,9.839628751755285E-9
SK42832B33,SK42832B,3,3,0.9089539043425745,0.02765255820578795,0.0606767372019548,0.0027167888013810383,1.1448301796811154E-8
SK42847H12,SK42847H,1,2,0.8452692850665398,0.025715119318149605,0.022009214615295696,0.021222957500068286,0.08578342349994689
SK46743C12,SK46743C,1,2,0.1244793435060663,0.013658113928411021,0.013663472264199866,0.006952121991719368,0.8412469483096034
SK46743C13,SK46743C,1,3,0.1244793435060663,0.013658113928411021,0.013663472264199866,0.006952121991719368,0.8412469483096034
SK46754J14,SK46754J,1,4,0.1320782227247818,0.014491877629071864,0.012640484652165145,0.007743474164564365,0.8330459408294169
SK46787C12,SK46787C,1,2,0.9229388803120304,0.028078014722509367,0.005254025583168103,0.022015639852247654,0.021713439530044534
SK46787C13,SK46787C,1,3,0.9338495833801438,0.02840994448288074,0.00395827947443364,0.020239722517679026,0.013542470144862814
SK46841O22,SK46841O,2,2,0.22691623642491301,0.09780393865888251,0.08840898995566196,0.01327081277002029,0.5736000221905223
SK46841O23,SK46841O,2,3,0.26369982982885454,0.11365816032945399,0.07393918586102365,0.014322190300138172,0.5343806336805297
SK46936G22,SK46936G,2,2,0.5382918524270742,0.05906242144365182,0.4026010281554749,4.469797379918259E-5,8.21525602701967E-19
SK46975A12,SK46975A,1,2,0.8822404272639981,0.02683987015167962,0.050557327187841505,0.020858654443855755,0.01950372095262508
SK46981B12,SK46981B,1,2,0.45989352164846486,0.05046040521017678,0.054198894676784744,0.015854241642921103,0.41959293682165244
SK46983B12,SK46983B,1,2,0.6751410162734689,0.02053940927083652,0.014416859827014902,0.02646067311622858,0.2634420415124513
SK47045C12,SK47045C,1,2,0.945885574986187,0.028776108219963986,0.016124824034600423,0.009129264693987768,8.422806526096525E-5
SK47045C13,SK47045C,1,3,0.9588400572752537,0.02917021464693772,0.002341881958390169,0.009529222309927898,1.1862380949044111E-4
SK47063C12,SK47063C,1,2,0.9524935504604912,0.028977138685373327,0.011457510279190987,0.007070864023551492,9.365513929517161E-7
SK47063C13,SK47063C,1,3,0.9547826509285324,0.029046778612798693,0.010307164935587575,0.00586262127274292,7.842503385223086E-7
TA36775L12,TA36775L,1,2,0.8385341052442671,0.09200558116476781,0.06755204139473295,0.0019082686382026885,3.558029334685996E-9
TA36775L22,TA36775L,2,2,0.8203275962493465,0.0900079278426393,0.08936711569051708,2.973602174666467E-4,3.054917503290114E-14
TA36778H12,TA36778H,1,2,0.9619432125535964,0.0292646200744803,0.008778155292021233,1.4012079902254474E-5,3.297098953221343E-20
TA36799H12,TA36799H,1,2,0.8512755704316137,0.09340359932779892,0.05190848937304909,0.0034123053626557123,3.550488260040758E-8
TA36799H15,TA36799H,1,5,0.8449134218714285,0.09270553210301269,0.05958386276092404,0.0027971719632338015,1.1301401118787492E-8
TA36801H12,TA36801H,1,2,0.612062136698547,0.01862039843797913,0.022574461548405245,0.020465532282818846,0.32627747103224974
TA36801H13,TA36801H,1,3,0.6233160088645184,0.018962768225515382,0.03540666554521402,0.019457708822429285,0.302856848542323
TA36801H42,TA36801H,4,2,0.2151011070972552,0.02570593661001415,0.053734568066870624,0.010251843696277336,0.6952065445295827
TA36801H43,TA36801H,4,3,0.23012602007027577,0.027501508309609433,0.05724375492211852,0.010934742092900221,0.6741939746050961
TA36803L12,TA36803L,1,2,0.8519690705477455,0.09347969149963004,0.052707239784609526,0.0018439392002518639,5.8967763181297353E-8
TA36803L13,TA36803L,1,3,0.1774629199988702,0.019471574247938897,0.019494728017176954,0.009521423407702154,0.7740493543283118
TA36803L14,TA36803L,1,4,0.19062587651606447,0.020915839253544403,0.01615881258667227,0.009885212566890046,0.7624142590768288
TA36803L15,TA36803L,1,5,0.8478945474821377,0.09303262696131731,0.057185843017118994,0.0018869468640323043,3.567539376363139E-8
TA36805H12,TA36805H,1,2,0.9371630322688733,0.028510747546512196,0.0322255893015517,0.0021006306802295004,2.02833388680122E-10
TA36805H13,TA36805H,1,3,0.9367084179727222,0.028496917089075972,0.033110081763377645,0.0016845830970941681,7.772994058698529E-11
TA36809C12,TA36809C,1,2,0.6580872803700828,0.07220660711224532,0.26949068609060006,2.1542642697895817E-4,9.287750466378081E-14
TA36812L32,TA36812L,3,2,0.5341491168115237,0.23022542713737218,0.21192613645554734,0.015584368459402408,0.008114951136154392
TA37067H42,TA37067H,4,2,0.7455281778031597,0.08909531121530866,0.15526287950118642,0.009964704457664082,1.4892702268101237E-4
TA37937P22,TA37937P,2,2,0.6101293282393664,0.06694456800177487,0.10361175252073496,0.021072674566645997,0.1982416766714778
TA37937P23,TA37937P,2,3,0.7266728582809042,0.07973194915348335,0.0627245129074044,0.021153560574620752,0.10971711908358724
TA37959E12,TA37959E,1,2,0.1826730242002528,0.0200432369411785,0.02750303021977797,0.01009413489169682,0.7596865737470938
TA37959E13,TA37959E,1,3,0.13514855876912377,0.014828760828412372,0.020452517374357226,0.008972244480374024,0.8205979185477326
TA37960L15,TA37960L,1,5,0.8769477973668064,0.09622040563799435,0.026235430912634913,5.963659715419443E-4,1.1102244372284181E-10
TA37960L16,TA37960L,1,6,0.50959216518737,0.05591343634307937,0.04484869399707583,0.02096661961058821,0.36867908486188666
TA37960L17,TA37960L,1,7,0.4604459908621793,0.05052102319907614,0.04619913979753854,0.019767943049067795,0.4230659030921383
TA37960L18,TA37960L,1,8,0.6910768066975891,0.07582628164084242,0.0565629468761484,0.023174464091071132,0.15335950069434906
TA37960L19,TA37960L,1,9,0.6509417273998426,0.07142258324290124,0.05179461844963472,0.022595220906199934,0.2032458500014215
TA37960L110,TA37960L,1,10,0.8813647536815625,0.09670504261361287,0.021670201053865707,2.60002649641904E-4,1.3170266147399164E-12
TA37960L111,TA37960L,1,11,0.8750356395454592,0.0960105999896236,0.028654875231029792,2.988852317043866E-4,2.1831622018570526E-12
TA37960L22,TA37960L,2,2,0.8504433049079044,0.09331228154750418,0.05169729429146019,0.004544575976543929,2.543276587253615E-6
TA37961L13,TA37961L,1,3,0.6319372135845421,0.06933737129100188,0.2982256386868998,4.997764366376349E-4,9.187137293129742E-13
TA37961L14,TA37961L,1,4,0.09356571808867357,0.01026621125605803,0.008441402122077713,0.004586346476420114,0.8831403220567705
TA37961L15,TA37961L,1,5,0.09261196392665293,0.010161563507783713,0.008517614968042831,0.005033008410672627,0.8836758491868478
TA37961L16,TA37961L,1,6,0.8415862996652805,0.09234047383016675,0.06523525176715302,8.379747238657339E-4,1.3534065964974039E-11
TA37961L23,TA37961L,2,3,0.631937213584847,0.06933737129103534,0.29822563868704366,4.99776436637876E-4,4.3616192690736215E-13
TA37961L24,TA37961L,2,4,0.8415862996712632,0.09234047383082317,0.06523525176761676,8.379747238716908E-4,6.425335881970426E-12
TA37969O12,TA37969O,1,2,0.8211920193227993,0.09010277401138535,0.08115053169422326,0.007537648271878667,1.7026699713398095E-5
TA37969O13,TA37969O,1,3,0.8057724567635829,0.08841090983353661,0.09807142911190528,0.007728630144754572,1.6574146220840202E-5
TA37970O12,TA37970O,1,2,0.7718947302065037,0.08469378026071238,0.12758725946810456,0.01372123660161582,0.00210299346306351
TA38142M13,TA38142M,1,3,0.8083941286725985,0.08869856473761717,0.09274384500086855,0.010083653463666856,7.980812524907341E-5
TA38142M14,TA38142M,1,4,0.8099093904266975,0.08886482218311728,0.09090580404886613,0.010183764270165154,1.3621907115401799E-4
TA38162H43,TA38162H,4,3,0.9377436043493772,0.028528409941901093,0.02129558666792293,0.012188259801336181,2.4413923946249968E-4
TA38164J14,TA38164J,1,4,0.9624727109543675,0.02928072868601411,0.006550270654161341,0.001696198408952804,9.129650434999726E-8
TA38164J22,TA38164J,2,2,0.9549609946421035,0.02905220425638367,0.011656409223291458,0.004326592915152019,3.7989630695260974E-6
TA38169M22,TA38169M,2,2,0.7979359360035823,0.09535836828811063,0.09968324549298196,0.007022130903184874,3.1931214028034657E-7
TA38210Q12,TA38210Q,1,2,0.07161344022354647,0.007857564940732389,0.004205438942384935,0.004139733791076139,0.91218382210226
TA38210Q13,TA38210Q,1,3,0.08208520572902109,0.009006547272073218,0.005323373549323337,0.004475331254470304,0.8991095421951121
TA38228J12,TA38228J,1,2,0.8070932181679136,0.08855582632509665,0.10324947943893416,0.0011014759539741997,1.1408142844551563E-10
TA38235H12,TA38235H,1,2,0.8096214751985621,0.024630627428545944,0.021181080377306694,0.030231219974687824,0.1143355970208977
TA38240O12,TA38240O,1,2,0.6579377406041983,0.07219019932038402,0.2694189283606493,4.531317145776812E-4,1.9083791465048953E-13
TA38240O13,TA38240O,1,3,0.6057081301897588,0.06645946561481807,0.327472535505547,3.598686898331948E-4,4.294913691621428E-14
TA38258M24,TA38258M,2,4,0.9385172550119645,0.028551946250921775,0.020983044782965903,0.01153776695009669,4.0998700405118956E-4
TA38286J12,TA38286J,1,2,0.9167135089204231,0.027888623991101938,0.011226910773989325,0.016853608504601846,0.027317347809884006
TA38286J13,TA38286J,1,3,0.9452803624839233,0.028757696203836697,0.019220634642179175,0.00666452855578821,7.677811427265016E-5
TA40952H12,TA40952H,1,2,0.913343475337645,0.027786099485339853,0.03872534527856907,0.017754644944207896,0.0023904349542380235
TA40952H15,TA40952H,1,5,0.9180098082216671,0.027928060525461387,0.0449214145456855,0.009027198189277729,1.1351851790816173E-4
TA40952H16,TA40952H,1,6,0.902078331406553,0.027443386783669456,0.06337586382499036,0.007010543748589566,9.18742361978152E-5
TA40974L12,TA40974L,1,2,0.8380722539039224,0.0919549059439099,0.033106128735205353,0.02178801108327263,0.01507870033368991
TA40974L13,TA40974L,1,3,0.14583502371090576,0.01600130039647104,0.011087888703956853,0.00850264125783186,0.8185731459308344
TA41010Q12,TA41010Q,1,2,0.10698889248427775,0.003254858758689313,0.0020300241280854898,0.0062219745885868614,0.8815042500403607
TA41010Q13,TA41010Q,1,3,0.09938478905459257,0.003023523691324941,0.0019315012811540445,0.0058732125978256736,0.8897869733751027
TA41270L22,TA41270L,2,2,0.9068288316156293,0.02758790839572317,0.06055604004907079,0.005025564920111637,1.6550194650285472E-6
TA41270L23,TA41270L,2,3,0.8954226387520184,0.027240904647171604,0.07220787214697397,0.005127341863326719,1.2425905093827972E-6
TA42131P32,TA42131P,3,2,0.046942948443765724,0.0202330398317724,0.020156615969843285,0.0027202859090028923,0.9099471098456158
TA42131P33,TA42131P,3,3,0.046942948443765724,0.0202330398317724,0.020156615969843285,0.0027202859090028923,0.9099471098456158
TA42203M12,TA42203M,1,2,6.645177067074516E-4,8.908298745336244E-4,0.0020359981835804315,3.60624734079476E-5,0.9963725917617706
TA42348O12,TA42348O,1,2,0.18160968469026614,0.243459776908465,0.5740790778945397,8.223489575079752E-4,2.9111549221172247E-5
TA42348O22,TA42348O,2,2,0.0019708475931321167,0.0026420513650627334,0.008452025703799349,8.883561462582941E-5,0.98684623972338
TA42357J22,TA42357J,2,2,0.8002031565564767,0.08779983546097235,0.10738764810929227,0.00460772381912842,1.636054130186532E-6
TA42357J32,TA42357J,3,2,0.7296277644509491,0.08005616716413075,0.18916840740222277,0.001147659994760404,9.879371195409104E-10
TA42362P22,TA42362P,2,2,0.11685360961563215,0.012821403681315131,0.0068450965969396515,0.006770984202615929,0.856708905903497
TA42362P23,TA42362P,2,3,0.1208170652434045,0.013256281685886854,0.010231006895644202,0.006982395015342424,0.8487132511597221
TA42382J22,TA42382J,2,2,0.7615863484747339,0.08356272471250244,0.15476178362386692,8.914318889389643E-5,2.9182613606816066E-15
TA42445L32,TA42445L,3,2,0.8977492517482362,0.027311685795690682,0.07470041306852686,2.38649387544374E-4,1.8930752456226937E-15
TA42455P12,TA42455P,1,2,0.45528465474094143,0.049954711433756994,0.06140636442812761,0.02029603715129312,0.41305823224588084
TA42479M12,TA42479M,1,2,0.8701909742934448,0.09547903396353989,0.03395065664925674,3.79335086503349E-4,7.255308012226113E-12
TA42479M13,TA42479M,1,3,0.8405493315645601,0.09222669568785934,0.0665970945026231,6.268782387740225E-4,6.1835119097942915E-12
TA42480O22,TA42480O,2,2,0.7898988277280211,0.08666922460513989,0.11267793020132705,0.0102524521285334,5.015653369785163E-4
TA45264O22,TA45264O,2,2,0.92595362660533,0.02816973053664787,0.0370792816952959,0.008750315547019858,4.704561570649609E-5
TA45290C12,TA45290C,1,2,0.09958902240166048,0.010927099835762467,0.030838514086475446,0.005307134865772998,0.8533382288103285
TA45290C13,TA45290C,1,3,0.10067738384423269,0.011046516954773985,0.03150724733205041,0.005487454371095375,0.8512813974978475
TA45295M22,TA45295M,2,2,0.9622856991550198,0.029275039338466435,0.005811580782076283,0.002627090600113778,5.901243237178693E-7
TA46329L32,TA46329L,3,2,0.7641129165609627,0.09131630450943314,0.0523988138546393,0.026304530439188522,0.06586743463577639
TA46329L33,TA46329L,3,3,0.7814022135204778,0.09338248435234792,0.06622208320562095,0.022097511217045018,0.03689570770450828
TA46369P22,TA46369P,2,2,0.11056610817437895,0.14822117044958605,0.7334847158008946,0.0019336473106304022,0.005794358264510037
TA46373P22,TA46373P,2,2,0.002029427306801557,0.002720581340188493,0.006531741465820093,9.459275161731707E-5,0.9886236571355725
TA46373P23,TA46373P,2,3,0.001479543646307668,0.001983425975716747,0.004656231275130501,7.295456643846755E-5,0.9918078445364066
TA46380O22,TA46380O,2,2,0.29321976847155673,0.03217263917889842,0.02158623825852226,0.012363858087384706,0.640657496003638
TA46408H12,TA46408H,1,2,0.8327136042227476,0.025333145387802316,0.009094934415733806,0.024570098026431408,0.10828821794728502
TA46641L12,TA46641L,1,2,0.8558466172519825,0.09390514341122874,0.04448808471936373,0.005753835124492318,6.319492932857548E-6
TA46665B22,TA46665B,2,2,0.27264224255300645,0.029914833301679163,0.050120596939007736,0.010066031179000135,0.6372562960273064
TA46665B23,TA46665B,2,3,0.30860286316262325,0.03386050203183741,0.07513971689127193,0.010282310589763994,0.5721146073245034
TA46666H12,TA46666H,1,2,0.8223822700005371,0.025018841417536884,0.03533544706488522,0.02167326554760053,0.0955901759694404
TA46666H13,TA46666H,1,3,0.8389078003516385,0.025521587692933407,0.020947136374637618,0.022801508171619432,0.09182196740917095
TD35813E12,TD35813E,1,2,0.05649652651028019,0.0061989079786502555,0.006393792685164396,0.0032098234722221894,0.927700949353683
TD35813E13,TD35813E,1,3,0.05286141862876209,0.0058000569228088515,0.006087544416625732,0.0030289935497195323,0.9322219864820838
TD35816P22,TD35816P,2,2,0.10425364222946941,0.01143891093025007,0.011983064693236784,0.005968485728788178,0.8663558964182556
TD35816P23,TD35816P,2,3,0.10425364222946941,0.01143891093025007,0.011983064693236784,0.005968485728788178,0.8663558964182556
TD35842L22,TD35842L,2,2,0.11590270056416524,0.012717068104064436,0.010371152043962998,0.005616535254289425,0.8553925440335178
TD35842L23,TD35842L,2,3,0.11678318857243293,0.012813676948478328,0.007743893161433441,0.0049622500312292575,0.857696991286426
TD36623C12,TD36623C,1,2,0.9509620123175614,0.02893054562114925,0.020106351888494224,1.0901727953245058E-6,1.1931895835263772E-25
TD36623C13,TD36623C,1,3,0.9639256712508638,0.02932493122365395,0.006748478713823696,9.188116585333854E-7,6.71817223407898E-25
TD36629E12,TD36629E,1,2,0.5190308749533938,0.05694906980394572,0.042975043647958566,0.018326106264175482,0.3627189053305265
TD36656P12,TD36656P,1,2,0.5493451109300325,0.23677510423427378,0.19650917808104715,0.013710164258224165,0.0036604424964224377
TD36656P13,TD36656P,1,3,0.5292858308863808,0.22812928573384303,0.2237394062132656,0.015041424367334138,0.0038040527991762938
TD36671C22,TD36671C,2,2,0.9129104842578489,0.0277729268580158,0.053569156034563595,0.005744531154627779,2.901694944025633E-6
TD36677H12,TD36677H,1,2,0.8894654452508107,0.09759386613433074,0.00985710898867811,0.0030835523408091906,2.7285371267413958E-8
TD36677H13,TD36677H,1,3,0.8874733240171442,0.09737528674595777,0.01194363688701957,0.0032077272068000264,2.5143078488014417E-8
TD37009B22,TD37009B,2,2,0.9625574179710418,0.029283305676659994,0.008073386155430986,8.589019686285289E-5,4.524223398687724E-15
TD37009B23,TD37009B,2,3,0.9572517973006164,0.029121895968526462,0.01352699259404737,9.931413679483766E-5,1.519407383765571E-14
TD37018G12,TD37018G,1,2,0.24532128728402497,0.007463262045886544,0.005388435612212313,0.010466415971964517,0.7313605990859116
TD37018G13,TD37018G,1,3,0.25219479778338216,0.007672370723734235,0.005941963804921556,0.010431502193671244,0.7237593654942908
TD37026C12,TD37026C,1,2,0.8528878985818376,0.0259468958171257,0.12040901330727999,7.561922871584163E-4,6.5983909693017025E-12
TD37026C13,TD37026C,1,3,0.9432143713844753,0.028694843798607813,0.027186101597880742,9.046832075353142E-4,1.1500927183451565E-11
TD38699B12,TD38699B,1,2,0.055625375132603454,0.0016922573479516974,0.0036954895546547246,0.0031873700488565726,0.9357995079159335
TD38699B13,TD38699B,1,3,0.055625375132603454,0.0016922573479516974,0.0036954895546547246,0.0031873700488565726,0.9357995079159335
TD38740C12,TD38740C,1,2,0.21077090026755807,0.006412156391968511,0.004995821615913862,0.010890175640604639,0.7669309460839548
TD40047O12,TD40047O,1,2,0.0015238016320535382,0.0020427567286690706,0.010533372396375147,8.044816144453877E-5,0.9858196210814577
TD40047O13,TD40047O,1,3,0.0016183742271661074,0.0021695375385528,0.010712024212113674,9.024578098484667E-5,0.9854098182411826
TD40796P22,TD40796P,2,2,0.23875155547713156,0.026196281675707037,0.021979453415645687,0.010962337361347989,0.7021103720701677
TD40796P23,TD40796P,2,3,0.23875155547713156,0.026196281675707037,0.021979453415645687,0.010962337361347989,0.7021103720701677
TD40798M12,TD40798M,1,2,0.8029277439231686,0.09595492076374361,0.09431310015179963,0.006733349453994286,7.088570729383565E-5
TD40798M13,TD40798M,1,3,0.8251252037743733,0.09860765697481486,0.06952122909490122,0.006670199069213424,7.571108669708168E-5
TD40802P12,TD40802P,1,2,0.9041333795948031,0.027505906279289432,0.06704475045309956,0.0013159633440951357,3.287127752749543E-10
TD40802P13,TD40802P,1,3,0.8974829345884675,0.027303583788838043,0.07398117623699113,0.0012323050374526885,3.482507966198552E-10
TD40812H12,TD40812H,1,2,0.6757101338386658,0.020556723192392216,0.02494015770925872,0.03139064523761524,0.2474023400220681
TD40887B12,TD40887B,1,2,0.661121937912102,0.020112915277546953,0.012105100009398026,0.02427303605150556,0.2823870107494474
TD40905Q12,TD40905Q,1,2,0.7866358675449525,0.08631120631335763,0.08478091988935327,0.02266357755344645,0.019608428698890158
TD40905Q13,TD40905Q,1,3,0.7792020246128545,0.08549555071273535,0.09186840461049972,0.022780600963080058,0.020653419100830454
TD41246C22,TD41246C,2,2,0.6330584861268866,0.06946039947942895,0.08139006671559713,0.020259825156683627,0.1958312225214037
TD42941C22,TD42941C,2,2,0.07475846678970706,0.008202643328347813,0.02134644259829591,0.004048505939066292,0.8916439413445829
TD42941C23,TD42941C,2,3,0.06850890807730992,0.007516929679062263,0.01816830362403926,0.003811541912480044,0.9019943167071086
TD42984B12,TD42984B,1,2,0.06789222713916535,0.0020654444122160634,0.0042991197574225384,0.0037917539735257077,0.9219514547176704
TD42991D22,TD42991D,2,2,0.750274803340219,0.022825159307398913,0.22632506822000573,5.749691281028574E-4,4.2735152445417545E-12
TD45065H32,TD45065H,3,2,0.16484141117902992,0.01969958650448756,0.015097133935796713,0.00883285946472885,0.7915290089159571
TD45065H33,TD45065H,3,3,0.16484141117902992,0.01969958650448756,0.015097133935796713,0.00883285946472885,0.7915290089159571
TD45106C24,TD45106C,2,4,0.88756154009518,0.09738496598437753,0.011889222383083872,0.0031638582106401757,4.133267183602122E-7
TD45106C25,TD45106C,2,5,0.8904162984752253,0.09769819558612945,0.009248725620713324,0.002636384157163161,3.9616076867883735E-7
TD45116C12,TD45116C,1,2,0.6035323428951231,0.26013052733975994,0.1142454563601411,0.014053536571546447,0.0080381368334294
TD45130C24,TD45130C,2,4,0.7034324026167829,0.07718196148269131,0.08216973955882449,0.03076457218995837,0.10645132415174295
TD45184C12,TD45184C,1,2,0.08880602579383483,0.009743968626911126,0.009622333323329743,0.004977419877914393,0.8868502523780099
TD45184C13,TD45184C,1,3,0.0856734197499743,0.00940025304298542,0.009854126881824288,0.005099305489056781,0.8899728948361593
TD45202B22,TD45202B,2,2,0.9345879090468544,0.02843240612078779,0.012232289872315014,0.022328282181724477,0.0024191127783183626
TD45458E12,TD45458E,1,2,0.8769863430128922,0.02668002830504947,0.09630211596157622,3.151272048214878E-5,1.8253097375411107E-19
TD47147E12,TD47147E,1,2,0.0013359854513781708,0.007035375386217735,0.027331895419740525,4.485440690110325E-5,0.9642518893357626
TD47147E13,TD47147E,1,3,0.0012807765977351116,0.006744642422306336,0.028163924714367353,4.882676857919089E-5,0.9637618294970121
TD47147E22,TD47147E,2,2,2.2775598027346408E-4,0.001199375948313566,0.0038415123118813173,1.2970153170668975E-5,0.9947183856063609
TD47147E23,TD47147E,2,3,2.4320025872498092E-4,0.0012807063972070081,0.0066109475924196566,1.380410404874002E-5,0.9918513416475995
TD47157J22,TD47157J,2,2,0.7243399650465103,0.07947597960318906,0.19523703980515997,9.470154755182546E-4,6.962222923921345E-11
TD47160G12,TD47160G,1,2,0.9264849148594463,0.028185893599814014,0.045106567608572345,2.2262393214973636E-4,1.7844396865317386E-14
TD47160G13,TD47160G,1,3,0.9488996341817619,0.028867803130941488,0.022017568763058385,2.149939242069535E-4,3.148628649305199E-14
TD47175B12,TD47175B,1,2,0.6511148700914464,0.019808476269080312,0.007187237289357158,0.02218435126678366,0.2997050650833324
TD47175B13,TD47175B,1,3,0.909170186202724,0.02765913801879943,0.06116834639893346,0.0020023267985386363,2.5810043948400492E-9
TD47175B14,TD47175B,1,4,0.9276834747250452,0.028222356666079786,0.04218574628973162,0.0019084208266012832,1.4925422505362262E-9
TD47175B15,TD47175B,1,5,0.6676921409607532,0.020312796615157884,0.03214420575410137,0.022627955135998183,0.25722290153398936
TD47175B17,TD47175B,1,7,0.6436907982166674,0.019582618193483205,0.01485917398531512,0.022182834580153323,0.299684575024381
WG36505N21,WG36505N,2,1,0.017024365476396235,0.022822286311219787,0.07710202405122096,6.123727784909681E-4,0.8824389513826721
WG37151O22,WG37151O,2,2,1.8666884835692374E-4,9.830087743464258E-4,0.0047169617806526246,1.069624600084133E-5,0.9941026643506432
WG37151O23,WG37151O,2,3,1.8666884835692374E-4,9.830087743464258E-4,0.0047169617806526246,1.069624600084133E-5,0.9941026643506432
WG38893O12,WG38893O,1,2,0.8053986553084492,0.02450215911761617,0.01259321880418499,0.029403184455418074,0.12810278231433153
WG38893O22,WG38893O,2,2,0.9647895438309175,0.02935121229983193,0.005851940651800554,7.303217450168471E-6,7.543484088070752E-23
WG39002H12,WG39002H,1,2,0.3871094108260492,0.011776796891166848,0.009062202926672668,0.01789717908112822,0.5741544102749832
WG39002H13,WG39002H,1,3,0.37565460018884184,0.011428314073316195,0.012932950111834787,0.017336421451332493,0.5826477141746748
WG39006H32,WG39006H,3,2,0.061629550156632254,0.0018749187552425121,0.0016656491143902646,0.003466805976613837,0.9313630759971211
WG39006H33,WG39006H,3,3,0.061629550156632254,0.0018749187552425121,0.0016656491143902646,0.003466805976613837,0.9313630759971211
WG39012B22,WG39012B,2,2,0.06528410030062842,0.001986098937306768,0.004169454138347219,0.0036647028880946305,0.9248956437356229
WG39012B23,WG39012B,2,3,0.06528410030062842,0.001986098937306768,0.004169454138347219,0.0036647028880946305,0.9248956437356229
WG39020H22,WG39020H,2,2,0.6292981713412131,0.06904781048029984,0.08704336284506056,0.020920198229648027,0.19369045710377833
WG39020H23,WG39020H,2,3,0.633357179988721,0.06949317274670162,0.09237059914833562,0.020856786373528922,0.18392226174271287
WG39023H12,WG39023H,1,2,0.8290078201071359,0.09096033876508298,0.0767093389521155,0.003322452202282261,4.997338328209725E-8
WG39023H13,WG39023H,1,3,0.7377720804063875,0.0809497772367364,0.17707646838490704,0.004201623669719226,5.030224998283907E-8
WG39027L13,WG39027L,1,3,0.9041063258766117,0.027505083240284472,0.06324450311366898,0.00514345842227705,6.293471577601733E-7
WG39027L14,WG39027L,1,4,0.10539519729680731,0.003206374728065468,0.0029523157129997695,0.006039213117329138,0.8824068991447983
WG39027L15,WG39027L,1,5,0.10539519729680731,0.003206374728065468,0.0029523157129997695,0.006039213117329138,0.8824068991447983
WG39027L16,WG39027L,1,6,0.8718198008802147,0.026522849699661483,0.09670338235407111,0.004953561827011952,4.0523904087603033E-7
WG39113C12,WG39113C,1,2,0.8097289608906086,0.08884502510602361,0.09804988311492231,0.003375333623346776,7.972650986173336E-7
WG39113C13,WG39113C,1,3,0.8493955751776701,0.09319732261842675,0.05566774259210432,0.0017390654400596354,2.9417173922433234E-7
WG39155H22,WG39155H,2,2,0.9604942393778358,0.02922053883461774,0.009406395599462367,8.788259692308248E-4,2.1885323308480072E-10
WG39180Q22,WG39180Q,2,2,0.8291690861729181,0.09097803318921158,0.07825236193252835,0.0016005185964955441,1.088465785646571E-10
WG40703G22,WG40703G,2,2,0.8534494914495153,0.09364212613953789,0.05030313237632237,0.002605031449270609,2.185853537612119E-7
WG40703G23,WG40703G,2,3,0.8316442500009317,0.09124961294375013,0.07420471011983407,0.002901056443995572,3.7049148850768606E-7
WG43080P22,WG43080P,2,2,0.7088222648380366,0.021564073648123006,0.2695937132857695,1.994822807099738E-5,6.772230009715507E-20
WG43116L12,WG43116L,1,2,0.4431840805715262,0.0134827228590284,0.009144927708299272,0.021439121702428003,0.5127491471587182
WG43128P12,WG43128P,1,2,0.18546348318405287,0.020349411489017782,0.014771463658592766,0.009722156012349752,0.7696934856559867
WG43237C22,WG43237C,2,2,0.6648493627380903,0.07294855584666361,0.0748916125541308,0.024642212382846685,0.16266825647826877
WG43351O12,WG43351O,1,2,3.447901220285266E-4,4.6221393056472104E-4,0.0021242605197858673,1.7482332285109245E-5,0.9970512530953357
WG43351O13,WG43351O,1,3,3.402384339095344E-4,4.5611209202072107E-4,0.0020196490102632296,1.7444527196775785E-5,0.9971665559366097
WG43360L22,WG43360L,2,2,0.5433744372174265,0.05962009246088416,0.04234348721724708,0.02245126934058063,0.33221071376386163
WG43394P12,WG43394P,1,2,0.7941379864856913,0.08713435328948309,0.11335967343737795,0.005367335369339094,6.514181086789352E-7
WG43394P13,WG43394P,1,3,0.7737112611239749,0.08489309354054257,0.13599409964542053,0.005400804337782604,7.413522794773097E-7
WG43395Q12,WG43395Q,1,2,0.11734546727417663,0.15730934907196528,0.6317467133168324,0.002306834024397646,0.09129163631262803
WG44919B22,WG44919B,2,2,0.06528410030062842,0.001986098937306768,0.004169454138347219,0.0036647028880946305,0.9248956437356229
WG44919B23,WG44919B,2,3,0.06528410030062842,0.001986098937306768,0.004169454138347219,0.0036647028880946305,0.9248956437356229
WG44921B32,WG44921B,3,2,0.10609281902168291,0.003227598054419622,0.0029662059694059006,0.006073777977598857,0.8816395989768928
WG44921B33,WG44921B,3,3,0.10609281902168291,0.003227598054419622,0.0029662059694059006,0.006073777977598857,0.8816395989768928
WG45623L22,WG45623L,2,2,0.637244180354475,0.06991966193229615,0.03628578686412456,0.019021546479358723,0.23752882436974548
WG45623L23,WG45623L,2,3,0.841119115540156,0.09228921348586569,0.040225559846573875,0.014556677440698138,0.011809433686706368
WG47220G14,WG47220G,1,4,0.8159866444224043,0.08953163022618194,0.08727350463347266,0.007172904520747107,3.531619719380586E-5
WG47227F42,WG47227F,4,2,0.9414973840897505,0.028642608926323167,0.028596327740230704,0.0012636715957848553,7.647910736313836E-9
WG47260B22,WG47260B,2,2,0.28360437145755757,0.031117619252016306,0.6852777425591114,2.667313145785962E-7,3.459817469020261E-27
WG47260B23,WG47260B,2,3,0.7573044973318112,0.08309291173721405,0.13375785613819177,0.017746660879862423,0.008098073912920724
WG47316J14,WG47316J,1,4,0.19377122673991018,0.021260953153506,0.024923253385951995,0.010035298860536584,0.7500092678600953
WG47321Q22,WG47321Q,2,2,0.05152031121405318,0.02220594452408509,0.021512181207156554,0.0029495203778778034,0.9018120426768274
WG47321Q23,WG47321Q,2,3,0.05152031121405318,0.02220594452408509,0.021512181207156554,0.0029495203778778034,0.9018120426768274
WG47337H12,WG47337H,1,2,0.9295385198560829,0.028278791588923848,0.030815749866793366,0.011241383374627096,1.2555531357285075E-4
