Iteration,LL,asc_carD,b_carD_age_gr_under16,b_carD_age_gr_45_64,b_carD_age_gr_65up,b_carD_female,b_carD_hhcars_0,b_carD_hhcars_2,b_carD_hhcars_3,b_carD_hhcars_23,asc_carP,b_carP_age_gr_under16,b_carP_age_gr_45_64,b_carP_age_gr_65up,b_carP_female,b_carP_hhcars_0,b_carP_hhcars_2,b_carP_hhcars_3,b_carP_hhcars_23,asc_pt,b_pt_age_gr_under16,b_pt_age_gr_45_64,b_pt_age_gr_65up,b_pt_female,b_pt_hhcars_0,b_pt_hhcars_2,b_pt_hhcars_3,b_pt_hhcars_23,asc_bike,b_bike_age_gr_under16,b_bike_age_gr_45_64,b_bike_age_gr_65up,b_bike_female,b_bike_hhcars_0,b_bike_hhcars_2,b_bike_hhcars_3,b_bike_hhcars_23,asc_walk,b_walk_age_gr_under16,b_walk_age_gr_45_64,b_walk_age_gr_65up,b_walk_female,b_walk_hhcars_0,b_walk_hhcars_2,b_walk_hhcars_3,b_walk_hhcars_23,b_car_time,b_pt_time,b_bike_cost,b_walk_cost,g_bike_stressLink,g_walk_speed
0,33034.08551211685,0.0,0.0,0.0,0.0,0.0,0.0,0.0,0.0,0.0,0.0,0.0,0.0,0.0,0.0,0.0,0.0,0.0,0.0,0.0,0.0,0.0,0.0,0.0,0.0,0.0,0.0,0.0,0.0,0.0,0.0,0.0,0.0,0.0,0.0,0.0,0.0,0.0,0.0,0.0,0.0,0.0,0.0,0.0,0.0,0.0,0.0,0.0,-0.1,-0.1,0.0,0.0
1,30231.448169611063,0.0,0.0,0.0,0.0,0.0,0.0,0.0,0.0,0.0,-4.5687136157997996E-8,0.0,-2.3389236608374807E-7,-8.624700208146202E-8,1.28224254847918E-8,1.3741960794047164E-8,8.356659958257196E-10,-2.5040834469145343E-8,0.0,-1.4455057777345979E-6,-3.998100571186111E-7,-4.038321742499882E-7,-2.269697899955062E-7,-8.413442159607718E-7,-1.9847166205047858E-7,0.0,0.0,0.0,-5.111670062141304E-7,-1.4469962830539955E-7,-1.298586321993956E-7,-8.649892296787054E-8,-3.132650904943629E-7,-7.471229234991303E-8,0.0,0.0,-1.9743575224811852E-7,5.494118927092413E-7,1.1423513492932073E-7,1.2928398966205156E-7,8.455879781717287E-8,3.2767650634838276E-7,1.0385924899136799E-7,0.0,0.0,0.0,5.663094344741511E-4,-0.003128032395296205,-0.10000295194090128,-0.09999456376254137,2.440814969804612E-7,-3.033882535692395E-7
2,30192.97656856074,0.0,0.0,0.0,0.0,0.0,0.0,0.0,0.0,0.0,-6.304708182058872E-5,0.0,-3.2479551409088344E-5,-1.4476488944787776E-5,-3.2561315672109914E-5,-7.87914209918624E-6,-1.831038118826357E-5,-7.416207199957759E-6,0.0,-9.14464282144139E-6,-3.751102881854006E-6,-3.6046372714136197E-6,-1.9484806940307284E-6,-5.196961185706621E-6,-4.033045466640015E-7,0.0,0.0,0.0,-5.294547276298944E-5,-1.643395946509815E-5,-1.294706066677745E-5,-8.51958720734683E-6,-3.202051249011037E-5,-7.886899434866774E-6,0.0,0.0,-2.0272278603675247E-5,4.18412195824238E-5,8.182806115610999E-6,9.912095811382197E-6,6.469565031026214E-6,2.4990689271474447E-5,7.989878075161773E-6,0.0,0.0,0.0,0.0016909379283888137,-0.002929627670772858,-0.10032194004789265,-0.09959216822711144,2.657457820332313E-5,-2.2532067467439913E-5
3,29486.356162298114,0.0,0.0,0.0,0.0,0.0,0.0,0.0,0.0,0.0,-0.003542115173693168,0.0,-0.0017591829605071762,-7.897625910708539E-4,-0.0018398132307910614,-4.492664866432783E-4,-0.0010318349964754385,-4.0825561900701047E-4,0.0,-4.2979989525795877E-4,-1.850660178756515E-4,-1.753788244169071E-4,-9.48315789828396E-5,-2.4358171613186533E-4,-1.3932749337862778E-5,0.0,0.0,0.0,-0.0025558477118512533,-7.969303307605438E-4,-6.218829980722682E-4,-4.140888762159203E-4,-0.001550462101202876,-3.809999956556313E-4,0.0,0.0,-9.76713488067555E-4,0.0022436884107432764,4.407589550111902E-4,5.321304610147517E-4,3.4718960724215773E-4,0.0013400148429131384,4.273444389056404E-4,0.0,0.0,0.0,0.001224453336398385,-0.0030141134042657018,-0.11408531951079455,-0.07789058538848831,0.0011626326838461072,-0.0012216404652231842
4,26978.39320413718,0.0,0.0,0.0,0.0,0.0,0.0,0.0,0.0,0.0,-0.11946054512488469,0.0,-0.06218854909677399,-0.027456238665714307,-0.06088759280156719,-0.014747922465863025,-0.03470107268955356,-0.014204790816490214,0.0,-0.01449260329023356,-0.006371762061188796,-0.0062154090552510215,-0.00330006622444132,-0.008180808609062762,-2.5584526101874935E-4,0.0,0.0,0.0,-0.06621980815686317,-0.020026770168793985,-0.016138464963120294,-0.011209520508113484,-0.040819191497421824,-0.009841928953260411,0.0,0.0,-0.025176983931656318,0.03835356695000212,0.0027206759874222443,0.008660619634540597,0.005912033860757067,0.02320503856796185,0.008920141674358097,0.0,0.0,0.0,-0.010928219327607088,-0.005281628906043231,-0.3475389658849265,-0.15585144071666845,0.04351052816129105,0.04236870649727488
5,26184.42613778394,0.0,0.0,0.0,0.0,0.0,0.0,0.0,0.0,0.0,-0.5378639203765708,0.0,-0.29721113620222905,-0.12847856420393153,-0.23099500052002445,-0.06424570145173657,-0.14583794553015947,-0.06371361369643593,0.0,-0.08051717979107706,-0.035297275643105176,-0.036667875511796524,-0.020830181146323647,-0.04580759669814083,0.0018190042666360769,0.0,0.0,0.0,-0.3486808583252816,-0.11117647533806818,-0.07978963390038811,-0.05823316367845581,-0.2132646152085134,-0.05460242489049642,0.0,0.0,-0.1262186423001105,0.19745487396364747,0.004051176337447465,0.04400458637476258,0.030604009590953406,0.11488538155658959,0.047435926511106216,0.0,0.0,0.0,-0.02609148247363191,-0.008183393935106606,-0.5715247992687693,-0.2649119149556321,0.853948325652813,0.02598441336186548
6,24694.784859168514,0.0,0.0,0.0,0.0,0.0,0.0,0.0,0.0,0.0,-1.0114296196794301,0.0,-0.5362042180347272,-0.233679869461763,-0.44699128433246604,-0.12351381987083301,-0.2765915869921259,-0.11657820110164474,0.0,-0.13718408120623937,-0.05912502966873597,-0.06346075389475825,-0.035826046181507934,-0.07754880541015202,0.0027366215956654977,0.0,0.0,0.0,-0.5395315880929943,-0.1718474021897345,-0.12332823188314626,-0.0918410973011469,-0.3320426289712819,-0.08343781907589524,0.0,0.0,-0.19642047822381972,0.3590552146098126,0.008906335568384717,0.08062022824026895,0.05594629098002365,0.2086406385536172,0.08507332217335778,0.0,0.0,0.0,-0.020600722851266306,-0.007323491949714049,-0.4608765765500771,-0.2564648073950564,1.0449502942412736,0.10254214777048035
7,23030.303883647815,0.0,0.0,0.0,0.0,0.0,0.0,0.0,0.0,0.0,-0.9994885673310729,0.0,-1.105968459468587,-0.35554619420094197,0.39440346121052305,-0.08810843911139607,-0.06775343725185312,-0.10841309290979811,0.0,-0.7892574258193835,-0.38177551154064404,-0.3203332297989441,-0.1784506499286641,-0.4456979030566788,-0.009535253819591466,0.0,0.0,0.0,-1.8418028428895332,-0.6356508416445557,-0.3997340913961961,-0.31535643579030787,-1.1099530261061337,-0.2700636541830774,0.0,0.0,-0.6809483519912695,1.2207688225193014,-0.22280197578899688,0.29044554016088386,0.20300924437198326,0.5989105975183082,0.30294110096031746,0.0,0.0,0.0,-0.017338427322171408,-0.006203011762047014,-0.20174725036736946,-0.26255435326858945,0.9646833637252111,0.5012548712429227
8,22745.880683123796,0.0,0.0,0.0,0.0,0.0,0.0,0.0,0.0,0.0,-1.1271152350815001,0.0,-1.1729421571980916,-0.4322783347739466,0.5414518612093513,-0.07373785276894164,-0.03224682856978227,-0.06544240426393236,0.0,-1.0318027065860917,-0.5360583075959566,-0.45241205028194464,-0.2435361150055408,-0.5294981980008331,0.021129782764078488,0.0,0.0,0.0,-2.021185643516179,-0.7529848223433864,-0.40132472780203565,-0.351477531618096,-1.0813172531331035,-0.2883497951499967,0.0,0.0,-0.6992136573982652,1.0446814019464017,-0.4760347765102738,0.1511427505142582,0.131231608805974,0.3230620071389848,0.29973761878539074,0.0,0.0,0.0,-0.016854349754414556,-0.005972802914568826,-0.17816147508199645,-0.22840984283415566,0.9701156831696407,0.6156984481876502
9,22554.625931346516,0.0,0.0,0.0,0.0,0.0,0.0,0.0,0.0,0.0,-1.515127717803895,0.0,-1.3646996576788195,-0.5900804145408044,1.0798283579194656,-0.023511405901135922,0.13971628156526977,0.10758332494515643,0.0,-1.927376796578241,-1.113930193958104,-0.9447756732987953,-0.49015354904387,-0.8465884891792768,0.1391744744840412,0.0,0.0,0.0,-2.1617270780690094,-1.0291800805718874,-0.2685583309840319,-0.40853613051772497,-0.6316671415712143,-0.27673263941455234,0.0,0.0,-0.5338646429819836,0.8407688870035217,-1.38951506242057,-0.19048728821830005,-0.04940595143143389,-0.22147922344694226,0.3680230119369467,0.0,0.0,0.0,-0.013820384809766504,-0.00483763992894626,-0.12970050825301124,-0.06859011913657126,1.1778796548440513,1.587286394743272
10,22528.884579595826,0.0,0.0,0.0,0.0,0.0,0.0,0.0,0.0,0.0,-1.9708827598398047,0.0,-1.4531293619804617,-0.6939816788528513,1.5081591831807601,0.014227826187080829,0.2917615070818512,0.2968884295305068,0.0,-2.806544650864158,-1.6903361964180024,-1.4398278939699682,-0.7400947004537979,-1.1483749885834489,0.26680370595680425,0.0,0.0,0.0,-2.110356250993105,-1.2700614735468894,-0.07876384041902557,-0.43177900024881083,-0.042712939973724606,-0.233968920772291,0.0,0.0,-0.2790158602420399,1.070373596218032,-2.153842822901478,-0.4343866902087455,-0.18024614645016993,-0.4171659463022083,0.48822200598490173,0.0,0.0,0.0,-0.01323334964568779,-0.004184225724568164,-0.17038732121848843,-0.07491740752468674,1.1962053203273355,1.451266015285366
11,22258.944483679297,0.0,0.0,0.0,0.0,0.0,0.0,0.0,0.0,0.0,-2.126989976663863,0.0,-0.899961745890125,-0.4853619166540438,1.1886649194060852,0.16757739294049567,0.37634503931098484,0.5894253183375424,0.0,-3.5419516178224146,-2.3576815245759937,-1.9784551163859239,-0.981795282996658,-1.2397812693646046,0.4970611886412264,0.0,0.0,0.0,-2.455876348664035,-1.6953632638277192,-0.0017006453755967488,-0.5027107013994389,0.4086333200746273,-0.2123146983898629,0.0,0.0,-0.13929727576168874,1.2145947689214258,-2.706269462863256,-0.7843028252865009,-0.5449065472471528,-0.19928531412640788,0.4819408609348469,0.0,0.0,0.0,-0.012287295046149737,-0.00356460139398659,-0.1510066701219287,-0.0735617357785351,1.2005356027260001,1.4655881756393498
12,22150.92821445819,0.0,0.0,0.0,0.0,0.0,0.0,0.0,0.0,0.0,-2.2571056759179853,0.0,-0.8764425343986569,-0.028269846355624184,1.2590706443912183,0.22118071928771266,0.2942622100525083,0.6142793570143525,0.0,-3.6657428445352034,-2.841211729838994,-2.3461366018462297,-1.1168729894209315,-0.9484269525604878,0.8049473945663815,0.0,0.0,0.0,-2.6070713271499404,-1.8749200404800512,-0.05832085199018389,-0.5275978814332704,0.6196320543052821,-0.11310910061207544,0.0,0.0,0.0030413059731604075,1.293007445359776,-2.557317860263404,-0.6816309985901442,-0.7872087570512469,-0.32578689247368725,0.41916409775341246,0.0,0.0,0.0,-0.012075251005613177,-0.0034690596405056173,-0.14774812581663913,-0.07427066394685518,1.2010912281453434,1.4761572101173526
13,21822.449499424227,0.0,0.0,0.0,0.0,0.0,0.0,0.0,0.0,0.0,-2.428182809346346,0.0,-0.7344840670622539,0.023227199889631907,1.3384939669118299,0.14603341279281729,0.5648179247454042,0.5081097490254853,0.0,-3.4818550174336846,-4.579986336309811,-3.639852518571384,-1.544775047839121,0.6088449882648836,2.126579076076489,0.0,0.0,0.0,-2.945158209031431,-2.1278837244900397,-0.4225449146678954,-0.578847535823609,0.9150819292989727,0.3764975357663626,0.0,0.0,0.40858741816131616,1.192306710659765,-2.5371032658311092,-0.43490870412444976,-0.33823445241761835,-0.24311457072070702,0.2809795479258642,0.0,0.0,0.0,-0.012084061115181233,-0.003650380405082303,-0.14113054608208653,-0.07916042484020187,1.1838316556843655,1.458377779128414
14,21722.064073997408,0.0,0.0,0.0,0.0,0.0,0.0,0.0,0.0,0.0,-2.3601276915330334,0.0,-0.8112714902689712,-0.06680304065625636,1.4279625244933989,0.24933648949397305,0.22540535870729128,0.6130783088546302,0.0,-3.4566261517318435,-5.253555918771876,-4.136400445099071,-1.7229619965936698,1.0748838884109868,2.5575039823508106,0.0,0.0,0.0,-2.9150419105774192,-2.0538597423321607,-0.4656267351445976,-0.5625090217135315,0.8139686325086221,0.5306771529937289,0.0,0.0,0.4791198094068728,1.0474503504025803,-2.469590066425263,-0.5236875172328727,-0.317390171195378,-0.047291251504246706,0.3606505677356827,0.0,0.0,0.0,-0.01198111699152455,-0.0036341239377717907,-0.14202100895486222,-0.07905507582872974,1.1784099339234264,1.4342248068945271
15,21648.590515871132,0.0,0.0,0.0,0.0,0.0,0.0,0.0,0.0,0.0,-2.2533957006146856,0.0,-0.9814511367559192,-0.12199548014175873,1.2970208359022475,0.22728926027080654,0.386374434747935,0.5508836831915365,0.0,-3.505938774358482,-5.852428327627548,-4.558529808621913,-1.898818469100914,1.285466083219894,2.7708194541471194,0.0,0.0,0.0,-2.7483854776872905,-1.856848305146805,-0.4084531407421351,-0.5161165115942442,0.5823251193183405,0.6462934866446987,0.0,0.0,0.3674550440085489,0.914017384955528,-2.2479052944731657,-0.6118252985947121,-0.5121513798094449,0.04657678819048432,0.614965391615187,0.0,0.0,0.0,-0.011712234190767055,-0.003488674679903758,-0.14325505148144632,-0.07786051296666913,1.177465056472014,1.4034676906121442
16,21607.42462398478,0.0,0.0,0.0,0.0,0.0,0.0,0.0,0.0,0.0,-2.016768620456541,0.0,-0.8406155724681761,-0.4024791680753954,0.9332752338014056,0.5881316352834733,0.3145228554974854,0.3608769556722825,0.0,-3.513232972342256,-6.698514166869687,-5.064336456730083,-2.161033370020158,1.2703504371640126,2.6436704667808044,0.0,0.0,0.0,-2.4490697775611174,-1.5176312302249992,-0.25602049629532153,-0.4580324111069382,0.1984743805307012,0.6857231092651793,0.0,0.0,0.045646844503972384,1.1647767538997522,-1.932184994665381,-0.387898500624022,-0.4532437094754875,-0.3787978471564249,0.5684119776626964,0.0,0.0,0.0,-0.011048491037705185,-0.0031597828205277,-0.13883583870684393,-0.08004519742331086,1.188821085376917,1.4000695632362434
17,21508.412467677415,0.0,0.0,0.0,0.0,0.0,0.0,0.0,0.0,0.0,-1.8103237868815465,0.0,-0.9391812952645681,-0.10847559279917107,0.6977669157863777,0.24956491468740621,0.18592039660837986,0.3859174780607066,0.0,-3.0412891658056735,-7.284588872168462,-5.233719273230295,-2.3197847851224913,1.037442786008472,2.0685594369803018,0.0,0.0,0.0,-2.2767500294550755,-1.3875697267119527,-0.047931859653486925,-0.45620106178087416,-0.07942478025279093,0.47586253782979926,0.0,0.0,-0.17306973726982244,1.2059825512631692,-2.0348626880855556,-0.4205963658707201,-0.18293322913694549,-0.4632755481792584,0.3665606925317677,0.0,0.0,0.0,-0.010894332873594226,-0.0031381123911463325,-0.13712660364886586,-0.08257957328240408,1.1762399141514777,1.3399328591747446
18,21412.918088942974,0.0,0.0,0.0,0.0,0.0,0.0,0.0,0.0,0.0,-1.960489954195385,0.0,-0.4416652499557312,-0.273399334574973,0.9534163054481011,-0.3646306754700113,0.08960461807411167,0.33110877412371265,0.0,-1.6174526686362405,-8.286028007091726,-5.294638431571456,-2.514888954106131,0.4234663127767567,0.7226383273376042,0.0,0.0,0.0,-2.042012273805745,-1.4174035517625327,0.21431118302901483,-0.3344638437793933,-0.44428328026490177,-0.22711855770768574,0.0,0.0,-0.40311537143055454,1.1754396878253042,-1.7246686276331857,-0.48059816141393286,-0.41329177110691206,-0.2905671567282605,0.07658055480508896,0.0,0.0,0.0,-0.011015441175984051,-0.003399778144161951,-0.13893179325276708,-0.08956607703049078,1.1466104626412985,1.3032266005822846
19,21329.63375503607,0.0,0.0,0.0,0.0,0.0,0.0,0.0,0.0,0.0,-1.8901903949264414,0.0,-0.5860960535214105,-0.3551447971207715,0.9147342723819963,-0.15683724493522833,0.12752015366084016,0.18825856104125344,0.0,-1.0033787839041506,-8.56676418507727,-5.19187454290858,-2.5322363568601047,0.12779608373012535,0.2550831193027512,0.0,0.0,0.0,-2.009524528740312,-1.5207619645605703,0.18564978207614033,-0.2590511338504501,-0.40992837147288824,-0.5204628424987631,0.0,0.0,-0.4132460436221654,1.036794338050621,-1.7811424075559124,-0.3430007488169361,-0.6132697042985429,-0.09330751816673849,-0.03865413436691295,0.0,0.0,0.0,-0.01115076294958173,-0.003550407310907957,-0.1394983775332294,-0.0916458467482398,1.1223753463746418,1.2406249739590376
20,21265.51562249171,0.0,0.0,0.0,0.0,0.0,0.0,0.0,0.0,0.0,-1.7703488328619577,0.0,-0.7340162263816181,-0.3749580883202896,0.7789991740308977,0.20797750098882284,0.17686460617527533,0.28226893882588133,0.0,-0.43146960573847715,-8.567287969847063,-4.707240326503454,-2.422847481259677,-0.3888718377857127,-0.002740458170542859,0.0,0.0,0.0,-2.12105344297321,-1.585945512926114,-0.2518686730920817,-0.24169746721167304,-0.10861731806892017,-0.6326265059517326,0.0,0.0,-0.36258975734363075,1.0649547210683739,-1.4541548451355806,-0.7124921940661164,-0.4217682553523095,-0.1303416864969066,0.40844651170532364,0.0,0.0,0.0,-0.011158975247131426,-0.003684457866299421,-0.13267185470860618,-0.09624138588555373,1.100004466877816,1.2127516769444007
21,21188.362102697043,0.0,0.0,0.0,0.0,0.0,0.0,0.0,0.0,0.0,-1.709398165758747,0.0,-0.6638225391222965,-0.39303180791447795,0.6735569057688502,0.16429753777620323,0.13275277318500686,0.517292167981862,0.0,-0.37299123332714207,-8.205119842266207,-4.0175810756197805,-2.2588627093375924,-0.8127876688263043,0.1823318432130238,0.0,0.0,0.0,-2.1775297436911836,-1.3146877011970262,-0.7237106866257049,-0.3714668622202569,-0.1230161899113172,-0.300332668148371,0.0,0.0,-0.34974417601776947,0.9940490729331606,-1.5031376161111358,-0.4549604522845803,-0.5524985119248049,-0.12369291591745239,0.621623413954378,0.0,0.0,0.0,-0.011213737731707836,-0.0037436916452213117,-0.1304695995602046,-0.10012372126013006,1.0807696324423477,1.1590538788256084
22,21099.724746758584,0.0,0.0,0.0,0.0,0.0,0.0,0.0,0.0,0.0,-1.7108254928770568,0.0,-0.6231757223602763,-0.32055292365378407,0.6867476335224826,0.31207894351021415,0.16098943593375276,0.23404048039449826,0.0,-0.6394185502449212,-7.396580116649681,-2.936966933302082,-2.0347588179189535,-1.1371407285754693,0.6876404387710596,0.0,0.0,0.0,-2.1622100905831982,-1.183287059219217,-0.726792462595086,-0.615135979432575,-0.38955168689899006,0.30947174498904384,0.0,0.0,-0.3124300132527056,0.9799435305679494,-1.4096965497851413,-0.7225220485136039,-0.6238657243491468,0.04911175368759578,0.286147383656704,0.0,0.0,0.0,-0.011308908502433013,-0.003808826583840069,-0.1322466587680655,-0.10278597157241938,1.0545363274591035,1.1070122961454152
23,21040.639693545694,0.0,0.0,0.0,0.0,0.0,0.0,0.0,0.0,0.0,-1.454044546258797,0.0,-0.6921752571865532,-0.49923419535186286,0.5266284346689662,0.2239384512589947,0.06698787022858124,0.22789148869888284,0.0,-0.9204093230631188,-6.452690306520582,-2.0773046802313053,-1.8611309378761374,-0.9380807483178495,1.1930805742494575,0.0,0.0,0.0,-2.187896570443819,-1.5988270024754947,-0.12956769019745396,-0.6696746065824708,-0.5508745917381942,0.4685074089088019,0.0,0.0,-0.2730990131904942,1.1212911668663559,-1.375200003721347,-0.6765316724945102,-0.7721793698412623,-0.060881521574542644,0.45255298183279846,0.0,0.0,0.0,-0.011504011782038899,-0.003995226518619129,-0.1295695433124555,-0.10799840005960731,1.0280033033452154,1.087525898617751
24,20993.57108117514,0.0,0.0,0.0,0.0,0.0,0.0,0.0,0.0,0.0,-1.5768146818173756,0.0,-0.5582928390139895,-0.3043117567661032,0.5605615988516379,0.4187979783672253,0.12650217408797262,0.24642627884537732,0.0,-1.2672921039823049,-5.6184727707482915,-1.9023579577360183,-1.8248889297654223,-0.5018822513041485,1.4101583186859008,0.0,0.0,0.0,-2.1533519201418043,-1.458640975658531,0.0058396875634014744,-0.4642275792470899,-0.6958346588569833,0.0054637039814905974,0.0,0.0,-0.43939852016600434,1.0958831069595194,-1.4893827377561217,-0.6380761060974611,-0.7015246758595475,-0.04025219284447032,0.6277344620912542,0.0,0.0,0.0,-0.011793718522841721,-0.00413313567391412,-0.13148119804876673,-0.11085034083980028,1.0093613326016775,1.0707862303572055
25,20959.32179876601,0.0,0.0,0.0,0.0,0.0,0.0,0.0,0.0,0.0,-1.502331866510953,0.0,-0.6377000202646517,-0.36737878199873336,0.5318123833402205,0.3409965042235036,0.14050453068205598,0.35628848868233354,0.0,-1.6358432779589493,-4.951433582956798,-2.065282884393709,-1.8263147047068573,-0.2704321687610256,1.4649749243632393,0.0,0.0,0.0,-2.190564800953154,-1.3905449945519972,-0.06898362620882723,-0.22586201049495158,-0.518224156426186,-0.2385318803838484,0.0,0.0,-0.635756084601016,1.0410982240208195,-1.3223100523056193,-0.6226196203451878,-0.6727781751811379,0.03237249599572675,0.41941324111785944,0.0,0.0,0.0,-0.011779178522614918,-0.004074437128968207,-0.13084881779876578,-0.11114439433932337,1.0006128899900466,1.0642469638292216
26,20935.263866132158,0.0,0.0,0.0,0.0,0.0,0.0,0.0,0.0,0.0,-1.3773955375525673,0.0,-0.604235367957596,-0.3849598780170346,0.5013389925664969,0.212174267190443,0.004235441983150845,0.05557819793615226,0.0,-1.8184537616121914,-4.354333558884349,-2.471139377339237,-1.821126062481082,-0.17497001573427157,1.4096034852677455,0.0,0.0,0.0,-2.322575287957874,-1.3041700125764293,-0.1418945728710161,-0.22260118983232005,-0.39796944778526455,-0.26708576302695697,0.0,0.0,-0.5561232436016683,1.0061042121358876,-1.3065996601319776,-0.6133739274693243,-0.6749190206770697,0.06128002663563578,0.49367236579694496,0.0,0.0,0.0,-0.011779663447567184,-0.004024138261819931,-0.12955569168039668,-0.11161320435178015,0.9892431265581535,1.0530961339401772
27,20890.314235047754,0.0,0.0,0.0,0.0,0.0,0.0,0.0,0.0,0.0,-1.3688117950942535,0.0,-0.6181501516688193,-0.3800899086624762,0.48046554682127224,0.28912618886966146,0.0731471481639568,0.17657516239388,0.0,-1.7523268591529488,-3.584502191624976,-3.14843351939954,-1.7899828472750754,-0.08637315075408546,1.3360909818673656,0.0,0.0,0.0,-2.4595803783562773,-1.2135699318930147,-0.07647281181759807,-0.40265732159632606,-0.42676333350740664,-0.07333528298493136,0.0,0.0,-0.3813800135379716,1.050118313479865,-1.3185191142789159,-0.6414104853811866,-0.7253721611041576,0.049418388858205625,0.4812616757114693,0.0,0.0,0.0,-0.01196408321769095,-0.00409387458205109,-0.13054203004989762,-0.11252546768458134,0.9744675587512887,1.0501426399461604
28,20859.698303543944,0.0,0.0,0.0,0.0,0.0,0.0,0.0,0.0,0.0,-1.436335659694812,0.0,-0.535066447353285,-0.2679604488073831,0.5189248847493344,0.33497129425738903,0.06319409119322347,0.1772035563569446,0.0,-1.625235570847082,-3.2087743071489814,-3.5577207449194472,-1.7825644568662162,-0.18998615202740543,1.4402822603823227,0.0,0.0,0.0,-2.3575593326786617,-1.495712817436191,-0.12026388444326286,-0.2151569236397932,-0.47222398532394777,0.22544091860440518,0.0,0.0,-0.5921179199676849,0.9926624435885439,-1.3920259436518205,-0.5939592968811994,-0.6549456569861876,0.07478220946976277,0.5484990354052635,0.0,0.0,0.0,-0.012054889059956601,-0.0041326714097516485,-0.13305201080589255,-0.11238833751937104,0.9643151241054017,1.0459596762101466
29,20786.057058540522,0.0,0.0,0.0,0.0,0.0,0.0,0.0,0.0,0.0,-1.4223517288430596,0.0,-0.4688109342877316,-0.13846328854137066,0.4305340752353492,0.2210358482911596,0.10705861552883861,0.22929958417437019,0.0,-1.6062052187016989,-3.20243765425238,-3.8192710947920374,-1.7930674972948746,-0.5541479982447313,2.0278243983407696,0.0,0.0,0.0,-2.1342186547784014,-1.8795859736890175,-0.39014605800290986,-0.2157695281581433,-0.7601373062242625,-0.105985748915993,0.0,0.0,-0.14187207246168437,0.8656990934026106,-1.3331007850080738,-0.4798977364308369,-0.4660634557664506,0.06035976577836462,0.39098915163000736,0.0,0.0,0.0,-0.011638462625693267,-0.00393811867556454,-0.13547376216047297,-0.10897032515476358,0.9318568501832851,1.0303939425259185
30,20614.93037554306,0.0,0.0,0.0,0.0,0.0,0.0,0.0,0.0,0.0,-1.3920402886622247,0.0,-0.4246871559400621,-0.005609838105164827,0.4602814349125727,0.048366438197270156,0.08428374782062628,0.18114748849421408,0.0,-1.4139142684965338,-3.7755797833014855,-3.570642390522579,-1.711907514605747,-0.1818297602896239,2.5462950047929906,0.0,0.0,0.0,-2.1436186780399953,-1.8916034281838907,-0.6580407000331049,-1.00112543948339,-0.26692385610926,-0.3176421290933302,0.0,0.0,-0.5328197095001529,0.9475430445548385,-1.5676301167386375,-0.533845826172461,-0.5323236112433318,0.0560418117769604,0.22039773040130503,0.0,0.0,0.0,-0.011025898525307741,-0.003894258199331479,-0.13362701454089237,-0.10597227468283786,0.8707372948002308,1.0036333208382666
31,20459.08258709266,0.0,0.0,0.0,0.0,0.0,0.0,0.0,0.0,0.0,-1.5278278842899573,0.0,-0.3437886369956399,0.21579354268053302,0.5023834037315136,0.12201756122721331,0.1574977744229045,0.35312403306480916,0.0,-2.0334589344700538,-4.61892327449084,-2.9086183320534023,-1.7523996113158122,0.804825362727051,1.6503039080021855,0.0,0.0,0.0,-2.349243637702597,-2.1530256205754084,-0.9226827574296259,-1.2123873406783585,-0.10659839761757775,0.2880357929530758,0.0,0.0,-0.14109163224729965,0.4982865537746313,-1.4722875502959483,-0.25937436263828795,-0.1951523143010856,0.2717615931817106,0.2769932737779232,0.0,0.0,0.0,-0.009933339944160902,-0.0034961215196316958,-0.13211291139637982,-0.09925377646464612,0.8103140753126895,0.9570898889359454
32,20428.130237082805,0.0,0.0,0.0,0.0,0.0,0.0,0.0,0.0,0.0,-1.4877117049010873,0.0,-0.3764915615864887,0.216994823183119,0.48103782399995754,0.07342815800283396,0.1724851537923731,0.35531676810955326,0.0,-1.977616541423073,-4.752972449006112,-2.7778504328553533,-1.6679412685620028,0.9897778212982723,1.5731046370529636,0.0,0.0,0.0,-2.5766323036186627,-1.9656860692889784,-0.9740217631517407,-0.6689652319057368,-0.15058169001436936,0.4589984140757024,0.0,0.0,0.07493309247795285,0.7142472926362009,-1.645567889616454,-0.413480101719797,-0.3447486394005054,0.1792981273217186,0.20866362359455531,0.0,0.0,0.0,-0.009817700876014223,-0.003518113597436422,-0.13052635594980866,-0.0996482364369328,0.8006320061855702,0.9576896308081312
33,20426.596843655545,0.0,0.0,0.0,0.0,0.0,0.0,0.0,0.0,0.0,-1.6589022490975198,0.0,-0.29095060204777634,0.37079438839986567,0.6020617598026725,0.12761634302640404,0.2227500052737768,0.41753740972406805,0.0,-1.8398277333397415,-5.104281094238379,-2.713990499849903,-1.2115238552094283,0.32052386800279564,1.9613991327823308,0.0,0.0,0.0,-4.267921506813439,-0.6536869819484492,0.640189886011066,0.804368492227559,0.4859505400156202,0.8156712977674578,0.0,0.0,0.4044619500755189,0.3005180575710076,-1.4226504328899898,-0.010844270525736277,0.11753481838601271,0.3949423857049171,0.2631388893871645,0.0,0.0,0.0,-0.008997783742400215,-0.0031827180059441932,-0.12192263532940448,-0.09719122357240696,0.7530657728079613,0.9296061497125058
34,20127.921076999588,0.0,0.0,0.0,0.0,0.0,0.0,0.0,0.0,0.0,-1.5253588392534307,0.0,-1.0691633224016075,0.003973568727033194,1.1400941903916721,-0.11658521062966387,0.18921519985765015,0.47408405529103803,0.0,-2.6643021979905193,-2.019529631443254,-4.202111141735659,-2.976836427804377,0.11055266458045498,0.9499244483744254,0.0,0.0,0.0,-3.3395139429489404,-1.4095940420758863,-0.5989698791735945,-0.8634809677727483,0.40866993717634037,0.6815252299110411,0.0,0.0,0.3206842885171966,1.3848594074277858,-2.154754289354142,-0.5345679151626146,-0.4645509898260583,0.7450607497508334,0.13911388489956245,0.0,0.0,0.0,-0.0019460632388307135,-2.4886830889908314E-4,-0.0890011046409453,-0.0931339217253048,0.5205472318246683,0.7956073786333203
35,20000.320375889667,0.0,0.0,0.0,0.0,0.0,0.0,0.0,0.0,0.0,-1.527571738288768,0.0,-1.071097792683103,-0.014384002582050606,1.1294362623614518,-0.1307013266480453,0.17539234723507957,0.45611872353371097,0.0,-3.0294232351750083,-2.3150928776905295,-4.272860762881571,-0.12769341186112282,0.3075307083261503,0.6886107799690695,0.0,0.0,0.0,-2.980045129774984,-1.6974447917735902,-0.7814216511451504,-1.1111500360643074,0.22995620517702386,0.5114593167462521,0.0,0.0,0.18846909767661815,1.41386907231269,-2.1711067113195694,-0.5699781838419854,-0.4709127204649581,0.7070781436009637,0.12360762865784894,0.0,0.0,0.0,-0.0017136432305827716,-1.9762998550526333E-4,-0.08919575161849756,-0.09329289712088096,0.5158981186841407,0.7711360038915784
36,19510.026805946436,0.0,0.0,0.0,0.0,0.0,0.0,0.0,0.0,0.0,-1.4870897803424332,0.0,-0.9434500112856565,-0.10214343413026697,0.9962415217331368,-0.0543024248899104,0.16183240028356166,0.4003127086230175,0.0,-2.7180969583401824,-2.1968431466483156,-2.7313676338031074,-0.44222883181953165,0.4670351557653776,0.5838329875052205,0.0,0.0,0.0,-3.018389779105715,-1.737522936802903,-0.8599015222288883,-1.1651703980795827,0.16922219498595886,0.4837658837211795,0.0,0.0,0.08881952465814008,1.3153452326562154,-2.056168209547902,-0.597110491230869,-0.5099966418287035,0.54772725283513,0.1621758319405307,0.0,0.0,0.0,-0.003109804072332987,-8.695703638121699E-4,-0.09748934794068093,-0.09595028810795947,0.5029055423350838,0.7373556136871103
37,19199.50447117448,0.0,0.0,0.0,0.0,0.0,0.0,0.0,0.0,0.0,-1.446740460901537,0.0,-0.7447843360684707,-0.13353758373741814,0.7929720654832956,0.04006228803055864,0.15879324396364614,0.3559429709274349,0.0,-2.608024303322569,-2.835701322548754,-1.5501933813209714,-0.8330006955456213,0.42864986484977063,0.6184879626239675,0.0,0.0,0.0,-3.1361322326271903,-1.802296836557071,-0.8853611046945122,-1.213909991457716,0.09872046067869744,0.5725346479635539,0.0,0.0,0.048511183059521346,1.17155507863514,-1.9012364711083731,-0.590304160270096,-0.4938134387514392,0.3592253632264265,0.20909183604724163,0.0,0.0,0.0,-0.003223399276774798,-8.652960964553451E-4,-0.09642869820056289,-0.09344625523848207,0.44788180785839204,0.6938627643860455
38,19083.096059950363,0.0,0.0,0.0,0.0,0.0,0.0,0.0,0.0,0.0,-1.444225415889697,0.0,-0.6690014398756229,-0.13453719959414878,0.7101031685318624,0.08535715358796776,0.15693668073498587,0.336871726509274,0.0,-2.5973109218665247,-2.070396138456606,-1.3388242493968017,-0.48685114216422753,0.4703006908652071,0.5932537017672133,0.0,0.0,0.0,-3.15469112081666,-1.8772662968555238,-0.889117486394471,-1.2912923393118296,0.0056890135829363725,0.5825974486430584,0.0,0.0,-0.02315191762312735,1.0972834897320305,-1.8057084625218587,-0.5742911365878619,-0.48454743462565203,0.26735708761121546,0.2481339597728594,0.0,0.0,0.0,-0.0034960264594348363,-9.780699118673644E-4,-0.0974600442628105,-0.09409950046770499,0.4136049297154139,0.6532452636322134
39,19028.924894385713,0.0,0.0,0.0,0.0,0.0,0.0,0.0,0.0,0.0,-1.5195775320586264,0.0,-0.5346241055626626,-0.05641473946275122,0.5165058729011183,0.23268545514304217,0.1375641180725425,0.30138508717706003,0.0,-1.8288072200659016,-2.290932201601135,-0.47684179648719693,-1.0448830016581794,-0.04325849616647137,0.6124647415255451,0.0,0.0,0.0,-2.963856025644584,-2.2842673467415664,-0.8759110149938399,-1.4691716972684323,-0.4153206820655455,0.6902501913790959,0.0,0.0,-0.2874279717836638,1.029617776020093,-1.5340394482460153,-0.5080424169952356,-0.49745891683661425,0.03555353825017893,0.3989570034818397,0.0,0.0,0.0,-0.0036084756324931224,-0.0010646321123602687,-0.08866157521428697,-0.09394294523699546,0.37921202001806403,0.6246779358025778
40,18987.86509100781,0.0,0.0,0.0,0.0,0.0,0.0,0.0,0.0,0.0,-1.5430605278050376,0.0,-0.48775121670682287,-0.044147417287633176,0.46674238976953875,0.2644218170055928,0.13856414736954067,0.29937382652442734,0.0,-1.8340088165525221,-2.187279076714737,-1.286194535715334,-1.1013523725645866,0.021776568457793882,0.6767408721421333,0.0,0.0,0.0,-2.872442327279348,-2.3726003323477416,-0.8038295892251089,-1.4507719287683971,-0.539505446479296,0.7027581838727974,0.0,0.0,-0.3469328203604886,0.9903426496181089,-1.4755909240405,-0.48340489746048804,-0.4844470366243556,-0.008621811979345972,0.4266009729835773,0.0,0.0,0.0,-0.003767942990384263,-0.0010873595426094916,-0.08633946074441011,-0.0927444524335406,0.40643505218111864,0.6595600508669591
41,18964.92609845723,0.0,0.0,0.0,0.0,0.0,0.0,0.0,0.0,0.0,-1.527161491005249,0.0,-0.6040369729716196,-0.11303947278039125,0.6183928611524001,0.1336000126366248,0.14134038069485297,0.3049676247006782,0.0,-2.649711505192519,-1.7545463589396353,-1.0217675340695127,-0.6428506460391896,0.5846942040668378,0.7767664843701424,0.0,0.0,0.0,-2.860887402115944,-2.356023827455453,-0.8268969908500483,-1.358604186582011,-0.4716340958981881,0.5407870546097802,0.0,0.0,-0.3318965296331695,1.0404931511699944,-1.6290754026693932,-0.5276727088296598,-0.4979358486377697,0.1700595963973813,0.3148460828308372,0.0,0.0,0.0,-0.003487902383080671,-9.6031654185491E-4,-0.0823002665665099,-0.09315928780979683,0.4197435358680365,0.6895802848835642
42,18943.34541153319,0.0,0.0,0.0,0.0,0.0,0.0,0.0,0.0,0.0,-1.5236726607917077,0.0,-0.5842009836640664,-0.09985342066428964,0.6048721240351527,0.15401745523475413,0.14109339604569365,0.3053951956439965,0.0,-2.196419841888735,-2.1541808468266765,-1.184163801943715,-0.6621105639907752,0.13024428642572372,0.5812457818721674,0.0,0.0,0.0,-2.859219803504904,-2.387362758961168,-0.7177418432812732,-1.2643741109058593,-0.5497337127982717,0.5158862914060919,0.0,0.0,-0.40968055323902686,1.0656317639573762,-1.652881529835516,-0.5486348208903618,-0.5189892603953381,0.14600798429117445,0.3063594492788763,0.0,0.0,0.0,-0.003472415045740151,-9.737320715328694E-4,-0.07725386506141516,-0.09167636126785962,0.42798922000197503,0.7231204534383827
43,18927.173437091253,0.0,0.0,0.0,0.0,0.0,0.0,0.0,0.0,0.0,-1.5348611394079221,0.0,-0.556623998819924,-0.08372497072567092,0.5616079852424198,0.19783864148743507,0.14088519174643546,0.3088223772015979,0.0,-2.0828756079593527,-2.1602225053757347,-1.2252849113974251,-0.891796316374422,0.169055042807951,0.5933904333418608,0.0,0.0,0.0,-2.854635892514002,-2.494261133919265,-0.6265989407279438,-1.1908805725408822,-0.7071213640921488,0.5371138073989551,0.0,0.0,-0.514272407796755,1.0255609777048549,-1.5759986614221142,-0.5083460055139345,-0.4890903003100733,0.10474661683379427,0.35330090735329955,0.0,0.0,0.0,-0.0034547725503108156,-9.708139667731674E-4,-0.06844509999713848,-0.08972989895994733,0.4306108800548315,0.7593796417165068
44,18915.851088506133,0.0,0.0,0.0,0.0,0.0,0.0,0.0,0.0,0.0,-1.5372325459303722,0.0,-0.5686286789247611,-0.08453518174681841,0.573821212008633,0.1900378272558561,0.14262421456032276,0.3095476550751675,0.0,-2.1876575312724196,-2.046584880613669,-1.1511420947928988,-0.8448980562686834,0.18333652443509332,0.6790859783870037,0.0,0.0,0.0,-2.9071425539773177,-2.5341536549129553,-0.5219039380327627,-1.024208563202346,-0.7932940366901502,0.47809059280073263,0.0,0.0,-0.5922865778773263,1.0179555039116661,-1.5790194372269153,-0.5050024418754958,-0.48200610870048927,0.11289617950033039,0.34910558532368646,0.0,0.0,0.0,-0.003398261346808866,-9.404178644910711E-4,-0.058380036101846874,-0.08713554703717365,0.44505027428461014,0.8193393653903879
45,18911.99089502014,0.0,0.0,0.0,0.0,0.0,0.0,0.0,0.0,0.0,-1.5341516982500436,0.0,-0.5926708913355723,-0.10433145521716687,0.6125566153457822,0.17666847972815156,0.14483173601917035,0.31180800423921934,0.0,-2.2907911750273398,-2.0764588581313457,-1.134101718295673,-0.7875892899522458,0.3153474251348103,0.6009402948188466,0.0,0.0,0.0,-3.0220173695113184,-2.5164381822100883,-0.434086104664559,-0.8353264504963265,-0.813683229780694,0.4211942827647652,0.0,0.0,-0.6410699855138903,1.019069647410336,-1.6146654787486374,-0.5099072686139964,-0.4829628952181763,0.1416932480071139,0.3313616893326332,0.0,0.0,0.0,-0.003052991582433859,-8.425483240700735E-4,-0.04585348273630287,-0.0819002493189942,0.45845981562464355,0.9077981927168853
46,18908.62922747944,0.0,0.0,0.0,0.0,0.0,0.0,0.0,0.0,0.0,-1.5305202828417823,0.0,-0.5926315266986734,-0.10247239830207584,0.6107454016178577,0.17460204496831386,0.14362583814640553,0.30943969361872603,0.0,-2.3069412826087587,-2.0206049401374746,-1.097384197232668,-0.7654948105816172,0.24396353815267136,0.6355143711458253,0.0,0.0,0.0,-3.0439670144007542,-2.461531830099336,-0.46918696367575335,-0.8744448592918308,-0.7567162265623439,0.4207523053950516,0.0,0.0,-0.6050674373883697,1.0069829124546554,-1.6120773692866257,-0.513562186711012,-0.48603951063692363,0.13505575079706172,0.33055108444086206,0.0,0.0,0.0,-0.003161237408150088,-8.629674504470806E-4,-0.05023254382280576,-0.0815839566564376,0.4560972409474887,0.9072808832532114
47,18907.17750639933,0.0,0.0,0.0,0.0,0.0,0.0,0.0,0.0,0.0,-1.5305236958661887,0.0,-0.5879139325634488,-0.09908724019924564,0.6030140316954066,0.1776818810949815,0.14348151267684497,0.30894590152676765,0.0,-2.2880662355149606,-2.0463104090137003,-1.1025742349111876,-0.7577994884751599,0.22339559339823567,0.6559141388603318,0.0,0.0,0.0,-3.044316247307042,-2.4552941827915373,-0.50170347608679,-0.9086476284153355,-0.7512054945590644,0.422415629180097,0.0,0.0,-0.6049683542913955,0.9975849369787656,-1.6003971700007837,-0.5101612038005927,-0.4841056958595535,0.12749922917128753,0.33832968695938415,0.0,0.0,0.0,-0.0031986252068453456,-8.755935302611059E-4,-0.0503706802940088,-0.08009331098722576,0.462319140386615,0.9383733013398049
48,18904.761870349335,0.0,0.0,0.0,0.0,0.0,0.0,0.0,0.0,0.0,-1.5259992836477796,0.0,-0.5824229836800221,-0.09965904525366967,0.5924235051598133,0.18341475445186484,0.14152383876090652,0.306532581565347,0.0,-2.246615062795353,-2.0221433439338687,-1.118619733394194,-0.7631147222742165,0.20196323288376034,0.6304474144292791,0.0,0.0,0.0,-3.0603078784681133,-2.4257069355946443,-0.5945500868969297,-1.012284407622579,-0.7280912318123562,0.4275513677204826,0.0,0.0,-0.6063255674782891,0.9781852158960108,-1.5859847080818685,-0.5063555612807148,-0.4820236436640803,0.12048221780258477,0.34573070269175127,0.0,0.0,0.0,-0.0032016894736461706,-8.844725678934975E-4,-0.04969969263191115,-0.07515555368457032,0.47992095200617263,1.0488579259625372
49,18902.987744889495,0.0,0.0,0.0,0.0,0.0,0.0,0.0,0.0,0.0,-1.5257028202775853,0.0,-0.5819533671800783,-0.09847734248803731,0.5901445523279525,0.18318813659450162,0.140524373668551,0.30683961052809716,0.0,-2.258591413486814,-2.075838387052593,-1.12921802995063,-0.7786930231514039,0.2219363773878836,0.6513424903207718,0.0,0.0,0.0,-3.0566743965616374,-2.419653571170297,-0.6242067393818449,-1.0545641178916154,-0.7317752717332598,0.43492339695353877,0.0,0.0,-0.6084495403670881,0.9707867156143806,-1.5800900380986174,-0.5002921614680172,-0.47649039837339985,0.12475139109422932,0.3475076873227006,0.0,0.0,0.0,-0.003220498952359691,-8.875536421965177E-4,-0.04918383648337258,-0.07355213479379576,0.4944499980809052,1.1108121848962236
50,18897.74812421771,0.0,0.0,0.0,0.0,0.0,0.0,0.0,0.0,0.0,-1.5249210147323353,0.0,-0.5824655945296358,-0.09762341924007284,0.5875752978383129,0.1815603584960242,0.1386665604817086,0.30668441219826476,0.0,-2.2543619665253334,-2.095513198824766,-1.1462853965655415,-0.785571541984003,0.2387610259874041,0.6638118099069854,0.0,0.0,0.0,-3.0475068556274687,-2.4064886128088077,-0.6815706453880724,-1.1663271661024082,-0.7660697815077497,0.4571350399817791,0.0,0.0,-0.6278140409393368,0.9736981234158324,-1.5796300901630074,-0.493606559118848,-0.47043994432966835,0.13614700023093398,0.34530961767168095,0.0,0.0,0.0,-0.0032298945273993114,-8.94004526035458E-4,-0.04691761384886494,-0.06936132245889834,0.5401024971430258,1.3172978188917073
51,18893.48742380709,0.0,0.0,0.0,0.0,0.0,0.0,0.0,0.0,0.0,-1.5276055572621456,0.0,-0.5883430621052236,-0.10079591802609456,0.59645424484366,0.17813955733493148,0.139276193331629,0.30717585595157315,0.0,-2.280971010697522,-2.073719677038856,-1.133145854459065,-0.7912436790858839,0.24441402638497714,0.6475144295623537,0.0,0.0,0.0,-3.071787397118407,-2.374387723963653,-0.6713728816721972,-1.201535184377371,-0.8026633862913423,0.46845067465421836,0.0,0.0,-0.6463232679734834,0.9831946656000873,-1.5943591804007382,-0.49666807261669077,-0.47165327211368535,0.13906708379410077,0.331849590606187,0.0,0.0,0.0,-0.003205950252626978,-8.803027382488757E-4,-0.044348110467381824,-0.06342035037475227,0.5967666742871174,1.5818440252049848
52,18888.958954136706,0.0,0.0,0.0,0.0,0.0,0.0,0.0,0.0,0.0,-1.5290189015786975,0.0,-0.5935930766478313,-0.10149268216822396,0.6021562536973831,0.1761863213457612,0.1393835687070699,0.3078282190191305,0.0,-2.295534744343813,-2.048926670206183,-1.1178969377936947,-0.7762251305083295,0.25965703084322805,0.6337722115312974,0.0,0.0,0.0,-3.061868761861474,-2.363931245921075,-0.5845054290558525,-1.197934934838606,-0.8757758705820443,0.498195963097186,0.0,0.0,-0.6604601570066394,1.0065515406541237,-1.609565001058656,-0.5011060003182904,-0.4758622781034635,0.1422325085941066,0.3215095637759706,0.0,0.0,0.0,-0.003153955877711495,-8.653319753431749E-4,-0.04414582209188929,-0.05920916215606166,0.6676713601170485,1.9028522626645827
53,18887.46214486514,0.0,0.0,0.0,0.0,0.0,0.0,0.0,0.0,0.0,-1.5294274846734732,0.0,-0.5936648220071052,-0.10110862273198036,0.6021399842804658,0.17652195742916357,0.13959736621126065,0.3078120122456898,0.0,-2.2948398695684387,-2.0430272546584147,-1.1145803305167081,-0.7707026770427189,0.2532864377379271,0.6359931803978432,0.0,0.0,0.0,-3.0655265640501606,-2.3658125909612266,-0.5640104471522501,-1.1940803218521172,-0.8973541890092572,0.5018826064178067,0.0,0.0,-0.6692410390416057,1.004128948779044,-1.6101493914723557,-0.5007755152402342,-0.47498375347030064,0.14137274749307793,0.3206098786627105,0.0,0.0,0.0,-0.0031401853888924068,-8.614121074240928E-4,-0.04320778416595595,-0.05652637483883311,0.6956583603988815,2.0320790091430103
54,18885.804348064237,0.0,0.0,0.0,0.0,0.0,0.0,0.0,0.0,0.0,-1.5301991340846643,0.0,-0.5920246224672647,-0.10000004200708487,0.6013506396133274,0.17717240343093546,0.14045806603191066,0.30736511134185496,0.0,-2.289605609701203,-2.0355782769456163,-1.10877412159721,-0.7686131375708455,0.23551542106386436,0.6354008929734577,0.0,0.0,0.0,-3.0714805547635287,-2.393823488554598,-0.51729921318844,-1.1549731421911227,-0.9309369139472385,0.4985019506217997,0.0,0.0,-0.6846633610912098,0.993875709766374,-1.6078934087925554,-0.5002644539184776,-0.473584782674893,0.13865879575291942,0.3208081794676929,0.0,0.0,0.0,-0.0031562701573699756,-8.633798928288715E-4,-0.041438125742662556,-0.05274714696098719,0.7435614684932051,2.2418113051526056
55,18884.18173949589,0.0,0.0,0.0,0.0,0.0,0.0,0.0,0.0,0.0,-1.5297010112676346,0.0,-0.5875069216466462,-0.09882839574346108,0.5970093648523809,0.1798145529853225,0.14170190731940424,0.30677310391798285,0.0,-2.2763858661328458,-2.0366075797696968,-1.1076498902382885,-0.7657564785879816,0.2146506706158356,0.6462359350077382,0.0,0.0,0.0,-3.067275188276456,-2.449520272898314,-0.48555620442216985,-1.0830021481684446,-0.9331301167175315,0.48233988702712494,0.0,0.0,-0.6852328815992502,0.9780903068057769,-1.5985971868768882,-0.4984154450492416,-0.47138897256190837,0.13313037950458126,0.32793446894610967,0.0,0.0,0.0,-0.0031680463355656624,-8.681592135254152E-4,-0.04056492225181226,-0.05072874509702914,0.776992222536902,2.3775184532855094
56,18881.963206450604,0.0,0.0,0.0,0.0,0.0,0.0,0.0,0.0,0.0,-1.5278296346112696,0.0,-0.5828085917698597,-0.09927149600819085,0.59334836895249,0.182386101731665,0.14267689069641987,0.3061303211492411,0.0,-2.2657652332972713,-2.0462550033606104,-1.1133627221382243,-0.769177379920738,0.21666940807041674,0.6423119723603894,0.0,0.0,0.0,-3.0416133831706653,-2.551294822718366,-0.4884126202374297,-0.9849395335346899,-0.8894763533440648,0.4532123481866429,0.0,0.0,-0.6636961415099945,0.9628960469200092,-1.5875475658620626,-0.49541991199025187,-0.46904942193835686,0.1280017029682692,0.33575837839145406,0.0,0.0,0.0,-0.0031883429347135932,-8.775780916191241E-4,-0.040918068125095707,-0.048167814376234144,0.8315226941043541,2.588332394917822
57,18880.646197547227,0.0,0.0,0.0,0.0,0.0,0.0,0.0,0.0,0.0,-1.5264947761315515,0.0,-0.5835808777334597,-0.09903416937423645,0.593457254860928,0.18079305859049938,0.14157782544295902,0.3062750589672205,0.0,-2.2729143385376935,-2.045302091009124,-1.1116641777960479,-0.7743627283695315,0.22366710049759303,0.64212708879496,0.0,0.0,0.0,-3.0265089403840046,-2.6260764059943416,-0.5042048825155678,-0.9121252872508315,-0.8380661417204138,0.43049433723500075,0.0,0.0,-0.6466823240513427,0.9664721858832145,-1.587141016989494,-0.4929855562024375,-0.4671513451064373,0.1307918962657546,0.3335123140805976,0.0,0.0,0.0,-0.0031685948825288155,-8.720601704257718E-4,-0.0397514389579809,-0.046036866042489286,0.8881868033228117,2.79538587733514
58,18879.65731146517,0.0,0.0,0.0,0.0,0.0,0.0,0.0,0.0,0.0,-1.5264861684003719,0.0,-0.5857013974270435,-0.09929415956017476,0.5957031962753346,0.17783788323407596,0.13991235957845916,0.3069904921354933,0.0,-2.2736014627927417,-2.0408736808222154,-1.113407790600999,-0.7713320730081143,0.23431476981519536,0.6317508431144384,0.0,0.0,0.0,-3.0209710693530587,-2.6520682026070848,-0.5416410326348801,-0.902198162051566,-0.7675698489452181,0.42270373697213315,0.0,0.0,-0.6249618385746423,0.9694043701893086,-1.589864390220958,-0.49013537810649394,-0.46461797405865846,0.13684172032536632,0.32842485877410876,0.0,0.0,0.0,-0.0031628851358460014,-8.700627586484112E-4,-0.03940283128832923,-0.044352643659158905,0.94130259982652,2.9854928357398474
59,18879.378301710058,0.0,0.0,0.0,0.0,0.0,0.0,0.0,0.0,0.0,-1.5258413243013171,0.0,-0.5883682196565045,-0.09885018644005394,0.5959394172485823,0.17532656766730254,0.13848968616527857,0.3073498844723381,0.0,-2.2833258048845764,-2.0397544383646213,-1.1103790432935865,-0.7693591392669594,0.23996388357304713,0.6315536719746738,0.0,0.0,0.0,-3.024892222141477,-2.632957724870074,-0.5624545821865456,-0.9134805282756883,-0.7107510643232698,0.4267074071138227,0.0,0.0,-0.6090737547112308,0.9736841284996037,-1.5935396258226096,-0.4889241681327443,-0.4631297223039609,0.1408495890229408,0.32309866126052383,0.0,0.0,0.0,-0.00311716499437662,-8.55080277497616E-4,-0.03787758289682944,-0.04133125339854278,1.0164797372524736,3.2630832547400637
60,18878.96788775786,0.0,0.0,0.0,0.0,0.0,0.0,0.0,0.0,0.0,-1.5246649577511964,0.0,-0.5938470521391109,-0.09662960852572124,0.5954410930750015,0.17008335007686154,0.13587783292422576,0.3078965492157695,0.0,-2.303902677334791,-2.033983991309909,-1.0991268854120053,-0.7663732685881666,0.23472656478233617,0.6378401818828072,0.0,0.0,0.0,-3.054758670907236,-2.5105491604872587,-0.6014758457892582,-0.9670513158552535,-0.5920384246662558,0.43993494383955006,0.0,0.0,-0.5825051656014163,0.9881916421433973,-1.601732680058396,-0.489732038507791,-0.463351194220315,0.1469872391062394,0.3126807074226372,0.0,0.0,0.0,-0.0030410786842286538,-8.253836755632064E-4,-0.034739278000931524,-0.039845562969671774,1.1139382226624321,3.571298340495645
61,18877.611420024088,0.0,0.0,0.0,0.0,0.0,0.0,0.0,0.0,0.0,-1.5257301573863686,0.0,-0.5898224805533401,-0.09883643222791728,0.5968696544811721,0.17425134301471984,0.137811661970472,0.30795544719724877,0.0,-2.2860428927656016,-2.036222594451617,-1.1075039491587,-0.7614079701693358,0.23807988682934586,0.6270389620266397,0.0,0.0,0.0,-3.0435415573199323,-2.490091652771252,-0.5762918530069517,-0.9795303296076403,-0.6526806180626449,0.44516078715363316,0.0,0.0,-0.5912170007619256,0.9738596520395788,-1.596739234382448,-0.48911699429107813,-0.4627296964324847,0.1416917116370015,0.31893395742625735,0.0,0.0,0.0,-0.0031123370574615704,-8.499991471598144E-4,-0.0368255960640429,-0.039807797372451464,1.0954077428412086,3.5239859237003563
62,18877.111985644253,0.0,0.0,0.0,0.0,0.0,0.0,0.0,0.0,0.0,-1.5257066045155327,0.0,-0.5870128540885556,-0.09910909252632229,0.5955458880525264,0.17751631502865087,0.1392433172254992,0.30739312553786546,0.0,-2.2826856744195476,-2.038031184338648,-1.1077100187549878,-0.7627039503278202,0.23350383796054439,0.6320123284345449,0.0,0.0,0.0,-3.0396281462294477,-2.4499339419687782,-0.5448594150756622,-0.9699869238703176,-0.7013736326052304,0.4455057910385375,0.0,0.0,-0.5991259201126986,0.967331612664022,-1.5937256845069023,-0.4895638151939589,-0.46284242757909005,0.13693652474880036,0.3229638264471114,0.0,0.0,0.0,-0.003113565769627148,-8.523077302748438E-4,-0.03619999560602752,-0.038881311623248496,1.1143693591305144,3.5996273330210897
63,18876.78358258699,0.0,0.0,0.0,0.0,0.0,0.0,0.0,0.0,0.0,-1.5253767473570523,0.0,-0.5844366441120478,-0.09949929734436408,0.594071252760612,0.18085388534254654,0.14057106523311577,0.3067631598039474,0.0,-2.2789027367954935,-2.040458959611971,-1.1088967582836662,-0.7659546393713608,0.23035713067941857,0.6366798721385859,0.0,0.0,0.0,-3.0298932266990724,-2.389233892675738,-0.5208715112687999,-0.9794708122944743,-0.761040517527939,0.4467970213367678,0.0,0.0,-0.6058332518530668,0.9612215730973909,-1.5910302297576342,-0.4901576567599517,-0.4630992368313374,0.13230614056133316,0.3268377525918313,0.0,0.0,0.0,-0.0031223124113236122,-8.569210554180704E-4,-0.03618702891442718,-0.03851829691005927,1.1275396682166257,3.651616889260555
64,18876.566454353593,0.0,0.0,0.0,0.0,0.0,0.0,0.0,0.0,0.0,-1.5252092583582104,0.0,-0.584864726955128,-0.0993173279620071,0.5944482761662838,0.18045569274720044,0.14035677821089865,0.3067642585794513,0.0,-2.2820905978794204,-2.0387094121122193,-1.1072141764083439,-0.7669447186099244,0.23089267761724744,0.6343098350646895,0.0,0.0,0.0,-3.0261243646671607,-2.3432683695466268,-0.5254435588433045,-0.9881781082261094,-0.7613628362330458,0.4437491754463574,0.0,0.0,-0.5984714049549211,0.9601406383149408,-1.592347028201083,-0.4895703390553325,-0.46206712025561647,0.1332336776525136,0.3245860511198287,0.0,0.0,0.0,-0.0031164131785325028,-8.537399898364153E-4,-0.035241585750844774,-0.036962912515662284,1.18247073342542,3.851151890008528
65,18876.277867913144,0.0,0.0,0.0,0.0,0.0,0.0,0.0,0.0,0.0,-1.5254932250742004,0.0,-0.5854307132102927,-0.09900044870153508,0.5949988775140247,0.1797330773770329,0.1401039212511066,0.30697860170272195,0.0,-2.2845362666381877,-2.037798419246003,-1.1061268234222497,-0.7666242247263095,0.23124507621104748,0.6346612681259737,0.0,0.0,0.0,-3.0216524701059835,-2.342488297325305,-0.5353186781317556,-0.9823334628801318,-0.7619111948947322,0.4357358530647035,0.0,0.0,-0.5929766566911912,0.9606780329452089,-1.5933455727951245,-0.4887028600992181,-0.4609906656801304,0.13510004738335998,0.32306249600914216,0.0,0.0,0.0,-0.0031064965394764885,-8.502061450997249E-4,-0.03463606600696825,-0.036313995686577095,1.212764208261394,3.9645576466353845
66,18875.716525486547,0.0,0.0,0.0,0.0,0.0,0.0,0.0,0.0,0.0,-1.5257559788277082,0.0,-0.5861548033573131,-0.09831365683788511,0.5951605761495454,0.17884668620505606,0.13961956453822186,0.30721497131623743,0.0,-2.286876760944927,-2.037761452288405,-1.1056323182245307,-0.7666543644140505,0.23160734449817583,0.635374451548836,0.0,0.0,0.0,-3.0114806164694765,-2.3631616624646337,-0.5558584121668505,-0.9617142290922114,-0.7611794866403853,0.418943224305241,0.0,0.0,-0.5812337315298199,0.9590725821594354,-1.5933562036533901,-0.4864864467640906,-0.45856179180580187,0.1377580547899547,0.3216640900668219,0.0,0.0,0.0,-0.003087442815490953,-8.442346427366844E-4,-0.03341820454012315,-0.03428122102474119,1.297103250825471,4.2915140021025096
67,18875.060761970024,0.0,0.0,0.0,0.0,0.0,0.0,0.0,0.0,0.0,-1.5266709265578313,0.0,-0.5866740682658194,-0.09826207782262325,0.5964630856824054,0.17781971162315888,0.13949247635075587,0.3073806812016935,0.0,-2.287262588935594,-2.038623468757125,-1.1072611215810038,-0.7672801066754442,0.23405224424748822,0.6285341197501781,0.0,0.0,0.0,-3.009827219090546,-2.4287628568802235,-0.5670485288315336,-0.9340609873498077,-0.774974461351658,0.40527347127556324,0.0,0.0,-0.5827244381567953,0.9566030714392342,-1.5923977696644467,-0.48464967935544084,-0.45688583501136776,0.139577597556073,0.32100538351287095,0.0,0.0,0.0,-0.0030915060715851505,-8.446734212791275E-4,-0.032282898505911234,-0.032450304563860215,1.383956506577417,4.648139330659079
68,18874.95548859842,0.0,0.0,0.0,0.0,0.0,0.0,0.0,0.0,0.0,-1.5267413410597719,0.0,-0.5866774137473663,-0.09832291991284756,0.5964846555107072,0.17785577701750677,0.13949035062282886,0.3073989167686138,0.0,-2.287503000357217,-2.0390812912112133,-1.1075385325967195,-0.7670614055084488,0.2340930362791278,0.6288789806190006,0.0,0.0,0.0,-3.010671105966594,-2.4329923800649396,-0.5672919089971517,-0.9331839532224089,-0.777454616653184,0.40505554078493033,0.0,0.0,-0.583699864647002,0.955775125375741,-1.5921589741024376,-0.4843012700313297,-0.4564996498466561,0.1396099851058207,0.3210080326297402,0.0,0.0,0.0,-0.0030887119552049165,-8.439638530152559E-4,-0.031920059698746936,-0.031876393797342965,1.4083162377428642,4.745420745325042
69,18874.722854171945,0.0,0.0,0.0,0.0,0.0,0.0,0.0,0.0,0.0,-1.5268006592426824,0.0,-0.5867557756111627,-0.09921244504718608,0.5954407653700123,0.17883076862792938,0.13953644791803754,0.30730400473935304,0.0,-2.2889881874166855,-2.045350976413953,-1.1111464479491866,-0.7660003468784179,0.23308912081042568,0.6391339493489904,0.0,0.0,0.0,-3.0309431140880023,-2.477846558701217,-0.5585029853270383,-0.9546511547198996,-0.7953565606587611,0.42359184427699886,0.0,0.0,-0.6084971398918226,0.9525343241916966,-1.590229253855134,-0.4832923659226331,-0.4553959603349037,0.1378897330529949,0.32257655236560967,0.0,0.0,0.0,-0.0030631619576273234,-8.388546030832982E-4,-0.02977638467845123,-0.02893510024425241,1.547288535980785,5.318553814941796
70,18874.418178622673,0.0,0.0,0.0,0.0,0.0,0.0,0.0,0.0,0.0,-1.5266394102568628,0.0,-0.5865738785474253,-0.09956352052566425,0.5953024160842111,0.1791574094461072,0.1397469489253804,0.3071642226019306,0.0,-2.2885005021053497,-2.04557731432016,-1.1114121419287735,-0.766159787439842,0.23272846803182723,0.639637454499039,0.0,0.0,0.0,-3.0396543779987,-2.471386799504741,-0.5482247260715112,-0.9728053415831116,-0.7913812100091733,0.43645301269993175,0.0,0.0,-0.6181405945711744,0.9543400046621295,-1.590617272378261,-0.48470397604815696,-0.4568818852112968,0.13648782287349853,0.32299097405961125,0.0,0.0,0.0,-0.0030706753182647823,-8.411559177358924E-4,-0.030348936293696716,-0.030082485421211013,1.5014104605767258,5.142210446351472
71,18874.30104563791,0.0,0.0,0.0,0.0,0.0,0.0,0.0,0.0,0.0,-1.5268618083434577,0.0,-0.586972418466448,-0.09960069959143832,0.596357999136702,0.17841668363883112,0.13980884268007215,0.3069961881007566,0.0,-2.2901188623547353,-2.044135702974248,-1.1112238967519277,-0.7682472077461587,0.2341091935531238,0.6311326293388301,0.0,0.0,0.0,-3.0459005737530096,-2.474484233925418,-0.5473012060468323,-0.9849556422166221,-0.7860285790913747,0.4417331824553862,0.0,0.0,-0.6253434947020584,0.9537709329823161,-1.591780615467414,-0.48522102192200167,-0.457179826607201,0.13646676428779042,0.3209855137298296,0.0,0.0,0.0,-0.003085185987459872,-8.432405464971859E-4,-0.029848425681977216,-0.029480350963932173,1.5330334457181076,5.265325521731368
72,18874.25249142053,0.0,0.0,0.0,0.0,0.0,0.0,0.0,0.0,0.0,-1.5266782865395716,0.0,-0.5872718435489991,-0.09967279489120988,0.5960704838450464,0.1782626194165832,0.1397543464453229,0.3069546858341764,0.0,-2.2919859576117925,-2.0455454696146105,-1.111633765268623,-0.7684102246593956,0.233395030893586,0.6349082292118016,0.0,0.0,0.0,-3.051583782602192,-2.4820165214725436,-0.5488305752810558,-1.0107063497082476,-0.7776690732978803,0.45416363050252684,0.0,0.0,-0.6366790503715144,0.952941861813703,-1.5921205341737685,-0.48507474239280746,-0.45670989203013224,0.1359917407561328,0.3202870966573522,0.0,0.0,0.0,-0.003077378179579639,-8.410073964245686E-4,-0.02908248526210113,-0.02836840008539609,1.5923598815995914,5.499373372097793
73,18874.192149519433,0.0,0.0,0.0,0.0,0.0,0.0,0.0,0.0,0.0,-1.5266535349731776,0.0,-0.5871037027885239,-0.09960447023874724,0.5960841275760441,0.17832568665995618,0.13978473632191538,0.30697202734316775,0.0,-2.2916369790747595,-2.0451334135325223,-1.1113194423260169,-0.7681262015333679,0.23334281532624812,0.6347150857077026,0.0,0.0,0.0,-3.0493764876097607,-2.4774073655965787,-0.5481548911502826,-1.0089242856198193,-0.776875622960602,0.4529034935569348,0.0,0.0,-0.6353997651645575,0.9530096674764835,-1.5920552361311542,-0.48507169734358385,-0.4567258444281342,0.1359941895060412,0.3204086017223464,0.0,0.0,0.0,-0.003078160928226796,-8.412756256495842E-4,-0.02922030187481815,-0.028591358861981296,1.584069283223225,5.463365010157113
74,18874.114310756704,0.0,0.0,0.0,0.0,0.0,0.0,0.0,0.0,0.0,-1.5265706660515561,0.0,-0.5868338122290072,-0.09952082669120776,0.5960575797163931,0.1784557131456388,0.1398434065813487,0.3069779889713826,0.0,-2.291727813508612,-2.044887768722131,-1.11089262912842,-0.7677756759444181,0.23315289650299856,0.6351243028359943,0.0,0.0,0.0,-3.046799393473831,-2.472304993244471,-0.5466092130852197,-1.0119873608081364,-0.7743952246559556,0.45378372128677363,0.0,0.0,-0.6370739461229997,0.9522627749077917,-1.5919088853497674,-0.48484250340625296,-0.45639864480813647,0.1358209573351377,0.32037764300156324,0.0,0.0,0.0,-0.0030762996526763485,-8.407769169263547E-4,-0.02898864798004908,-0.028292952623144782,1.6075492341514805,5.547913611335061
75,18873.924943440103,0.0,0.0,0.0,0.0,0.0,0.0,0.0,0.0,0.0,-1.5262775644915874,0.0,-0.5863222667018892,-0.09929669445468799,0.5958266031047327,0.1787690915465183,0.13992051949699888,0.30696513007166937,0.0,-2.2923099650044914,-2.044268239838766,-1.109746568304788,-0.7675087592041887,0.23275108583077067,0.6362422041151677,0.0,0.0,0.0,-3.038811884354284,-2.4587701941141624,-0.5437368402804674,-1.0136702452662356,-0.7691681636095397,0.4531693953235298,0.0,0.0,-0.6377716906261451,0.9498801479601112,-1.591558847896975,-0.4840428249219856,-0.45530408963257885,0.13559570979408753,0.3201057455475041,0.0,0.0,0.0,-0.0030692670883336755,-8.38776225784559E-4,-0.02814061155017901,-0.02697096029665527,1.699963216036172,5.887284156439265
76,18873.86013319433,0.0,0.0,0.0,0.0,0.0,0.0,0.0,0.0,0.0,-1.5261928686157886,0.0,-0.5862160229650957,-0.09924339282993652,0.5957278972498278,0.1788713359780478,0.1399178094353015,0.30696758903339705,0.0,-2.292548672267464,-2.043870262236027,-1.1092730030486135,-0.7673787396052457,0.23271479024971767,0.6362711654954495,0.0,0.0,0.0,-3.0359959303861452,-2.4533076200994617,-0.5420540981278016,-1.007960782957489,-0.7686275959227308,0.45082852339009105,0.0,0.0,-0.6352103481909201,0.9488844750330196,-1.5914659054828277,-0.48369380437581905,-0.45485420763393575,0.13565773669540263,0.31994554256327984,0.0,0.0,0.0,-0.0030658471292290003,-8.37774929224703E-4,-0.027678239643757437,-0.026247562009850445,1.7514295366703416,6.077658316279931
77,18873.781191547187,0.0,0.0,0.0,0.0,0.0,0.0,0.0,0.0,0.0,-1.5260600460594242,0.0,-0.5862506142378107,-0.09913114038319698,0.5954191273459791,0.17898312062749822,0.13979613606438013,0.3070002441577694,0.0,-2.292299148778253,-2.0426616946037393,-1.1083285516526427,-0.7672828026884627,0.23276824752219252,0.6357858673260625,0.0,0.0,0.0,-3.029313959506312,-2.439981758908038,-0.5410458816398247,-0.9810356797515617,-0.7710186384807928,0.4393566599704881,0.0,0.0,-0.6199703552998972,0.9481378768952283,-1.5913939304836742,-0.48320837007695766,-0.454363114032589,0.13630514468666283,0.3198651620815211,0.0,0.0,0.0,-0.003060791769206976,-8.363740725000763E-4,-0.027244494808216817,-0.02539535436132795,1.8214097628819668,6.330561745583848
78,18873.73872466504,0.0,0.0,0.0,0.0,0.0,0.0,0.0,0.0,0.0,-1.526242819404937,0.0,-0.5863496282698671,-0.09920043766121814,0.5955295446622354,0.17888376021857047,0.13972894344372538,0.30706058980182827,0.0,-2.292118196488952,-2.0422472483581675,-1.108284982308906,-0.7663941417163054,0.23296692343897324,0.6345485732234015,0.0,0.0,0.0,-3.0319032200199993,-2.4392405587728816,-0.5399561177730102,-0.9667508601591387,-0.7746995149002597,0.43486629906621094,0.0,0.0,-0.6128120058634531,0.9483963193864509,-1.5913966922887863,-0.4831569427708207,-0.45440941488475706,0.13671446299130313,0.319884861962623,0.0,0.0,0.0,-0.0030586522995334187,-8.35744637796405E-4,-0.027027164614968825,-0.02527309222885181,1.8375938464013895,6.38964748872376
79,18873.6846126389,0.0,0.0,0.0,0.0,0.0,0.0,0.0,0.0,0.0,-1.5264929013179143,0.0,-0.5865940574207543,-0.09938214416192763,0.5958086514509024,0.1785856048152206,0.13962396146389858,0.3070544428256136,0.0,-2.2927039086097403,-2.0421876491338615,-1.1086361570210685,-0.7655599346064504,0.23327630888729964,0.6321493144608562,0.0,0.0,0.0,-3.0401797800484838,-2.4436637200061173,-0.5388524860567446,-0.9611257436299677,-0.7781073577845744,0.43537943472549245,0.0,0.0,-0.6085992489274066,0.9478314459816074,-1.591485749833393,-0.48299939255594415,-0.45425339624789945,0.13703201323865458,0.31936180572570605,0.0,0.0,0.0,-0.0030560755746759267,-8.346250702386344E-4,-0.026203855834767247,-0.02442613585370375,1.9070776946635772,6.654630036751521
80,18873.630299212105,0.0,0.0,0.0,0.0,0.0,0.0,0.0,0.0,0.0,-1.5264466532518477,0.0,-0.5871475256792534,-0.09952066988177304,0.5958417674047379,0.17817844402940552,0.13944844281634888,0.306882725053605,0.0,-2.293691655171039,-2.043138195516473,-1.1095754204179122,-0.767009703386576,0.23330816884634759,0.6311449033034516,0.0,0.0,0.0,-3.046948617898381,-2.45209025488088,-0.5453987722723246,-0.9773832397026202,-0.7780177071107246,0.4419664001906887,0.0,0.0,-0.6081197626845126,0.947271763497808,-1.5917501758312176,-0.4829670082846374,-0.45414810091286534,0.13707867664148093,0.31854057920368645,0.0,0.0,0.0,-0.0030589871016582127,-8.348745981767152E-4,-0.025776885214468886,-0.0237185580428943,1.9701257158643388,6.899088797865467
81,18873.603240437064,0.0,0.0,0.0,0.0,0.0,0.0,0.0,0.0,0.0,-1.5264529021352269,0.0,-0.5870634010767581,-0.09950200067894906,0.5958115473384403,0.17826847750716782,0.13950569937733903,0.30689976340602976,0.0,-2.2945928424349935,-2.044569676289617,-1.1100112828898103,-0.7669787740401147,0.23289932936249805,0.633870837234873,0.0,0.0,0.0,-3.048669967423223,-2.460419628863159,-0.5489060662967743,-0.9931067189689338,-0.7773298718850299,0.44700820389980434,0.0,0.0,-0.6145188981003527,0.946863328298708,-1.5914592679063027,-0.48266977356737584,-0.45376276249755404,0.13675788826187635,0.3187573403257803,0.0,0.0,0.0,-0.0030534271889357933,-8.334815578542516E-4,-0.02554580176581984,-0.023631388079627676,1.9830617152535752,6.951074754812881
82,18873.579863172858,0.0,0.0,0.0,0.0,0.0,0.0,0.0,0.0,0.0,-1.5264642147990735,0.0,-0.5867772813917266,-0.0994068871973985,0.5957738267860199,0.17850395238951877,0.1395887930939869,0.3069799626748422,0.0,-2.2956657611808,-2.0455913190161645,-1.1099563359421443,-0.7662893350528446,0.23251235517941182,0.6367096289892975,0.0,0.0,0.0,-3.0467285997752254,-2.464125209938384,-0.5508993710427786,-0.9996459601568717,-0.7775462913209005,0.44760386463759255,0.0,0.0,-0.6176369179193744,0.9453377382135907,-1.5909309442812258,-0.48185956426450216,-0.45277921184323705,0.1365904185896317,0.3189741263222529,0.0,0.0,0.0,-0.0030427312423191312,-8.306963553099102E-4,-0.024775225549295222,-0.022843956133281704,2.054708834950869,7.2182443240366085
83,18873.557770836294,0.0,0.0,0.0,0.0,0.0,0.0,0.0,0.0,0.0,-1.526381603662789,0.0,-0.5865983803490963,-0.0992955823216916,0.5958413667360236,0.17858246585749174,0.1396478511719806,0.30697992032616483,0.0,-2.2950899255816117,-2.0447124452232273,-1.10958426020729,-0.766607249833138,0.23277846811758215,0.6354634639424401,0.0,0.0,0.0,-3.0406235859449438,-2.458248711279166,-0.5498231759652472,-0.9965053904584852,-0.7763560629458566,0.4444480568632741,0.0,0.0,-0.6182132599725538,0.9448617957087861,-1.5909247329224077,-0.4817741154314079,-0.4526562532486368,0.13659345689795124,0.3188627673013063,0.0,0.0,0.0,-0.0030473188173492445,-8.319102072916783E-4,-0.024911059932600146,-0.022806878021674786,2.062101531392821,7.240070835718397
84,18873.54033496188,0.0,0.0,0.0,0.0,0.0,0.0,0.0,0.0,0.0,-1.5262791871591523,0.0,-0.5863659389020751,-0.09916962326214453,0.5958591626441528,0.17870723845567557,0.1397230255864465,0.306977440115566,0.0,-2.2949907892840407,-2.043922260234692,-1.109097849026685,-0.7669728899927656,0.2329862930202105,0.634426722522301,0.0,0.0,0.0,-3.0347660516648953,-2.452871202302671,-0.5472319657975234,-0.9935430809209629,-0.7745062282396705,0.44167137451195265,0.0,0.0,-0.6215011925806712,0.9438114320127755,-1.590851168551116,-0.48150564488107944,-0.4522730812542995,0.13653402141104343,0.3186252586137184,0.0,0.0,0.0,-0.003048505949201484,-8.321007687942454E-4,-0.024599878695524685,-0.022293104509872815,2.1170828600022755,7.438134152024897
85,18873.528322188486,0.0,0.0,0.0,0.0,0.0,0.0,0.0,0.0,0.0,-1.526275482627801,0.0,-0.586341940134184,-0.09919840665711628,0.5957917217836163,0.17874700794851694,0.1397415572567283,0.30699211741577137,0.0,-2.2950477225400836,-2.0435254037950736,-1.1087869778404924,-0.7668801163751169,0.2330334937797364,0.6341142028778177,0.0,0.0,0.0,-3.035042932982073,-2.450502991793347,-0.5428262143517404,-0.9880531889000806,-0.7731286189477778,0.44126887821827254,0.0,0.0,-0.6246838384000513,0.9438054051105018,-1.590982804649895,-0.4816257704734798,-0.45235799210864047,0.13651569886309045,0.3185155719928149,0.0,0.0,0.0,-0.0030472914050102915,-8.317391433855682E-4,-0.024368950787249547,-0.022062008475327705,2.1463045851348523,7.543523029832702
86,18873.521816270695,0.0,0.0,0.0,0.0,0.0,0.0,0.0,0.0,0.0,-1.5263419451209195,0.0,-0.5864319226085187,-0.09929662321078975,0.5957652245468291,0.17872181531782305,0.1397228617574331,0.30702712469675825,0.0,-2.2955620997619404,-2.043662563431213,-1.1087040124722893,-0.7663921795936083,0.23299804386064502,0.634522931980526,0.0,0.0,0.0,-3.0376424945534883,-2.4509853648862965,-0.5402391351020279,-0.9853732364026324,-0.7723733512309033,0.44260043587660214,0.0,0.0,-0.6274583005155241,0.9433473107717701,-1.5910897182980863,-0.4815459060442342,-0.45218472049760583,0.1365596399067705,0.31829819815787447,0.0,0.0,0.0,-0.003043301698758119,-8.306099677961342E-4,-0.023814122666085256,-0.021429995446703987,2.2149778114589926,7.798120558148179
87,18873.514835712245,0.0,0.0,0.0,0.0,0.0,0.0,0.0,0.0,0.0,-1.526385948266869,0.0,-0.5865676387564212,-0.09934973935918427,0.5957639644359539,0.17864460862954318,0.13967241591707277,0.3070196125134011,0.0,-2.295643277271449,-2.0439983014755523,-1.1089401377815091,-0.7662607766987615,0.2329259004304015,0.6347751133293602,0.0,0.0,0.0,-3.0403020563765484,-2.4531758861143134,-0.5419190555789801,-0.9862145915281119,-0.7734730404658335,0.44383430037984106,0.0,0.0,-0.6255741367231132,0.9436524604791648,-1.5911138376927856,-0.4816128809967479,-0.45229277367821724,0.1366195876830589,0.31833391621530027,0.0,0.0,0.0,-0.0030428968891881773,-8.305174308243982E-4,-0.02387991930378823,-0.02153330995576505,2.2054931133729254,7.76521885864038
88,18873.51141866185,0.0,0.0,0.0,0.0,0.0,0.0,0.0,0.0,0.0,-1.5263982417304032,0.0,-0.5866346537394349,-0.09935633410520833,0.5957621702959572,0.1786011569740219,0.1396359297299623,0.3070025639397075,0.0,-2.295937335985123,-2.044160786731092,-1.1090250451267447,-0.7663011475196527,0.23290086561775625,0.6346361187420726,0.0,0.0,0.0,-3.0416942074975775,-2.454100558239264,-0.5430359290280183,-0.9858420024163318,-0.7742594405160982,0.4441662706650305,0.0,0.0,-0.6245846885586781,0.943439847641904,-1.5910642288779306,-0.48149991773343265,-0.4521742460799261,0.13667667570698872,0.31824401516605233,0.0,0.0,0.0,-0.003041290421708675,-8.299755129930663E-4,-0.023671465486781642,-0.02130626376965445,2.2321346530771664,7.864190519853891
89,18873.50898316026,0.0,0.0,0.0,0.0,0.0,0.0,0.0,0.0,0.0,-1.5264121726170705,0.0,-0.5866309355527726,-0.09932787050485674,0.5958265107629768,0.17858104706852754,0.13961869229664628,0.30699560954925104,0.0,-2.2962842002320394,-2.044234146947801,-1.1090606451349658,-0.7663271498463222,0.23291262019177317,0.6343645550638404,0.0,0.0,0.0,-3.041402889490562,-2.454085522905239,-0.5451329664598752,-0.985818093091961,-0.7751332826944756,0.4433378325465491,0.0,0.0,-0.622697887930041,0.9428305910801855,-1.5909265535080386,-0.4811895358095197,-0.45183635510063935,0.13675911149577455,0.3181207385074727,0.0,0.0,0.0,-0.003039449113626226,-8.293179998522098E-4,-0.023352660122157316,-0.020942869121704216,2.2755978788123485,8.023269876948662
90,18873.507772654717,0.0,0.0,0.0,0.0,0.0,0.0,0.0,0.0,0.0,-1.526392335741607,0.0,-0.5865966734510114,-0.09929660279913997,0.5958375590553209,0.1785885330524799,0.13962095516047224,0.3069870240403009,0.0,-2.296281642080089,-2.0442242262235832,-1.1090735932325269,-0.7664251022192745,0.23291290299376227,0.6342818626786749,0.0,0.0,0.0,-3.040545030104015,-2.4538168117602184,-0.5460232204403823,-0.9866698547631875,-0.7753419384840026,0.4427738838248854,0.0,0.0,-0.6216201220838898,0.9426758114343324,-1.5908630053723898,-0.4811006190730808,-0.4517460492665546,0.13676200126225344,0.3181205980086189,0.0,0.0,0.0,-0.00303958001498296,-8.293271132851165E-4,-0.02333673764225404,-0.020922943897287483,2.279503969665159,8.036507941274163
91,18873.507302286613,0.0,0.0,0.0,0.0,0.0,0.0,0.0,0.0,0.0,-1.526378714045855,0.0,-0.5865717326327347,-0.09929225743761905,0.5958312428429455,0.17859930138891156,0.13962579259750119,0.306988370878039,0.0,-2.296310506994693,-2.044241373897699,-1.1090652053034364,-0.7663901634839815,0.23290069869624874,0.6344124266465822,0.0,0.0,0.0,-3.040050427305804,-2.45364853861661,-0.5459852257976946,-0.9875970729960032,-0.7751434377476892,0.4426688664936429,0.0,0.0,-0.6212942278244632,0.942459194994173,-1.5908445499315225,-0.48103216628239337,-0.4516506077885711,0.1367503928909729,0.3180929928396839,0.0,0.0,0.0,-0.003039267468363121,-8.292494262315682E-4,-0.023242302754206294,-0.020805143209413502,2.294474533808942,8.090522623809614
92,18873.507116288078,0.0,0.0,0.0,0.0,0.0,0.0,0.0,0.0,0.0,-1.5263569056816109,0.0,-0.5865559202750882,-0.09929908325352922,0.5958007004008156,0.17860887903971287,0.13963065102953356,0.3069817967844922,0.0,-2.2963404578337774,-2.044237324997308,-1.1090259306925976,-0.7664105469301135,0.23290069274338976,0.6344707040825791,0.0,0.0,0.0,-3.0401241191481936,-2.453728270917287,-0.5450660272048743,-0.9882233611802473,-0.7747878478231033,0.44300687466619815,0.0,0.0,-0.6215727431086695,0.9423810131722952,-1.5908639322813327,-0.4810468302025146,-0.4516435107654361,0.13671547580689716,0.31806633262505346,0.0,0.0,0.0,-0.003039007385207603,-8.291860172789746E-4,-0.023173673313420406,-0.020723424385130036,2.304991686392966,8.128508029368266
93,18873.507093584813,0.0,0.0,0.0,0.0,0.0,0.0,0.0,0.0,0.0,-1.5263570944181777,0.0,-0.5865576207124054,-0.09930446770580369,0.5957993889647551,0.17861018233619935,0.1396318880680005,0.3069817468167799,0.0,-2.2963474875720182,-2.0442189389329983,-1.1090040437961064,-0.7663882710493015,0.23290527951046425,0.6344671003764094,0.0,0.0,0.0,-3.040255064014936,-2.4538169541449477,-0.5447135994970415,-0.9881613690162452,-0.7747241406026057,0.44315223415071453,0.0,0.0,-0.6217072426033701,0.9423983296151964,-1.5908794051016026,-0.48106401781679686,-0.45165856043759667,0.13670814931276007,0.31806278812832384,0.0,0.0,0.0,-0.0030389483625384915,-8.291718782949634E-4,-0.02316621500866243,-0.02071551642013144,2.3061158273679405,8.132510446128574
94,18873.507077046448,0.0,0.0,0.0,0.0,0.0,0.0,0.0,0.0,0.0,-1.5263560027926375,0.0,-0.5865610198678511,-0.09930761471841394,0.5957960597120718,0.17861020896276592,0.139632034123128,0.3069800019895171,0.0,-2.2963692777478903,-2.044192634432809,-1.1089735420444204,-0.7663721363084878,0.2329077461422593,0.6344432233917027,0.0,0.0,0.0,-3.040419932685554,-2.4539444214049486,-0.5443158811250851,-0.98798797170117,-0.7746894664723757,0.44332402250042563,0.0,0.0,-0.6218547080627472,0.9424107428070435,-1.5908948837956975,-0.48107921327767145,-0.4516713658519202,0.13670154815814817,0.3180531232263271,0.0,0.0,0.0,-0.0030387977943606994,-8.291255310447135E-4,-0.02314797736447985,-0.02069600743502042,2.3086950860110904,8.141712395043612
95,18873.507064802474,0.0,0.0,0.0,0.0,0.0,0.0,0.0,0.0,0.0,-1.5263584364971752,0.0,-0.5865637688791899,-0.09930892154311577,0.5957980690981393,0.17860896156007597,0.13963209800346968,0.30698055901893384,0.0,-2.29637677527847,-2.044179900501049,-1.1089608682360839,-0.7663551714236003,0.23290847440245147,0.6344354438436006,0.0,0.0,0.0,-3.040479221544649,-2.4540007166673603,-0.5441897675381699,-0.9878369390341257,-0.7746970300183953,0.4433909560304534,0.0,0.0,-0.6219309743038681,0.9424206032770343,-1.5909021203805382,-0.48108444039083015,-0.45167656377654164,0.1367024891421001,0.3180496487953014,0.0,0.0,0.0,-0.0030387424040694065,-8.291084479613789E-4,-0.023143326279643227,-0.02069163725702322,2.309369149836666,8.143905634451976
96,18873.507008827506,0.0,0.0,0.0,0.0,0.0,0.0,0.0,0.0,0.0,-1.5263666008140249,0.0,-0.5865724764162464,-0.09930997527633208,0.5958053738091103,0.17860375332642622,0.13963136135408494,0.306982310710898,0.0,-2.2964078076511107,-2.0441451902964203,-1.1089260977020874,-0.7663105815921101,0.23291064508850132,0.634405072997878,0.0,0.0,0.0,-3.040622830962436,-2.454150682675746,-0.543912001449024,-0.9872963665799402,-0.7747468420470397,0.44357346155098754,0.0,0.0,-0.6222132355969056,0.94243657594611,-1.590918716622925,-0.48109122896694717,-0.4516830607200025,0.13671043495974308,0.3180356819010796,0.0,0.0,0.0,-0.0030385381037193655,-8.290421504421364E-4,-0.02312266824894964,-0.02067256397216442,2.3123213156360767,8.153169164895115
97,18873.506970065893,0.0,0.0,0.0,0.0,0.0,0.0,0.0,0.0,0.0,-1.5263680852389552,0.0,-0.5865726441592523,-0.09930923019726826,0.5958070096769582,0.17860331415729527,0.139631289037811,0.30698310524797734,0.0,-2.296409550552401,-2.044148637355051,-1.1089297488244545,-0.7663110433288038,0.23291084717875685,0.634406693110574,0.0,0.0,0.0,-3.0405983375385337,-2.4541268173857245,-0.5439802248142849,-0.9872462674758634,-0.7747535990365888,0.44355463343464546,0.0,0.0,-0.6222652833242617,0.9424308112196335,-1.5909160591676283,-0.481086683518972,-0.451678561993176,0.13671336589882954,0.31803517912419427,0.0,0.0,0.0,-0.0030385332511094977,-8.290399963780821E-4,-0.023120730321625607,-0.02067187581866542,2.3126133671502256,8.153512267149278
98,18873.50471641414,0.0,0.0,0.0,0.0,0.0,0.0,0.0,0.0,0.0,-1.526457956929472,0.0,-0.5865789337394752,-0.09925908389812843,0.5958982143634614,0.17859144071276956,0.13962729817141115,0.3070364081828485,0.0,-2.296549228088392,-2.0444157925752435,-1.109202868258366,-0.7664294821122422,0.23293201429472382,0.6344859047871979,0.0,0.0,0.0,-3.039000334689755,-2.452165734049293,-0.5485686176921722,-0.9839883564490666,-0.774935233588869,0.44193999179159155,0.0,0.0,-0.6264223487067917,0.9420011258214761,-1.5907160302565655,-0.4807785778527223,-0.4513674123391475,0.13688685114338084,0.3180032872737209,0.0,0.0,0.0,-0.0030381262852179646,-8.28867764317211E-4,-0.02293564286156902,-0.02060367856688891,2.339754452834914,8.185703356255782
99,18873.50342368556,0.0,0.0,0.0,0.0,0.0,0.0,0.0,0.0,0.0,-1.5264874789312652,0.0,-0.5865792257185416,-0.0992508058306001,0.5959195899105396,0.1785998040287286,0.13963150042102526,0.30705779087161766,0.0,-2.2965677166958693,-2.0445083679913387,-1.1092989129941202,-0.7664826455328911,0.232937389105974,0.6345291545209765,0.0,0.0,0.0,-3.038534487460906,-2.451369689251976,-0.5498755290802353,-0.9830236337031368,-0.7748132241522652,0.44116657053088615,0.0,0.0,-0.628088141769977,0.941902184740916,-1.5906576432119368,-0.48070400394384954,-0.4512925047906411,0.13692508052750027,0.31800943663269515,0.0,0.0,0.0,-0.0030381079478529476,-8.288558333373587E-4,-0.02285952733036048,-0.020605775119775786,2.3513853934783646,8.185021313443377
100,18873.49659540703,0.0,0.0,0.0,0.0,0.0,0.0,0.0,0.0,0.0,-1.5265879501798978,0.0,-0.5865792563398327,-0.09923621646470249,0.5959795422457826,0.1786526278084213,0.13965587313948902,0.30713828660461967,0.0,-2.2966249770103158,-2.04481532950151,-1.1096108733154215,-0.7666731022486546,0.23296181614928696,0.6346594577204331,0.0,0.0,0.0,-3.0372142008442604,-2.448537082939971,-0.5536483325483188,-0.9800110998995005,-0.7740845361473168,0.4379890533820098,0.0,0.0,-0.6342471473495032,0.9416386326328678,-1.5904823012648992,-0.4805030044323656,-0.4510874218883869,0.13701891086686108,0.31805302808462743,0.0,0.0,0.0,-0.0030380057742190394,-8.288107510967447E-4,-0.022457023037044423,-0.02063761517267992,2.4128807298174664,8.170537290731426
101,18873.484169077434,0.0,0.0,0.0,0.0,0.0,0.0,0.0,0.0,0.0,-1.5266850712211166,0.0,-0.5865776733863254,-0.09923599031493728,0.5960113280255649,0.17873495351298604,0.13969331086593878,0.3072290779533214,0.0,-2.296562992227488,-2.045135997956284,-1.1099470661299105,-0.7669207703265425,0.23297775044614377,0.6348384684018742,0.0,0.0,0.0,-3.0360692997446455,-2.445438251802715,-0.5569215691034043,-0.9774851645276995,-0.7729980334473012,0.43393038651955196,0.0,0.0,-0.6408640481698161,0.9416040511510537,-1.5903384194745998,-0.48041181976181213,-0.45100536532173385,0.13706988436630957,0.3181731796821436,0.0,0.0,0.0,-0.0030384603485849124,-8.289599570923145E-4,-0.021842524595275133,-0.020831619089192434,2.5108939152260663,8.080217071101748
102,18873.46786171924,0.0,0.0,0.0,0.0,0.0,0.0,0.0,0.0,0.0,-1.5267853294713825,0.0,-0.5865718715904135,-0.09926372752155886,0.5959943540043893,0.1788745233301463,0.13976191638702737,0.3073481651194434,0.0,-2.296074738808611,-2.0454995538943836,-1.1103952757386566,-0.7673320784611585,0.2329897607736514,0.6351396576067186,0.0,0.0,0.0,-3.035154746271562,-2.4415563249596013,-0.5597216083618709,-0.9755980762799112,-0.7711960614065574,0.4278648076926732,0.0,0.0,-0.648834710101962,0.9423417305011084,-1.5902680299786545,-0.4806411892821717,-0.45130810930528525,0.13704295172667427,0.3185429578311228,0.0,0.0,0.0,-0.0030412575336548533,-8.298850630125044E-4,-0.020716328015778766,-0.02163752734679008,2.704704405504491,7.705546190382469
103,18873.458197431588,0.0,0.0,0.0,0.0,0.0,0.0,0.0,0.0,0.0,-1.526761041027105,0.0,-0.5865746391801123,-0.09927312654102023,0.5959658146440792,0.17887221142925663,0.1397634633386711,0.30733192672067516,0.0,-2.296243742461515,-2.045346070842758,-1.1101895031531284,-0.7672320992383085,0.23299051147473832,0.6350277714026623,0.0,0.0,0.0,-3.035960079550101,-2.442575891838288,-0.5571915351483787,-0.9755128689902645,-0.7710890336502326,0.4287091581555847,0.0,0.0,-0.6487170300017887,0.9422962802264713,-1.590356926436892,-0.4806966468088627,-0.45133476139030004,0.137002208919714,0.31846673297752287,0.0,0.0,0.0,-0.0030400101679119865,-8.294979144597386E-4,-0.020223677938033098,-0.02146193254570659,2.785056478554811,7.789366282572778
104,18873.439506698996,0.0,0.0,0.0,0.0,0.0,0.0,0.0,0.0,0.0,-1.5264291094253588,0.0,-0.5865649966013963,-0.09934864639304611,0.5957076106537672,0.17874205395885576,0.1397106367736484,0.30708955342510796,0.0,-2.2959307307496517,-2.044246475919877,-1.109070758527641,-0.7666267219213527,0.2328932844038593,0.6347281482142038,0.0,0.0,0.0,-3.039592798443894,-2.4514738196800394,-0.5425656142957981,-0.9835060870208937,-0.7725050035062699,0.4388213660387057,0.0,0.0,-0.6326559016784145,0.9430306453574877,-1.5910121532998156,-0.48143998841558794,-0.45205142022139044,0.1366375908981997,0.3182958602390842,0.0,0.0,0.0,-0.0030406720763910826,-8.298040655028064E-4,-0.02041956222039919,-0.021257701283677537,2.797160268691284,7.897430325446242
105,18873.41269812877,0.0,0.0,0.0,0.0,0.0,0.0,0.0,0.0,0.0,-1.5263832429048894,0.0,-0.5865349023987237,-0.09935406119627983,0.595699185078553,0.17872156879813805,0.13971498170933813,0.307057644717744,0.0,-2.296042146515617,-2.0441985193235173,-1.1089489773602477,-0.7666082946154487,0.2329530722666703,0.6345726222030049,0.0,0.0,0.0,-3.041657162018303,-2.452962032407381,-0.5407973861852988,-0.9854758263794783,-0.7727041144783143,0.4395607306426332,0.0,0.0,-0.6298079628013201,0.9436062078170666,-1.5910934145359383,-0.4816668529785093,-0.4523237492489219,0.1365926809516159,0.31841751774488836,0.0,0.0,0.0,-0.0030399856151322132,-8.295788383614333E-4,-0.01920174830872014,-0.021630509181449827,3.010591279582259,7.727477447560753
106,18873.40585125394,0.0,0.0,0.0,0.0,0.0,0.0,0.0,0.0,0.0,-1.5263420297332564,0.0,-0.586528514694666,-0.09933357476163168,0.5957383315788344,0.1786576402214166,0.13968535780359198,0.30700531886774146,0.0,-2.296091188335933,-2.0441774934727,-1.1089539337199557,-0.7665144283510507,0.23296534975927108,0.6344641328060074,0.0,0.0,0.0,-3.042793168242293,-2.4542822246833995,-0.5418395889200983,-0.9875575305682928,-0.7737716415913278,0.4414381272022056,0.0,0.0,-0.624849829374697,0.943889682662064,-1.5910781209142977,-0.48170849078488104,-0.45241842828053264,0.13660781897680277,0.3184834018604024,0.0,0.0,0.0,-0.0030400291315354528,-8.29555695426818E-4,-0.019033189916902272,-0.021875370790100407,3.0512814951353917,7.615229828600397
107,18873.401887664357,0.0,0.0,0.0,0.0,0.0,0.0,0.0,0.0,0.0,-1.5262811395460618,0.0,-0.5865384361393869,-0.09931871260769086,0.5957598289377167,0.17857078537649027,0.1396392711618869,0.30693152504300686,0.0,-2.2961907238554695,-2.044069007888395,-1.1088672040116045,-0.7663111690472718,0.23292108497029979,0.6343960061474583,0.0,0.0,0.0,-3.0439445519075883,-2.4561652704235692,-0.5420696330715307,-0.9895664222468216,-0.7750847430468367,0.444664874113982,0.0,0.0,-0.6187963989069191,0.9439468197846139,-1.5910928382166858,-0.4817000104061248,-0.4524419337823176,0.13661392009024903,0.3184544600235646,0.0,0.0,0.0,-0.0030395869263441042,-8.293905793467754E-4,-0.018975581633757236,-0.021889945085539934,3.077600106933505,7.610796718221614
108,18873.398660156665,0.0,0.0,0.0,0.0,0.0,0.0,0.0,0.0,0.0,-1.5262029052299455,0.0,-0.5865595230538595,-0.09931611498011249,0.5957288578172127,0.1784897455938138,0.13959579453505097,0.3068529387911514,0.0,-2.2962027565757657,-2.043873775612262,-1.1087025431144675,-0.7661091931819951,0.23283330991513057,0.6343735157966728,0.0,0.0,0.0,-3.04560071006408,-2.458160602887391,-0.5407726690617859,-0.9908373106072704,-0.7760963354094382,0.44822784607277283,0.0,0.0,-0.6136473050914432,0.944246685280521,-1.5911887069723318,-0.4818428264716892,-0.4526283854487338,0.1365760107252004,0.31845612015192226,0.0,0.0,0.0,-0.003039340614749292,-8.293138194896434E-4,-0.018348709731416668,-0.0220177871767463,3.2136580096968266,7.558055270962018
109,18873.3951127939,0.0,0.0,0.0,0.0,0.0,0.0,0.0,0.0,0.0,-1.5262268010845856,0.0,-0.5865639635456605,-0.09931179041028661,0.5957278151549913,0.17848893785007686,0.1395958856895446,0.3068691490098878,0.0,-2.2961889975062806,-2.0439449921544384,-1.108782392166923,-0.7661815684676887,0.23281532806036612,0.6344221114359513,0.0,0.0,0.0,-3.045295813928866,-2.4571041003700955,-0.5417970656058513,-0.9889605070242412,-0.7758372161793023,0.4478766229753685,0.0,0.0,-0.6160415623713048,0.9441927619458745,-1.5911439998431962,-0.48180465487938623,-0.45259528007411803,0.13660772952516062,0.3184521992865653,0.0,0.0,0.0,-0.003039436919057237,-8.293431722075729E-4,-0.018197773951523572,-0.02203191184492716,3.2540444074768136,7.553496945007244
110,18873.389912589762,0.0,0.0,0.0,0.0,0.0,0.0,0.0,0.0,0.0,-1.5263065708467987,0.0,-0.5865462737185098,-0.09930507221046139,0.595769915479831,0.17851703004797823,0.1396186387504405,0.30693196800177897,0.0,-2.2962766005282327,-2.044196389414653,-1.108989274619353,-0.7663612079827147,0.23287531430611796,0.6344845493346213,0.0,0.0,0.0,-3.0448494913879105,-2.454382244858209,-0.5443084916554435,-0.984991322639873,-0.774878841037398,0.44598769160568125,0.0,0.0,-0.6224415083152837,0.9441601027681708,-1.5910154034848913,-0.481720682195533,-0.452523122487785,0.1366908993432727,0.3185078445776827,0.0,0.0,0.0,-0.003039131354946364,-8.29241215925361E-4,-0.01747182903446375,-0.022184284431145836,3.432985808673279,7.490672436470033
111,18873.38875448645,0.0,0.0,0.0,0.0,0.0,0.0,0.0,0.0,0.0,-1.526366644661805,0.0,-0.5865377151099349,-0.0993022715525136,0.5958110118374894,0.1785903110200133,0.1396525211781117,0.306991072050702,0.0,-2.2963714215391393,-2.0443292444221814,-1.1090992201926198,-0.7664573257064257,0.2329448548299953,0.6344606423333194,0.0,0.0,0.0,-3.044173840878219,-2.45314004599898,-0.5452184957575047,-0.984531410367598,-0.7741888940041606,0.44319730828201354,0.0,0.0,-0.6258701113620988,0.9440646330132274,-1.5909499064143613,-0.4816441822778554,-0.4524271439333599,0.13670210042169967,0.31855173944973214,0.0,0.0,0.0,-0.0030387128604246532,-8.291010917145273E-4,-0.017445325349620955,-0.022178549399680333,3.452943877343527,7.493952626573942
112,18873.38735305576,0.0,0.0,0.0,0.0,0.0,0.0,0.0,0.0,0.0,-1.5263537353990948,0.0,-0.5865464166628855,-0.09930381051394405,0.5958020255384312,0.17859510659108216,0.13965182218217947,0.306982890199916,0.0,-2.296418020739997,-2.044283559649339,-1.1090602286557811,-0.7664100251119754,0.2329185465528515,0.634444573614674,0.0,0.0,0.0,-3.044674182999774,-2.453712377499729,-0.5446345216527351,-0.9855072698352922,-0.7743377187584918,0.44317165108916046,0.0,0.0,-0.6247779665117537,0.9441734543011661,-1.5909853442496271,-0.481694171497432,-0.45248267133847625,0.13667235962930452,0.31857274064218905,0.0,0.0,0.0,-0.0030383071207339485,-8.289728163593658E-4,-0.017114551972560774,-0.022215566964562596,3.5348668189034873,7.479918474322419
113,18873.38684842814,0.0,0.0,0.0,0.0,0.0,0.0,0.0,0.0,0.0,-1.5263382812281805,0.0,-0.5865617256205434,-0.09930766588560468,0.595780243980685,0.17859477926692552,0.1396512333160521,0.30697279586081394,0.0,-2.2964078348280195,-2.044219859599685,-1.109011604519908,-0.7663751679864117,0.23287210685119833,0.6344311594066444,0.0,0.0,0.0,-3.0452191951740897,-2.454444115254935,-0.5437650914802176,-0.9865821693401358,-0.7745708166851594,0.4431114801085933,0.0,0.0,-0.6233726441165786,0.9443606198551081,-1.5910454279982738,-0.48178321283803505,-0.4525829838247825,0.1366376793799716,0.3185987123911632,0.0,0.0,0.0,-0.003038189784334527,-8.289341968492864E-4,-0.0168444882561328,-0.022286171032719005,3.607308091834991,7.4498400741393365
114,18873.386409993247,0.0,0.0,0.0,0.0,0.0,0.0,0.0,0.0,0.0,-1.526329767898564,0.0,-0.5865626266321906,-0.09931432088468146,0.5957686132918418,0.17859218497071397,0.13965258170167297,0.30696880277401833,0.0,-2.2964101231283562,-2.0441961828809627,-1.1089704474552133,-0.766350220614698,0.23286721252683404,0.6344303534140676,0.0,0.0,0.0,-3.045413892005245,-2.454894967645474,-0.5430644540314546,-0.9872742262125962,-0.7746544494340524,0.4430933919154602,0.0,0.0,-0.6224995812674466,0.9443848845503902,-1.5910800471237618,-0.4818118640494181,-0.452605411392765,0.13662764757445228,0.31859021287588835,0.0,0.0,0.0,-0.003038071187402665,-8.289011654757923E-4,-0.01680940995087163,-0.022263934765750743,3.621102980307637,7.4596287672352934
115,18873.386064202612,0.0,0.0,0.0,0.0,0.0,0.0,0.0,0.0,0.0,-1.5263321806217214,0.0,-0.5865583643002363,-0.0993174957751359,0.5957647246841415,0.17859622577609252,0.13965574270948522,0.3069747351154123,0.0,-2.2964464787265637,-2.0442239068311485,-1.1089618833647255,-0.7663613579756507,0.2328909554635388,0.6344268180916984,0.0,0.0,0.0,-3.0455143561682587,-2.454842222220659,-0.5428040915648957,-0.9872410938773669,-0.7745337083599971,0.4427874718163233,0.0,0.0,-0.6227926714474853,0.9443715518758844,-1.5910849653852743,-0.48181503781286233,-0.4526003221495608,0.13663622049168014,0.31858732313025867,0.0,0.0,0.0,-0.003037809351613244,-8.288234476477737E-4,-0.016660197668126927,-0.022250545211203378,3.665483929665559,7.465300910456472
116,18873.38590056972,0.0,0.0,0.0,0.0,0.0,0.0,0.0,0.0,0.0,-1.5263321676527772,0.0,-0.5865581034002983,-0.09931676043860312,0.5957654030509569,0.17859517177796583,0.13965437892062005,0.3069740104346415,0.0,-2.296466975573179,-2.044230096563175,-1.1089644202916433,-0.7663642354796024,0.2328920541219962,0.6344239318413819,0.0,0.0,0.0,-3.0455515072731387,-2.4547663801604296,-0.542902371036037,-0.9870575043738349,-0.7745142497782651,0.44285807687786544,0.0,0.0,-0.6229579172861442,0.9443527369053094,-1.5910779924890555,-0.4818060883033995,-0.45259104163190766,0.1366391962629645,0.3185839917804427,0.0,0.0,0.0,-0.0030376910984254405,-8.28785933372018E-4,-0.016594486069608665,-0.02224245012867666,3.6849002855319695,7.468267950268249
117,18873.38545888749,0.0,0.0,0.0,0.0,0.0,0.0,0.0,0.0,0.0,-1.5263309450872526,0.0,-0.5865510642609827,-0.09931351497273583,0.5957749983817362,0.17858237754825906,0.13964674126249518,0.3069680133524691,0.0,-2.296614895964551,-2.044266260985109,-1.1089661787380123,-0.7663536440368041,0.23289770822394312,0.6344164650822496,0.0,0.0,0.0,-3.0458105690500457,-2.4544766568065355,-0.5433805450423066,-0.9862367042578402,-0.7744528678419945,0.4434284687614072,0.0,0.0,-0.6235259296235988,0.9441986465792569,-1.591037090764258,-0.4817369188167876,-0.4525148983197578,0.13665760027240276,0.318547883265817,0.0,0.0,0.0,-0.003036846070246557,-8.285172011132789E-4,-0.016225910190075108,-0.02215925207075585,3.7920172468971187,7.501345683475502
118,18873.38538067037,0.0,0.0,0.0,0.0,0.0,0.0,0.0,0.0,0.0,-1.5263244874771598,0.0,-0.5865499665976714,-0.09930651127456887,0.5957777575543717,0.1785696255673722,0.13963666074212494,0.30695805424702916,0.0,-2.2966645590666714,-2.0442680324720355,-1.1089691895393774,-0.7663499732021407,0.23289089112676645,0.6344089505350125,0.0,0.0,0.0,-3.0457661621209713,-2.454327982642437,-0.5438062315572187,-0.9856798186901676,-0.7744992536949156,0.4440753798046198,0.0,0.0,-0.6236681290940254,0.9440729748721699,-1.5910063299746984,-0.4816829175359131,-0.4524574821311881,0.1366670124339435,0.31851391202156737,0.0,0.0,0.0,-0.0030366122941232216,-8.284395785297801E-4,-0.01624604108906004,-0.022085327637415685,3.7917681420031943,7.529964902901703
119,18873.385225040984,0.0,0.0,0.0,0.0,0.0,0.0,0.0,0.0,0.0,-1.5263245898102646,0.0,-0.586550948773157,-0.09930971396008133,0.5957743119169185,0.17857503489223134,0.13964077905773392,0.3069607598573668,0.0,-2.296673158106408,-2.0442619047660386,-1.1089535565279693,-0.7663390199430764,0.23289017691581348,0.6344063827381387,0.0,0.0,0.0,-3.045853101188717,-2.4545365566994137,-0.5434354736904285,-0.9861500196716532,-0.7745112442646576,0.44378900224576884,0.0,0.0,-0.6233503716139334,0.9440963958964478,-1.5910246157246772,-0.4816991881255621,-0.452469805558093,0.13665960974343713,0.3185163212332132,0.0,0.0,0.0,-0.0030365037355349037,-8.284061945488288E-4,-0.016207761059755906,-0.022080909461480853,3.8006454508145473,7.532577563301803
120,18873.385178509823,0.0,0.0,0.0,0.0,0.0,0.0,0.0,0.0,0.0,-1.5263254713983123,0.0,-0.5865519823335449,-0.0993108258197898,0.595773200321263,0.17857844805503675,0.139642581517481,0.3069626216638502,0.0,-2.296690916756762,-2.0442608312487174,-1.1089457457149223,-0.7663326340705311,0.23288897463622935,0.6344029362468362,0.0,0.0,0.0,-3.0458708592672505,-2.454624684146491,-0.5432726904422497,-0.9863650733060512,-0.7745157442428726,0.4436199688041052,0.0,0.0,-0.6232383270585057,0.9440772661574276,-1.5910302738544155,-0.48169548319473415,-0.4524610847515228,0.13665709014533123,0.31850985953499483,0.0,0.0,0.0,-0.003036369744762663,-8.283634788188514E-4,-0.01620114161042154,-0.022055126484539292,3.801905508143773,7.543296864259214
121,18873.385120660874,0.0,0.0,0.0,0.0,0.0,0.0,0.0,0.0,0.0,-1.5263284684452314,0.0,-0.5865543707409945,-0.09931183753438287,0.5957717389421016,0.17858567709109052,0.1396456447125248,0.30696700152647743,0.0,-2.2967148239831925,-2.0442615677851754,-1.1089381973899708,-0.7663289864142044,0.23288782980348413,0.634395791289963,0.0,0.0,0.0,-3.04582773930889,-2.454711578948591,-0.5430738780431702,-0.9866549916609149,-0.7745118001400612,0.4432787524165266,0.0,0.0,-0.6231728424617224,0.9440326206158072,-1.5910358028056053,-0.48168318643176683,-0.4524395718010794,0.13665448842494948,0.31849749178986403,0.0,0.0,0.0,-0.00303619163409083,-8.283059558014577E-4,-0.016240154471569884,-0.02200542104830282,3.7892668239556953,7.563766735585069
122,18873.38510555398,0.0,0.0,0.0,0.0,0.0,0.0,0.0,0.0,0.0,-1.5263299186115007,0.0,-0.5865550507147096,-0.09931151822806655,0.5957721464161855,0.17858742368721567,0.13964594169531427,0.3069683216970339,0.0,-2.296717606405409,-2.044263410011656,-1.108940002486532,-0.7663317549992167,0.2328883893322697,0.6343934592457541,0.0,0.0,0.0,-3.0457707340302838,-2.4546852972301476,-0.5430961625545002,-0.9866451204903527,-0.7745053323561454,0.44320476223683264,0.0,0.0,-0.6232375606166646,0.9440093786057072,-1.591033262289771,-0.4816742840415878,-0.452428029613868,0.13665563675787612,0.3184923171745719,0.0,0.0,0.0,-0.0030361782701649057,-8.283011199222382E-4,-0.01628301726074962,-0.02198755531963856,3.776029565418938,7.571007808118922
123,18873.385101766682,0.0,0.0,0.0,0.0,0.0,0.0,0.0,0.0,0.0,-1.5263295612701375,0.0,-0.5865546332900261,-0.09931100646154815,0.5957726878994462,0.17858608647274246,0.139645095098949,0.30696752079910694,0.0,-2.2967112499524385,-2.044263235901325,-1.108942383614552,-0.7663341349275458,0.23288903708495923,0.6343938789053563,0.0,0.0,0.0,-3.0457408391419074,-2.4546525022703065,-0.5431604754233383,-0.9865636506378213,-0.7745059777306393,0.443275018785987,0.0,0.0,-0.6232732506134733,0.9440050418300782,-1.5910301576915482,-0.4816716044309837,-0.4524261144892123,0.13665695333336497,0.31849157099520803,0.0,0.0,0.0,-0.0030362296281537505,-8.283173457345441E-4,-0.016310351734595906,-0.021988313258595994,3.767791517239681,7.570614574328274
124,18873.38510137421,0.0,0.0,0.0,0.0,0.0,0.0,0.0,0.0,0.0,-1.5263289445394579,0.0,-0.5865542650556176,-0.09931084434218568,0.5957728101484793,0.1785850280900284,0.1396445880746726,0.30696675553808594,0.0,-2.2967090745603973,-2.0442625582068157,-1.1089425473515027,-0.7663339884099626,0.23288908935618186,0.6343945298838407,0.0,0.0,0.0,-3.045741610094669,-2.454647592789595,-0.5431801174444373,-0.9865339367400511,-0.7745085000287929,0.4433280177046467,0.0,0.0,-0.6232676294058416,0.9440061334984684,-1.5910293004230718,-0.48167173587798273,-0.45242693662571754,0.13665720784743582,0.318491724956007,0.0,0.0,0.0,-0.00303624728906133,-8.283230670659312E-4,-0.016312379710206003,-0.021990772022689148,3.7672404470635796,7.56956984465122
125,18873.385101304964,0.0,0.0,0.0,0.0,0.0,0.0,0.0,0.0,0.0,-1.526328516724109,0.0,-0.5865539926359815,-0.09931073956664566,0.5957728424326928,0.17858442567630253,0.1396443027560687,0.3069662724058366,0.0,-2.2967073080816918,-2.0442619908823265,-1.1089425797574535,-0.7663340432691484,0.23288918915269693,0.6343949197661886,0.0,0.0,0.0,-3.0457405877462165,-2.454645425406913,-0.5431902621595686,-0.9865180624556393,-0.77450960999585,0.4433607284911025,0.0,0.0,-0.6232635100834295,0.9440069676298781,-1.5910288287677805,-0.48167194955431103,-0.4524275677796179,0.13665725986707689,0.3184918766359827,0.0,0.0,0.0,-0.0030362609070942034,-8.28327476024422E-4,-0.01631519722235001,-0.0219923790113152,3.7664198884611815,7.568896862018015
126,18873.385101304317,0.0,0.0,0.0,0.0,0.0,0.0,0.0,0.0,0.0,-1.526328482860848,0.0,-0.5865539670405336,-0.09931073764426554,0.5957728534880269,0.17858437941607028,0.13964428183648553,0.3069662333792147,0.0,-2.2967074669831784,-2.0442619595216507,-1.1089425254754899,-0.7663339480925053,0.23288917516350408,0.6343949565454983,0.0,0.0,0.0,-3.045741034520514,-2.4546456612245264,-0.543190531189479,-0.986517379402894,-0.7745096745951563,0.4433633748603804,0.0,0.0,-0.623262949307349,0.9440067351071874,-1.5910287849578533,-0.4816718662362099,-0.45242748083903017,0.13665725425778774,0.31849180502756125,0.0,0.0,0.0,-0.0030362600558682877,-8.283272148213106E-4,-0.01631482018582779,-0.021992248992043162,3.7665337359832676,7.568948281206876
127,18873.385101304244,0.0,0.0,0.0,0.0,0.0,0.0,0.0,0.0,0.0,-1.52632847378797,0.0,-0.5865539612851071,-0.09931073588701551,0.595772848783971,0.17858437834003907,0.13964428182566968,0.3069662277018886,0.0,-2.2967074516424293,-2.04426194171236,-1.1089425108644386,-0.7663339509767996,0.23288917576764867,0.6343949585224973,0.0,0.0,0.0,-3.0457409988938697,-2.4546458238626885,-0.5431903326408251,-0.986517604968599,-0.7745096624836996,0.4433636274804382,0.0,0.0,-0.6232627509303658,0.9440067392282298,-1.591028788598085,-0.48167187486528346,-0.45242748905190244,0.13665724272374546,0.31849180375441327,0.0,0.0,0.0,-0.00303626016297905,-8.283272503654105E-4,-0.016314881928654074,-0.02199224916674554,3.7665149092159975,7.568949321220211
128,18873.385101304233,0.0,0.0,0.0,0.0,0.0,0.0,0.0,0.0,0.0,-1.526328466896897,0.0,-0.5865539566928482,-0.09931073505178208,0.5957728496343219,0.17858436993073062,0.13964427823021341,0.30696622027802833,0.0,-2.2967074627677873,-2.0442619325233027,-1.1089425013266518,-0.7663339383015934,0.23288917342630727,0.6343949648243721,0.0,0.0,0.0,-3.045741041688314,-2.4546458915678246,-0.5431903617616067,-0.9865175254145059,-0.7745096848905887,0.4433641034386965,0.0,0.0,-0.6232625952342503,0.9440067116433782,-1.5910287828951881,-0.48167186571405035,-0.4524274805133169,0.13665724070634555,0.3184917937555114,0.0,0.0,0.0,-0.003036260119698855,-8.283272379524122E-4,-0.016314864222624962,-0.02199223536589737,3.7665202501326616,7.568955021852155
129,18873.385101304233,0.0,0.0,0.0,0.0,0.0,0.0,0.0,0.0,0.0,-1.5263284651632067,0.0,-0.5865539558360207,-0.09931073465467052,0.5957728498346231,0.1785843673195419,0.13964427700300083,0.30696621827621495,0.0,-2.296707466168537,-2.0442619306906944,-1.1089424992777057,-0.7663339349542265,0.2328891725610534,0.6343949661704975,0.0,0.0,0.0,-3.0457410553094304,-2.4546459067349073,-0.5431903806404721,-0.986517493446481,-0.7745096963969115,0.4433642291039853,0.0,0.0,-0.6232625471721667,0.9440067041215103,-1.5910287811551147,-0.48167186283463803,-0.4524274779018496,0.13665724097316384,0.31849179084257473,0.0,0.0,0.0,-0.003036260105120834,-8.283272334852699E-4,-0.01631485848030011,-0.021992231595604567,3.7665219912467656,7.5689565681478
130,18873.385101304233,0.0,0.0,0.0,0.0,0.0,0.0,0.0,0.0,0.0,-1.5263284651632067,0.0,-0.5865539558360207,-0.09931073465467052,0.5957728498346231,0.1785843673195419,0.13964427700300083,0.30696621827621495,0.0,-2.296707466168537,-2.0442619306906944,-1.1089424992777057,-0.7663339349542265,0.2328891725610534,0.6343949661704975,0.0,0.0,0.0,-3.0457410553094304,-2.4546459067349073,-0.5431903806404721,-0.986517493446481,-0.7745096963969115,0.4433642291039853,0.0,0.0,-0.6232625471721667,0.9440067041215103,-1.5910287811551147,-0.48167186283463803,-0.4524274779018496,0.13665724097316384,0.31849179084257473,0.0,0.0,0.0,-0.003036260105120834,-8.283272334852699E-4,-0.01631485848030011,-0.021992231595604567,3.7665219912467656,7.5689565681478
std.err,,,,,,,,,,,0.04504506742543306,,0.04438941164577118,0.04945126205480833,0.03923146011178008,0.056861227192968995,0.040385973962239884,0.058192560664005064,,0.0906270645301675,0.10673447443113523,0.09917946776858678,0.11139974484287882,0.077043059755714,0.09206789492356586,,,,0.1528411094779478,0.20676961126106497,0.16494831777879837,0.229491314463125,0.14266489072154667,0.1743797290668741,,,0.16612355843238805,0.058679696843534315,0.06497863709212094,0.05863271489981363,0.06702942240320897,0.0484413855300418,0.06459099898601393,,,,1.6294060910590865E-4,5.487631254512466E-5,0.014867107309559369,0.0073482781484624825,4.466465178390187,3.0322879305109685
t.test,,,,,,,,,,,-33.884475091304246,,-13.213825867230199,-2.008254805400142,15.186099322765955,3.1407054707680353,3.4577419659004773,5.275007918084081,,-25.342401611209862,-19.152780220130715,-11.181170097274329,-6.879135459736325,3.0228442808410247,6.890512340888948,,,,-19.927498993645266,-11.87140553084321,-3.2930943943842457,-4.298713856576023,-5.428873862936603,2.5425216077377693,,,-3.751801087416709,16.08745025794261,-24.485413242809255,-8.21507009623682,-6.749684864958497,2.8210844813349403,4.930900525497966,,,,-18.634152172263676,-15.094440480200603,-1.0973794794505758,-2.9928414726933155,0.8432892322703169,2.49612066584731
p.val,,,,,,,,,,,0.0,,0.0,0.04461622180927116,0.0,0.001685414351771497,5.447228376913582E-4,1.327503558190557E-7,,0.0,0.0,0.0,6.021627640961924E-12,0.002504110617250088,5.559108728903084E-12,,,,0.0,0.0,9.909120047260078E-4,1.717920909771742E-5,5.671074543300847E-8,0.01100557961707782,,,1.7556873936630524E-4,0.0,0.0,2.220446049250313E-16,1.481659239743749E-11,0.004786159672805601,8.185140907279731E-7,,,,0.0,0.0,0.2724755399994552,0.0027639327556092663,0.39906670344071604,0.012555988183253763
