Iteration,LL,asc_carD,b_carD_age_gr_under16,b_carD_age_gr_16_24,b_carD_age_gr_45_64,b_carD_age_gr_65up,b_carD_female,b_carD_shopping_trip,b_carD_recreation_trip,b_carD_hhcars_0,b_carD_hhcars_2,b_carD_hhcars_3,asc_carP,b_carP_age_gr_under16,b_carP_age_gr_16_24,b_carP_age_gr_45_64,b_carP_age_gr_65up,b_carP_female,b_carP_shopping_trip,b_carP_recreation_trip,b_carP_hhcars_0,b_carP_hhcars_2,b_carP_hhcars_3,asc_pt,b_pt_age_gr_under16,b_pt_age_gr_16_24,b_pt_age_gr_45_64,b_pt_age_gr_65up,b_pt_female,b_pt_shopping_trip,b_pt_recreation_trip,b_pt_hhcars_0,b_pt_hhcars_2,b_pt_hhcars_3,asc_bike,b_bike_age_gr_under16,b_bike_age_gr_16_24,b_bike_age_gr_45_64,b_bike_age_gr_65up,b_bike_female,b_bike_shopping_trip,b_bike_recreation_trip,b_bike_hhcars_0,b_bike_hhcars_2,b_bike_hhcars_3,asc_walk,b_walk_age_gr_under16,b_walk_age_gr_16_24,b_walk_age_gr_45_64,b_walk_age_gr_65up,b_walk_female,b_walk_shopping_trip,b_walk_recreation_trip,b_walk_hhcars_0,b_walk_hhcars_2,b_walk_hhcars_3,b_car_time,b_pt_time,b_bike_cost,b_walk_cost,g_bike_grad,g_bike_stressLink,g_bike_stressLink_c,g_walk_vgvi,g_walk_speed,g_walk_speed_c,g_walk_speed_e
0,56098.993934027254,0.0,0.0,0.0,0.0,0.0,0.0,0.0,0.0,0.0,0.0,0.0,0.0,0.0,0.0,0.0,0.0,0.0,0.0,0.0,0.0,0.0,0.0,0.0,0.0,0.0,0.0,0.0,0.0,0.0,0.0,0.0,0.0,0.0,0.0,0.0,0.0,0.0,0.0,0.0,0.0,0.0,0.0,0.0,0.0,0.0,0.0,0.0,0.0,0.0,0.0,0.0,0.0,0.0,0.0,0.0,0.0,0.0,-0.1,-0.1,0.0,0.0,0.0,0.0,0.0,0.0,0.0
1,51890.481824875016,0.0,0.0,0.0,0.0,0.0,0.0,0.0,0.0,0.0,0.0,0.0,-1.9401988567029817E-7,0.0,6.6926616927509204E-9,-1.4034660713951547E-7,-7.676224749759409E-8,-4.117257986659663E-8,-8.431073125783001E-8,-1.1482078053521451E-7,-2.4799200964115436E-8,-4.871447612884662E-8,-2.623048824375234E-8,-7.305972396056065E-7,-1.4321903568537764E-7,-4.305763287992405E-8,-2.22872584416335E-7,-1.3661127376150966E-7,-3.862320616424892E-7,-2.5395807591203657E-7,-3.374067822449584E-7,-8.5374112493173E-8,-2.333481825867331E-7,-8.45653024697869E-8,-2.474988856708467E-7,-3.470180695100853E-8,-1.583528510553439E-8,-7.69552984295963E-8,-5.81505271354491E-8,-1.444691115471194E-7,-1.0311336400627255E-7,-1.130930678814768E-7,-3.376750766873844E-8,-7.424121440398521E-8,-2.573909595111421E-8,6.31244098921439E-7,5.666835074383266E-8,4.348838636979583E-8,0.0,1.2819259880462387E-7,3.4414411141542196E-7,1.0508353870223621E-7,4.833476061196121E-7,1.046972239156166E-7,1.6783643168282272E-7,6.572269692279586E-8,2.415731073998882E-4,-0.001669212650758289,-0.10000116209950183,-0.0999907119872468,1.4237405294409293E-9,9.247579280439696E-8,1.9256793663752172E-8,-6.28444210685633E-7,-5.725365043165486E-7,-4.210862086709632E-8,-1.099288024448741E-7
2,51075.20757835994,0.0,0.0,0.0,0.0,0.0,0.0,0.0,0.0,0.0,0.0,0.0,-2.4074172097056627E-5,0.0,-6.731204170587442E-7,-1.0388920030284133E-5,-6.029007695203083E-6,-9.785536897787148E-6,-8.878985322377502E-6,-1.2159255802439445E-5,-3.2888737558977323E-6,-6.877439493713943E-6,-2.8020225251372938E-6,-5.197013788180991E-6,-1.3649991393732821E-6,1.7803372980051621E-7,-1.885782913133553E-6,-8.821070528322025E-7,-2.6046707577439045E-6,-1.6572437235880284E-6,-2.7958207783635277E-6,-4.813784702294038E-9,-2.0179266895713E-6,-7.072427251485747E-7,-1.483593655022366E-5,-2.396481337492224E-6,-9.360660667819106E-7,-4.510542352463489E-6,-3.340717358874519E-6,-8.499178361507712E-6,-6.0461465398895734E-6,-6.925838640465263E-6,-2.048193153337066E-6,-4.443861522827073E-6,-1.5150824121978072E-6,2.9009959776568533E-5,2.516618023235624E-6,2.008953071929187E-6,0.0,5.890826529783688E-6,1.582446783429198E-5,4.6909017790789935E-6,2.237812720949562E-5,4.820808599833386E-6,7.697725665876294E-6,3.0331512028997453E-6,-0.0017581867604979087,-0.0020119656568534997,-0.10008006166913064,-0.09957268313575765,9.522402382962321E-8,6.403620358784871E-6,1.495114390990294E-6,-2.8897171755857747E-5,-2.633316211232279E-5,-1.8388323625379154E-6,-5.051246339098833E-6
3,45143.20124335012,0.0,0.0,0.0,0.0,0.0,0.0,0.0,0.0,0.0,0.0,0.0,-0.002899443892223601,0.0,-6.102293953113877E-5,-0.001354011690008635,-7.739313737740065E-4,-0.0011092621619632332,-0.0010720397047101324,-0.001480425825953465,-3.9413585349055486E-4,-8.184423463292704E-4,-3.470741918045568E-4,-5.54615369714371E-4,-1.6093220358511594E-4,3.806930011443722E-5,-2.1388707998314728E-4,-8.753871726838726E-5,-2.7143019114369454E-4,-1.6891464899429707E-4,-3.0383608493332533E-4,2.8244694612691634E-5,-2.340624503024155E-4,-8.325738332152778E-5,-0.003173851450675694,-5.375307828473281E-4,-2.1068819202053093E-4,-9.569118053347012E-4,-6.845295205665274E-4,-0.0017785708714857572,-0.0012710769838902823,-0.0014745201081314409,-4.350186228817679E-4,-9.55993249643133E-4,-3.307698226854485E-4,0.004044535151294914,3.434561743465363E-4,2.8093094432720176E-4,0.0,8.191594564056242E-4,0.0022072715493647145,6.23774563259834E-4,0.0031547378116859076,6.751134314223539E-4,0.0010700681515262054,4.235627364818977E-4,-0.0024616533801440936,-0.002133243817263582,-0.12576536495202909,-0.04092925302054101,2.9227473080974866E-5,0.0020956349233488044,4.7306026300183995E-4,-0.003967499789462653,-0.003615863645973297,-2.3932732936345267E-4,-6.900402912013507E-4
4,42469.51748815055,0.0,0.0,0.0,0.0,0.0,0.0,0.0,0.0,0.0,0.0,0.0,-0.05464394556730101,0.0,-9.220431095325712E-4,-0.02630294983214635,-0.014823583284570424,-0.01998270835295091,-0.01996333981568859,-0.027825229807540132,-0.00739107674954695,-0.015351134136496473,-0.00663840088303106,-0.011097899129548821,-0.003247852005128796,8.149454699471553E-4,-0.004330331207975337,-0.001727949890930367,-0.005408364731334682,-0.0033101637670455986,-0.006113284234277135,6.491601810053291E-4,-0.004740046356458344,-0.0016888733354788637,-0.03773576806539057,-0.005538099836313842,-0.0024094779040412496,-0.011646157203739634,-0.00873049751357913,-0.021859360967364662,-0.015564213298471916,-0.017354766986136517,-0.005163174794259434,-0.01131551465998391,-0.0038951773500241482,0.04584654105384093,6.914046062951108E-4,0.0032272231094487504,0.0,0.00914079303132261,0.025305545730798365,-0.0021392702393008057,0.04710119055675385,0.008738257059657892,0.010795997284724296,0.00478050770590255,-0.010600118292900342,-0.003602162904447536,-0.2883610378597019,-0.08969973052616739,3.4441737238165494E-4,0.023520382403283017,0.005202209213208442,0.0140878802157386,0.014437890157514927,0.005177976391669391,0.002896099037929039
5,40983.68132430972,0.0,0.0,0.0,0.0,0.0,0.0,0.0,0.0,0.0,0.0,0.0,-1.5751291007911097,0.0,-0.02705463364247138,-0.721333153644781,-0.4120335556904252,-0.576886488801244,-0.5811050002159304,-0.7908217491311296,-0.21393459902290235,-0.440509820147658,-0.18560878285394591,-0.21634689284659178,-0.07518485052212388,0.02665355046758361,-0.09164060774528536,-0.02840074822857992,-0.10378962742547558,-0.057967961365501766,-0.11799798485331803,0.031066717225419097,-0.10628966603212782,-0.038755703250910906,-0.6976048815266042,-0.08866444313500486,-0.040951503875371977,-0.21986025914233354,-0.17250523658960074,-0.41514881564449485,-0.2923933938122431,-0.325348419687128,-0.09662674197744292,-0.20570463551677928,-0.06953200363645547,1.1495442938603961,0.001941594180240226,0.08215055681447114,0.0,0.22814484886352804,0.6300184153034095,-0.08724849320900047,1.2193237032870727,0.22308916436748324,0.2641229456426013,0.1199728520431645,-0.008172448548771544,-0.003610050516822431,-0.20231347556417034,-0.144384535429241,0.012305858856324485,0.8543116616399792,0.18620666833184196,0.29087934774344854,0.3069392144038773,0.19136109211347477,0.0661781854846872
6,37451.9590458635,0.0,0.0,0.0,0.0,0.0,0.0,0.0,0.0,0.0,0.0,0.0,-1.3085915357071443,0.0,0.09207067073857562,-0.7980628218833806,-0.4192314132623334,-0.13986280863151063,-0.47873981283603934,-0.7263463537671376,-0.17973511431293837,-0.3016306340018933,-0.15142032938989036,-0.3820450516672627,-0.17081288631953265,0.05644870020675002,-0.15474477960362162,-0.03919413576153206,-0.17445196670763174,-0.11282899551766369,-0.19233744930668928,0.06602783837569617,-0.19641552001366275,-0.07131227047516663,-1.0593849899897152,-0.17084740363207723,-0.05895476933700476,-0.31493629690076447,-0.2589378847038819,-0.6175832139386587,-0.47029364075318925,-0.45141173687183156,-0.1419052981352627,-0.30942050787844205,-0.10600985159299155,1.5632907855286644,-0.10887967026103525,0.1211418865547007,0.0,0.3035234053676917,0.7786058847263232,-0.24563204403426986,1.8044924537763354,0.31611314195154916,0.31082931422475063,0.17693959404153417,-0.01107155675015898,-0.0038903729925938747,-0.14206540008971547,-0.14586738030926574,0.02013778759695034,1.412234283736466,0.35237882761725214,0.440957604846011,0.49115182848761774,0.4499363769258058,0.1078851716105535
7,36118.41339652757,0.0,0.0,0.0,0.0,0.0,0.0,0.0,0.0,0.0,0.0,0.0,-1.3235955373402521,0.0,0.32044005694350564,-1.0734108331732974,-0.5336623569674425,0.49747314830162853,-0.5488239168549254,-0.789701601094427,-0.18435260026388658,-0.16799857540608037,-0.1274372626319906,-0.6323589768502551,-0.3604044248558764,0.13439410559067477,-0.26494951275390843,-0.04107469621936367,-0.25998812887185363,-0.18935140877795648,-0.2886256427902214,0.1696367423739824,-0.36483418937233725,-0.13665159461974585,-0.6200555273849027,-0.21094816832857705,-0.011240523865484367,-0.1082349393217511,-0.16932636864163614,-0.30669533884196354,-0.3454197117904555,-0.12174289553591494,-0.0674984016155921,-0.1455462180014273,-0.055805370620843946,1.9750913887549064,-0.33328444946017455,0.16891937426845743,0.0,0.34504691393677867,0.7630693778384696,-0.5695811505496049,2.5710947073709187,0.4386593483559986,0.2623226260600589,0.24583816114686902,-0.009551632811320368,-0.0033689619214352386,-0.17253241848427878,-0.11604805360377446,0.03834268337809328,1.4337877460811623,0.4587034446540759,0.6250613776253425,0.7124342199307105,0.912339396812053,0.20740614437620453
8,35681.7451558781,0.0,0.0,0.0,0.0,0.0,0.0,0.0,0.0,0.0,0.0,0.0,-1.3597138670269169,0.0,0.4224023317385476,-1.1836183289817186,-0.5839095740169509,0.7577138299084722,-0.6042310960346517,-0.8067765593801617,-0.18781693839836053,-0.11495865236762226,-0.11561279468302568,-0.7270169106057303,-0.4464168423185386,0.1747391797696213,-0.31105314546134344,-0.0370154423795718,-0.2818257382016872,-0.21609289759142206,-0.3195054893028343,0.22499579203456024,-0.43763061425746164,-0.16672080142597384,-0.4994232374078429,-0.2400196102642639,0.006187729456925691,-0.042932570888969776,-0.14716904485008364,-0.20794472226707694,-0.34182903157590083,0.011840443518807614,-0.04240041314186156,-0.09741032170788153,-0.04183805218584691,2.142422389431537,-0.40690051871416033,0.18651584347825137,0.0,0.35491393518498665,0.7369759007878057,-0.6438262034763186,2.8096440418324606,0.48924957716021855,0.23568787693152024,0.27093813430913344,-0.009918915499149474,-0.00335041933083494,-0.19423703508849322,-0.15223934475549522,0.04656158643679147,1.4867992721513095,0.5097387261024527,0.4342285528851352,0.5189023960267717,1.0556422969983428,0.20405272274751116
9,35311.51203715982,0.0,0.0,0.0,0.0,0.0,0.0,0.0,0.0,0.0,0.0,0.0,-1.6443854218086877,0.0,0.7576845369996621,-1.4059136258881189,-0.7165050193579987,1.3987764763048505,-0.8997605232548158,-0.7421521375579456,-0.1827458315640466,0.016571775103462222,-0.05707395096136439,-1.0593068404891355,-0.8117510927452635,0.37722248648258117,-0.49289358552623785,-0.00889513804540638,-0.2596905941693652,-0.27662625937195073,-0.4153381506708077,0.4905092487021331,-0.7135787032658256,-0.2974230418565955,-0.7928264646109245,-0.43911663699294706,0.03295038460037404,-0.08318645279417405,-0.24772615634146178,-0.2650370135318326,-0.8193266477689499,0.3447976362048114,-0.026176182164505193,-0.17901654688791324,-0.07494217101471054,2.3294928724061816,-0.4960546136713601,0.1996028759633094,0.0,0.26611973949060397,0.4079478482533149,-0.6054759765081071,2.899935838191578,0.6067535110152027,0.027622440732107068,0.2715515564440946,-0.006341279845618405,-0.0025157203463825224,-0.13728496674176197,-0.14763597048333507,0.0607344953675868,0.9548981059698783,0.4917844080581665,0.3973823703394724,0.37840361588150284,1.1457418214775317,0.37315129119220924
10,34908.86999407861,0.0,0.0,0.0,0.0,0.0,0.0,0.0,0.0,0.0,0.0,0.0,-2.0314039140808458,0.0,1.0233785079810604,-1.5246475153591008,-0.8186776131470304,1.7698694759738471,-1.1985285947150943,-0.6416456384449827,-0.14654231521235742,0.08500129842108588,-0.0032269881664796288,-1.3451539509297843,-1.2040513183656034,0.6264522214492745,-0.6831760050745019,0.0395696172731322,-0.17661513959799974,-0.3124769740847759,-0.459916293921928,0.8224871102929527,-1.0072996164325794,-0.447284128076391,-0.946654681738324,-0.6936432836575632,0.08176624990268197,-0.05600648739913902,-0.31073121422645283,-0.1583868851815904,-1.1322655153867938,0.6588953059989897,0.022676162907184022,-0.2117780586479624,-0.09085709063741848,2.1514279145293074,-0.5959270767884068,0.1912678468196502,0.0,0.13797137656806505,-0.04407166550411212,-0.6536093487369616,2.702495539176284,0.6489371926959848,-0.25320112844108617,0.2054354372478895,-0.008057746521540744,-0.002713201650783117,-0.15049269143408675,-0.1303611709437429,0.0912368181208669,1.194304234757059,0.6717763723175344,0.4908974516386587,0.36479534808074954,1.2557634977042806,0.501805889003871
11,34568.902232159984,0.0,0.0,0.0,0.0,0.0,0.0,0.0,0.0,0.0,0.0,0.0,-2.365944668551516,0.0,1.2330967866523463,-1.3644536196063186,-0.7091903004300179,1.944017718368889,-1.0880956215633182,-0.610427902405589,0.06889422141258658,0.10416258111843706,0.09330367380244883,-1.6991957488097,-1.900017276170489,1.1148266682601786,-0.9544468271690569,0.13549868359993578,0.08538846824135765,-0.2948438903582689,-0.4307583915928843,1.4032398769105994,-1.4417157854041398,-0.7055778240903106,-1.0584716393780351,-1.1044242201959218,0.17878801517981335,0.016649311589542304,-0.3782229148788834,0.04896676027772029,-1.1447587507557522,0.7888070987484807,0.16446976390506984,-0.24427343255676126,-0.10543868927308607,2.230526637159066,-0.8006238301127058,0.2238924403206673,0.0,0.2912844910024803,0.2109468538656627,-0.4631693705434899,2.346093987086834,0.6303929288464803,-0.24974011569879873,0.03180504900077802,-0.007802845615485829,-0.0025204722054950187,-0.14746774692842593,-0.1271369891000225,0.14514592987587058,1.1964308577232279,0.8667793501810317,0.6465961893723988,0.3106011860932561,1.4350271362652092,0.27334451462041065
12,34205.808526026936,0.0,0.0,0.0,0.0,0.0,0.0,0.0,0.0,0.0,0.0,0.0,-2.7603653964670123,0.0,1.3976846043346536,-1.0826610129663101,-0.45735755777790665,2.0306104495990867,-0.8439144108944543,-0.6717267556792962,0.32333177489758425,0.10334347134282404,0.1724127518793879,-2.051768502759266,-2.7115217686187076,1.7143966058175146,-1.2400271281660609,0.24707105585585593,0.4330562378174098,-0.22106309224766862,-0.3457243418914978,2.043255467066527,-1.9008481201263103,-1.0096945164703308,-1.2614098326095615,-1.534074732955351,0.2807349785705099,-0.009620310733008682,-0.41538612645119144,0.1968055396795447,-0.9746823310825459,0.6649983070336476,0.32968230528089254,-0.28611747028589113,-0.15181062425356956,2.0966010219976017,-1.0009078875420052,0.3040721709253991,0.0,0.14777521806700478,0.4175591623805071,-0.7683972584430413,2.266954365049075,0.5527465366098923,-0.23932317389117377,-0.132676298257226,-0.007235820169802093,-0.0023165406830860237,-0.13561124964071442,-0.12471271157819616,0.21109784501915754,1.0715702846267754,0.9927658184460453,0.703963062864884,0.1443098944194405,1.5239486945314014,0.36342603417390346
13,34081.73254893477,0.0,0.0,0.0,0.0,0.0,0.0,0.0,0.0,0.0,0.0,0.0,-2.995388461265791,0.0,1.5294727144780755,-0.8505228748275052,-0.1655462349167126,2.0549939288574044,-0.9656660406094201,-0.5033556448600085,0.39590312393835125,0.17838319968580624,0.14843169100518067,-2.3924446865480364,-3.179875387109654,2.08571031637605,-1.3173875231292063,0.1615924567574021,0.5187992668711793,-0.2744893841049159,-0.14942759584762413,2.0123257367915253,-2.0219784995008823,-1.2145606650241425,-1.3140389643053647,-1.5822126070809452,0.327003506676608,-0.15607458734894952,-0.3849287109185226,0.1483109964558797,-0.6486293025687639,0.4501533772871199,0.4108773634209067,-0.17353293157772284,-0.2140661208992422,2.1237484985192183,-1.1989025989390951,0.40287228797884644,0.0,0.17753443026305182,0.3228067385344791,-0.7495472903672155,2.2322120608070706,0.7310223180523412,-0.2693872139280899,-0.11721992002305363,-0.00677861348390627,-0.0020976366536693426,-0.12894234144960942,-0.12336527788803053,0.2735442829146407,1.0691372971056086,0.8484698702901372,0.7714640090015659,0.061635188184415976,1.5455858658083608,0.343869914917671
14,33993.7961292123,0.0,0.0,0.0,0.0,0.0,0.0,0.0,0.0,0.0,0.0,0.0,-3.1332125444111645,0.0,1.7404941267546379,-0.6537735932929559,0.09275968485204067,2.0298479653277863,-0.777417332960813,-0.6466496234811375,0.4165604489568347,0.23076026967661442,0.11522572427267283,-2.619088809282873,-3.5714404071120716,2.4037757797581443,-1.269430504974948,0.07997776465226766,0.5832622074000253,-0.16915393227132822,0.165300494909531,1.7803497530572179,-1.9923515093991384,-1.4478651758568863,-1.3398703723375172,-1.6638229545240653,0.3749765862703628,-0.1934247729500842,-0.34846235456593755,0.06712055303637557,-0.6541727246300988,0.6553821486589779,0.4613997845754553,-0.0483626373465236,-0.23092824426036287,2.1232910527074433,-1.3660044195565981,0.5168991689335666,0.0,0.20073570571142596,0.21702093994290414,-0.7215221047576285,2.256585805537617,0.8658746740402117,-0.15240481823794055,-0.04849797088471472,-0.006871752587051747,-0.0020765728709704365,-0.13250897612535384,-0.1230272956498429,0.35783380379918606,1.1643344769126636,0.646306252533433,0.9111818570135743,-0.05869471135344115,1.401512873221935,0.36082124162219587
15,33896.23481432297,0.0,0.0,0.0,0.0,0.0,0.0,0.0,0.0,0.0,0.0,0.0,-3.192490528997488,0.0,2.088902365074623,-0.5063615920339931,0.20129673105283713,1.8632938888653605,-0.8476837402555134,-0.3906657553693561,0.40604375398068554,0.27993436061878524,0.08303336552210538,-2.7627054159708377,-4.067753887653694,2.7651832708925568,-1.0736428305304817,0.05591822786942609,0.6929783985835056,0.29633409781246633,0.6527193487223137,1.4477314041683114,-1.8352448859839021,-1.8395678526867003,-1.4347353089708252,-2.0586253038891535,0.4643163034742283,-0.04188019050391528,-0.2790395445030616,0.015362187851636504,-0.6467353978093038,0.8653518540261654,0.5079212704166324,0.028447628503401587,-0.18049022744869891,2.080493191607651,-1.6889406138963945,0.6670490775690165,0.0,0.2582482039238957,0.2372714299012669,-0.7530245948332327,2.421252192070908,0.9119218619113721,0.015100034936633921,0.07328553160820066,-0.007097061441260688,-0.002201918990977089,-0.13449710654328886,-0.12423249767481016,0.5061832904001335,1.2169556452253334,0.44051556460831875,1.1854766929371436,-0.3143269301054522,1.1682466627557673,0.37820338177023627
16,33784.81016599853,0.0,0.0,0.0,0.0,0.0,0.0,0.0,0.0,0.0,0.0,0.0,-3.3453608413838025,0.0,2.126503812486005,-0.4193898380367858,0.07788063217613433,2.1332639429916704,-0.7049848434956066,-0.4508752571102687,0.31295993601071537,0.09002648428084381,-0.03382999560886771,-3.2601488662943314,-4.642647872470023,2.769431612641185,-0.6490699252255758,0.13177256866942036,0.343249680421993,1.0876512382489776,1.275568026123414,1.1007930883436727,-1.5540555770824205,-2.5998430080582517,-1.627665318974892,-2.491155562801737,0.6740256182466257,0.054630342157270556,-0.2339397866028095,0.01764074058679445,-0.4476439399719836,0.8433362186548145,0.5164512143065705,-0.059330900367947845,-0.016390581495284495,1.7947587334275443,-2.4645901308491993,0.840868994362193,0.0,0.298863440624849,0.4555865399443582,-0.5903308320580627,2.481458615016301,0.7617016825205429,-0.3408746185914901,0.1335104953911152,-0.007236688900952871,-0.002192640341819951,-0.1298372502891419,-0.11760755430232699,0.8081517797431051,1.3185048155567651,-0.07631161229451722,1.4450474872874115,-0.5761364214114817,0.9206485754344588,0.38195264788988004
17,33714.7237841601,0.0,0.0,0.0,0.0,0.0,0.0,0.0,0.0,0.0,0.0,0.0,-3.3600527788633947,0.0,2.03654432550154,-0.4312841729886446,0.13666686147121426,2.2047261700095278,-0.6652754789726397,-0.4043433720918239,0.20610938123543215,0.0687109265484765,-0.054150247145626676,-3.6560434651258915,-4.903234124187781,2.6278792305450174,-0.443592637384755,0.20528917293332333,0.11548262274839419,1.5083283434214116,1.586490583073307,1.081324500431732,-1.4759638304114828,-3.0679690907996497,-1.6966786736447157,-2.7273640639548975,0.79015390804797,0.03689366525054372,-0.17915448820411634,0.22267012052528418,-0.33859849222510363,0.8246032379179478,0.46938031605450603,-0.16368072877656548,0.0469941351361734,1.8264899073623035,-2.752124949769262,0.8340713283396272,0.0,0.23820270411063496,0.3686232987358119,-0.3971240779172326,2.5424101423174705,0.6353283442828505,-0.15192289878954193,-0.01693861789144513,-0.007063816568249515,-0.0020604267220014337,-0.12587453151344383,-0.11827641566865965,1.0170920352106914,1.398191156014073,-0.32294790094627235,1.4105137111992583,-0.531171835687206,0.6083462841156462,0.5033273724446579
18,33649.75225568611,0.0,0.0,0.0,0.0,0.0,0.0,0.0,0.0,0.0,0.0,0.0,-3.336685810314055,0.0,1.9299352832799934,-0.4486893012118894,0.1860723541390668,2.0662288159139255,-0.6238436570403973,-0.33439536048359136,0.09813714514099472,0.14744245997651675,-0.03127907060208315,-4.052456628988277,-5.080071733405867,2.447173468422822,-0.2997716417824281,0.2824026553964845,-0.005484380387766927,1.8870433775816515,1.880177413624737,1.1789146997704885,-1.4466928738242424,-3.5132022326850025,-1.766463497442054,-2.820187511288298,0.8513996498796308,-0.04495589395189789,-0.18452639730228587,0.3042276270501387,-0.3613832304134543,0.8996540444051719,0.3583510986478455,-0.16681882927203834,0.011057006018376732,1.7778974405997237,-3.049948003816357,0.7269968148380235,0.0,0.3244346942901322,0.24382451570718183,-0.4634050788682664,2.676035568239472,0.5661331253265374,-0.11328432783064254,-0.17947245168945428,-0.006716203126914889,-0.0019169975124728141,-0.1199691501061666,-0.11877433108139325,1.242779897137559,1.4040462766733448,-0.5806726951994619,1.259004459034972,-0.38752029756496453,0.42357436838238305,0.2859038523562264
19,33570.50922115188,0.0,0.0,0.0,0.0,0.0,0.0,0.0,0.0,0.0,0.0,0.0,-3.2222456142116367,0.0,1.8292908259226275,-0.4596697329125667,0.23194192234248157,1.7703307971399151,-0.6204955509972341,-0.16624701254181884,0.025175547166439702,0.2580304664246988,0.06997230261913301,-4.658562871346097,-5.222995681313246,2.159390225266044,-0.18815883943530512,0.3923296539747637,-0.021274215499738854,2.364434475258006,2.379469664025816,1.379845028323971,-1.4181299164654881,-4.164806713868775,-1.7378205764080727,-2.846094849079121,0.8201541566684524,-0.10176905919210463,-0.16283090428218028,0.22058275249124495,-0.4306197051621261,1.1272318776632786,0.1601444485266083,0.010806004876150105,-0.16477849764394317,1.8522239414477712,-3.430281683592955,0.5505630918870685,0.0,0.14910357064499574,0.4350901887598335,-0.4346843062189903,2.696476786817862,0.602240200033424,-0.2722149461792943,-0.25293893039354387,-0.006492394640575576,-0.0017627830103348484,-0.11956187945205872,-0.12254205965427298,1.623769320508096,1.4570558763989079,-0.8560356535187741,0.9166258881349001,-0.08214651370523063,0.23787332002764552,0.3865954610849214
20,33420.70663175258,0.0,0.0,0.0,0.0,0.0,0.0,0.0,0.0,0.0,0.0,0.0,-3.049761017722764,0.0,1.8361418115496206,-0.45341339329069236,0.011973842423334269,1.7665338011225296,-0.5792886332432752,-0.2010177605448546,0.2817459175992707,-0.018730046899764263,0.2554630008480089,-5.6886184024055355,-5.03112562841927,1.7441573673941475,-0.26691703002196143,0.4150001662498633,0.4056320494988501,2.94917072182859,3.4375492547305253,1.5608447664090226,-1.2355077584500225,-5.216072493789748,-1.6419303712292062,-3.0258123770351344,0.4496428653501499,0.24119708792783204,-0.2506844177464659,-0.15022564793221552,-0.23981174123147941,1.086659790169016,-0.002057514367648283,0.07548150979047906,-0.5366091728793795,2.088846744159855,-3.640681179220991,0.21770474195737866,0.0,0.038474150190189155,0.2899702137762359,-0.5654395104580495,2.5933157960134166,0.6144973486585248,-0.3559732264320685,-0.05245441991743116,-0.006222411470194088,-0.0016245098461760284,-0.11195603528833917,-0.12663708615296962,2.4185451239141664,1.3940234564151905,-0.756958959149451,0.4103665805658674,0.4650415757289851,-0.32612738242042827,0.1917300089897925
21,33259.4874794755,0.0,0.0,0.0,0.0,0.0,0.0,0.0,0.0,0.0,0.0,0.0,-2.988909160802109,0.0,1.6998171472536978,-0.46292209579909915,-0.06241592710180867,1.7418671097166418,-0.6072841011079649,-0.2615431581246359,0.4685486172535119,0.025640322239024294,0.11920671074854938,-6.416383288766639,-4.652549369420077,1.5691934371736465,-0.42081086553750313,0.3311851428526411,0.8703764728641503,3.547593675674843,4.228686647793325,1.5531639064410099,-0.9943082999860924,-6.017577900015166,-1.586464189213989,-3.0031818957896044,0.1119805688349701,0.2931175883968248,-0.34340396005732043,-0.3068538877502355,-0.2334764331250446,1.0789327129978385,0.09826366631425984,-0.29945069645246114,-0.7230038543178766,2.222213571264634,-4.001492319096979,0.10658166591117192,0.0,-0.17456915875304846,0.18053966235354346,-0.699681871361453,2.320404852282555,0.5489873690226845,-0.14875125432565997,0.20622868457559057,-0.006346643169186617,-0.0016691891862901348,-0.11007105935879263,-0.12690718395348616,3.148988963703792,1.2728014086447794,-0.6019108204383391,-0.0034665827363878354,0.8646470505673594,-0.1499130807577044,0.0823578757914215
22,33122.98327594301,0.0,0.0,0.0,0.0,0.0,0.0,0.0,0.0,0.0,0.0,0.0,-2.937376344168513,0.0,1.65983557568057,-0.19967051242226297,0.14393341909306845,1.7569684152778788,-0.7029327256595828,-0.3163119766886042,0.395171825991393,0.4901943839322084,-0.10638437503004924,-8.068558617899724,-3.3622259376878834,1.5216420649603875,-0.979544366833154,-0.1657444366747038,1.2147590918144855,4.915799958864145,5.044695803274979,1.3099080172499584,-0.5870979348714742,-7.443939936590539,-1.4878013676755555,-2.9561917531334947,-0.41917998462831774,-0.06044654837094121,-0.5467689911183845,0.11559537515778473,-0.4525803035039437,0.975628449299202,0.4746261667910503,-0.82752416972361,-0.7915196543296212,2.4563902825808723,-3.695455444990405,-0.013599530215211306,0.0,-0.6016233795112808,0.6300161715521633,-1.2849321109742262,1.840857573814946,0.9228153300348093,-0.36861656105126656,0.38327630140051755,-0.005425499226993046,-0.0011855057763732924,-0.09527834851932675,-0.12764264653650845,4.827437215762662,0.9940222708365738,0.18140261468305963,-0.2330005981663759,1.1288312458306256,-0.49430612162365384,-0.35099939887183906
23,32871.6683592983,0.0,0.0,0.0,0.0,0.0,0.0,0.0,0.0,0.0,0.0,0.0,-2.852095357644398,0.0,1.7486733544795752,-0.16666684484750705,0.3082542936662938,1.720277350439487,-0.6381330300267882,-0.18474785147338135,0.48397822817386377,0.06902057262056532,0.03865996586040851,-8.742020726136772,-2.569991235742682,1.6081100678621925,-1.1726595194258789,-0.3324476553326475,1.2479360901124095,5.616675995038791,5.378585865094779,1.3065197849929846,-0.4737907369421599,-8.062706571912402,-1.5198799115219503,-2.708151691471781,-0.5938900470433272,-0.42616298327718277,-0.7014777026670722,0.27929540979196177,-0.6649701307087232,0.8430772963875044,0.5047559046701381,-0.5861702532287759,-0.7365438682846298,2.5714020717839885,-3.570350923733496,0.023390554892859773,0.0,-0.840285598598533,0.6393398657457898,-1.4755844404258722,1.6269348999612527,1.0092195041467336,-0.2762527018154825,0.23178559886412653,-0.005110011534709408,-0.0010223964372821624,-0.09031956858413581,-0.12464894147027458,5.790257673527698,0.8075730095385061,0.5730251393667323,-0.10342321783053213,0.9779138579752891,-0.25947638142513835,-0.49620009375466845
24,32775.214052571886,0.0,0.0,0.0,0.0,0.0,0.0,0.0,0.0,0.0,0.0,0.0,-2.7590339546985114,0.0,1.7902982981636713,-0.2096896194546571,0.08321482873698349,1.3255297663616286,-0.07467840836322603,-0.14986198459127803,0.4281704377512181,0.7865615675484308,-0.19662270676554477,-9.29008474585394,-1.2232077557412473,2.073660621288117,-0.9188966077186409,-0.031908156853554526,1.192297008099138,6.26801688078599,6.349416598760305,1.7515071519273833,-0.7134322400769526,-8.770888646531855,-1.6986920260090737,-2.093222164848003,-0.6773404185044429,-0.5941551340967383,-1.102464824060078,0.19693962037663823,-0.7715218867882059,0.21050677750826763,0.5065354624700125,0.20857439499960684,-0.3311443061477665,2.8987937143917897,-2.993892986617178,0.3721044845130265,0.0,-0.9898847933649054,0.1666656155911268,-1.2278203908200973,1.5001192477906529,0.8190999466440755,-0.5039202148618105,-0.21287734451664525,-0.005187671419807904,-0.0011425940043122973,-0.08556721649059805,-0.11910465699848821,7.908667447175414,0.3744927448332022,1.513094519863154,0.4036577697018745,0.44465300273117625,0.2143121104304086,-0.4409505519084746
25,32525.978430532625,0.0,0.0,0.0,0.0,0.0,0.0,0.0,0.0,0.0,0.0,0.0,-2.4478340847867672,0.0,1.1839824225994642,-0.2211364467937816,-0.19443021322015575,0.9725250011256108,-0.009315813908687437,0.31152329624025615,0.9981776876490146,0.8586116373908198,-0.5834768788889659,-10.079695109457079,-1.0207283061922308,2.9011162403653277,-0.06488048802258461,0.6726360192472298,0.6265432967987823,5.926518814290702,6.595683351460709,1.6817656528620264,-1.0339785737534068,-8.843730437042394,-1.7481652724880672,-0.870904693783533,-0.5877257889202822,-0.4989316001935107,-1.4442293803750863,-0.40422720868517714,-1.0178938780004514,0.32483235253440224,0.8677963979077957,0.30535888775453324,0.14950990433672667,2.5972318298226202,-1.8214992630916413,0.8217711910917537,0.0,-0.8385080802305536,0.28880381179714987,-1.2751569460602614,1.5584651415407664,0.3199904331477929,-0.38170527814995464,-0.7229176056751259,-0.00413524537420433,-5.990633003792559E-4,-0.07503163134273141,-0.11547991976060622,10.404612754322713,-0.0329412081615042,2.472252774436291,0.5391917132014388,0.17208034189402327,0.4210966562042357,-0.35618527110826276
26,32180.276493370424,0.0,0.0,0.0,0.0,0.0,0.0,0.0,0.0,0.0,0.0,0.0,-2.2287845748035946,0.0,1.0899049090179616,-0.3040434999325198,-0.0642191346865702,1.0229447044316327,-0.06250257104743823,0.32430545458494936,0.7880338160239477,0.7008858905182311,-0.44114381269469527,-9.86001755096771,-1.1284815910588817,3.3912680255998917,0.5822243558075549,1.1793529444935698,0.8187647975926636,5.948759880346588,6.465446792954644,1.832236253092879,-1.0744987746074808,-8.596250223824644,-1.8952206090865404,-0.20704716322903072,-0.47752377037990895,-0.554505071566562,-1.458536160027431,-0.5180881277609439,-0.9383955368068084,0.3523371872006458,1.0713505397203629,0.09338041931100938,0.20406696707126354,2.404956711152609,-1.2721672382944398,0.9023747887523528,0.0,-0.6157446243059219,0.32205717543593015,-1.1349797394910854,1.622466718435104,0.4666448955436202,-0.4804356308857205,-0.8372748968287704,-0.004819140065659388,-9.14841051513734E-4,-0.08395787280001082,-0.11664497025893387,11.676741340637857,-0.15011032354273315,2.727357183602253,0.45385748796674996,0.2567104407485957,0.48352901399534115,-0.28837450936055126
27,31860.33326422923,0.0,0.0,0.0,0.0,0.0,0.0,0.0,0.0,0.0,0.0,0.0,-1.872505542013349,0.0,1.468479716675791,-0.20150720310554293,-0.29244016953426033,0.6586939621887351,7.669619469836964E-4,0.2016234682332972,0.5459998488770371,0.5781876380756058,-0.14841530476150744,-9.839296017584163,-1.137171827570152,3.6982782443757634,0.7867893197514566,1.3829937441427134,0.788314701018615,5.4464822461024625,5.978294885497197,1.8412541861003233,-1.2235841517905222,-8.074334996686638,-2.310876590644831,0.03336726195047335,-0.31127758196917377,-0.38773138468015106,-1.278170053256657,-0.23995532016849952,-0.7985097367695061,0.30464236514473647,1.035474545589944,-0.20067773423943158,0.07221635805663806,2.065485818610639,-1.0836883113252305,0.907317468762343,0.0,-0.3923204116618888,0.3289926665769033,-0.9600966390257837,1.6782620083374082,0.5320080878001048,-0.4518664616266212,-0.597568072368405,-0.004248933308004461,-6.940720696267065E-4,-0.071983250687251,-0.1151957037612352,12.81245917326246,-0.23818807077664983,2.5163505864720346,0.3193198025377524,0.2839934831170534,0.6558437193751263,-0.12222612655980167
28,31747.954109756134,0.0,0.0,0.0,0.0,0.0,0.0,0.0,0.0,0.0,0.0,0.0,-1.5587530830334493,0.0,1.2352429801639733,-0.14283409229986122,0.5798958604251477,0.706739854530758,-0.2617789360903757,0.0644814899944281,0.7141751647019499,0.43959750961246447,-0.6131983138010557,-8.885401009368127,-0.6182537403548444,4.2771575777088255,0.5930512117951185,1.3967386070020928,0.9507812053700702,4.178567007857524,4.33003033250243,2.123832343518898,-1.5268181813842567,-6.195510931127968,-3.544791477754645,-0.5237547596083719,0.43991049411773064,0.42485075973610625,-0.6116890588342639,0.19010388349806162,-0.5298742875209266,0.574694552735959,0.013069077068654567,0.10807990751245039,-0.48049835224733217,1.2192263066438391,-1.0425792464597143,0.8799662797266969,0.0,0.25290474307401223,0.5813616206446873,-0.6253160320955338,1.8190467127432486,0.28943042484669745,-0.3027516922141973,0.3311754406277264,-0.0036222112522651564,-5.654085137791077E-4,-0.045946869064990195,-0.11181072085279445,15.459246435703598,-0.2278724677102344,1.2045298189185516,0.05642958424192096,0.4166534636534596,0.6187327105895601,0.08667965682872891
29,31631.525422774295,0.0,0.0,0.0,0.0,0.0,0.0,0.0,0.0,0.0,0.0,0.0,-1.6360837337311809,0.0,1.18457595193147,0.08019020577161637,0.4545524261029187,0.8228394487388216,-0.270341403900571,0.12805396011133463,0.6758461175268333,0.45468402429193366,-0.6154809167238817,-8.672455649675397,-0.5319119052006556,4.299690069245097,0.494987672536355,1.3851694393725913,1.0173374611521908,4.011819378081084,4.115083550903528,2.1657931423739765,-1.5484167383220446,-5.911642646642747,-3.6114270554956134,-0.6054142650587997,0.5651178520852456,0.42662032448404724,-0.5153694806680887,0.1332641604428253,-0.485291208416043,0.6532085824405176,-0.060153118740960396,0.15313330517620483,-0.5424469647154497,1.1590724681888473,-1.0801525421411313,0.8712909816757946,0.0,0.2977507480421042,0.6377496982887428,-0.6372036115776235,1.8192368494321172,0.28935782778450125,-0.18740626739452793,0.3008344678519295,-0.003729016813308051,-6.168519795224642E-4,-0.04666111209687667,-0.11194392287352241,15.759025086142154,-0.18115110626030648,0.9270106880099585,0.04156231364164907,0.4334332075151364,0.5678670257454467,0.10287406873345153
30,31481.202461569825,0.0,0.0,0.0,0.0,0.0,0.0,0.0,0.0,0.0,0.0,0.0,-1.7762231444338168,0.0,1.2427202878471597,-0.14675362661387203,0.4186887979900308,0.9239606540579924,-0.0655944255849214,0.32735744999233196,0.6444381547591529,0.5280677000100716,-0.5180579096478086,-8.321567379741374,-0.47450067123336703,4.202863473414069,0.2845701648526703,1.280098522524938,1.1015894390478462,3.612913762481293,3.8631229716783393,2.104700709183957,-1.5271394478805354,-5.4345522088376885,-3.5965655312732037,-0.8709347695147853,0.755308961352078,0.38532854720872345,-0.43303357322397434,-0.09129682842094308,-0.36035529683748924,0.7162323648361243,0.011139693965615802,0.10260673992542682,-0.5826807155667691,1.0953047016122683,-1.255322971700712,0.8425445215408213,0.0,0.249413073073798,0.7511434604735008,-0.7398848951959655,1.7027987949405168,0.3754872586741763,-0.0757891826746807,0.003344600631919936,-0.0038517944313269555,-6.738115690652319E-4,-0.04543727762435334,-0.10925513018431239,16.104710257326605,-0.11305350764453022,0.5293104899973349,0.05022625556751763,0.42774649023187644,0.44058105080811694,0.0768836296113069
31,31371.500491216517,0.0,0.0,0.0,0.0,0.0,0.0,0.0,0.0,0.0,0.0,0.0,-1.7053357867208334,0.0,1.144220571980682,-0.08134466280428056,0.45878299102397724,0.7507467680479094,0.007254730022625611,0.385478217164545,0.859156371818624,0.4469655813319564,-0.42062688914228835,-7.878978615914069,-0.6043909705925394,3.976208133490723,0.0428030536087706,1.1436331232914738,1.1471617236830778,3.322530266646574,3.604282033645423,2.0899313682096046,-1.4931156416689917,-4.964805120746604,-3.438273600736442,-1.2164786714698503,0.9177637673203908,0.21742157526493075,-0.5315897181353091,-0.1884203330361756,-0.3624688587125295,0.8083347372583549,0.2796951878497819,-0.06832369648594194,-0.5205838530394264,1.3891726420904342,-1.5258443295176616,0.9390919839527012,0.0,0.0978673055040856,0.58106479502411,-0.728899498893978,1.747249679171529,0.4048654687176393,-0.32734145023927924,-0.16797883135149977,-0.0037999089848368022,-7.138528937287849E-4,-0.04583027805692732,-0.11093885235367666,16.26661757720614,-0.07043400128126046,0.2743640550336583,0.10438549927184358,0.3862683352941887,0.274175009272159,0.024274457125153782
32,31265.74634457837,0.0,0.0,0.0,0.0,0.0,0.0,0.0,0.0,0.0,0.0,0.0,-1.2852819466333627,0.0,1.1321132221214145,-0.01317944538414996,0.5397999740309357,0.6478937345062465,-0.4002065976132741,-8.988149090143893E-4,0.4647629558770459,0.36659393511434385,-0.37463263141358916,-7.079458938421885,-1.2294091271334402,3.504104036242156,-0.32006546073441655,0.7465012154518919,0.7946800073549478,2.8547511248404702,3.3728771343928043,2.193722706280343,-1.5870097548040574,-4.204288352688463,-3.0937164294256077,-1.7475280475859374,0.8748025718654542,-0.13869164065517778,-0.9276504536142951,-0.5386485540096699,-0.4267901864027136,0.7643309389511589,0.7287470610239613,0.15448544373120926,-0.4708962895063703,1.596539423873898,-2.1258546970495247,1.0869368456161683,0.0,-0.3123958052223914,0.5421956930777813,-0.8594683564169509,1.5629235317227985,0.2539804555265935,-0.2315666975882496,-0.1745479759003833,-0.003802931624335652,-7.413888392767138E-4,-0.04557671705061467,-0.1085623937318563,16.291566252631952,-0.08080803924635722,0.32909814708710483,0.19188604551599925,0.36094829385486893,-0.009823184885815406,-0.23450724541769877
33,31204.430544442694,0.0,0.0,0.0,0.0,0.0,0.0,0.0,0.0,0.0,0.0,0.0,-1.1120558601912889,0.0,1.359679884309773,-0.20726071661248863,0.2166258088839157,0.641490588878979,-0.4001469295424749,-0.10760571070364001,0.6528602764350687,0.41708563911584184,-0.676150519796061,-6.130933929665138,-2.2574909460969366,3.1413284669028316,-0.60335379507684,0.29137155259819547,0.4509711575076951,2.8617376822046228,2.955381735403631,2.136787276219638,-1.7078522196200985,-3.4897654758711925,-2.7049980692428477,-1.7604512024586014,0.4382087399642267,-0.6261065094355525,-1.368330514246855,-0.42581394198129713,-0.6356074164034755,0.4075150553974837,0.7854681698688265,0.49267313790183054,-0.41440100582153583,1.8490133285020054,-2.5025830617633584,0.8989583065297884,0.0,-0.612935533173206,0.5075346022604585,-1.024082213807636,1.2525929694854743,0.18362063868337536,-0.09828789976351396,0.0948544035934677,-0.004085481309516877,-8.637688774618703E-4,-0.05108906305053251,-0.1069839566601171,16.07417858540329,-0.014754927175123486,0.23962468088785213,0.16744504291701048,0.46436945440594657,-0.38760477656686826,-0.41086334365648836
34,31124.271665428532,0.0,0.0,0.0,0.0,0.0,0.0,0.0,0.0,0.0,0.0,0.0,-1.2679928962594136,0.0,1.0016804231481633,-0.10591721964040664,0.16670330540986486,0.6777380316119521,-0.18302690835842855,0.042374848638718585,0.4164528391133111,0.36135111110234364,-0.5141123435106383,-5.312511434998797,-3.1961555262189494,2.8129871313247543,-0.8900316196394289,-0.2190781209891287,0.1439185599483318,2.6619612734891467,2.9111755565420854,1.8003794530047823,-1.8086934224489246,-2.927470705265479,-2.47883020099871,-1.8199155184647913,-0.19237041024242807,-0.4360467461422486,-1.7689746755168758,-0.14078135029103855,-1.0722061433321466,0.0385404600860112,0.45149946516150974,0.6048054469904103,-0.21685786299339962,1.9741830479117393,-2.757351702145837,0.7029569134139853,0.0,-0.7021646564255929,0.45436038137872337,-1.1502420085513425,1.1153776267821045,0.4334543967196478,-0.0838412327445541,0.14346853424035821,-0.0041154130782895945,-9.384954851139936E-4,-0.05341380655720856,-0.1077011692181702,15.675312088778925,-0.07306792297499284,0.3937419759602649,0.08453801391203664,0.5225598807040286,-0.38233022248216325,-0.3782106683159563
35,31091.01404547766,0.0,0.0,0.0,0.0,0.0,0.0,0.0,0.0,0.0,0.0,0.0,-1.4605602105068627,0.0,1.1125776412251909,0.03129028004905175,0.4857835964209375,0.7928212716181773,-0.3569779907279318,-0.013942286603630234,0.37931854572565965,0.5116574657188986,-0.035869319916783216,-4.648588613550534,-3.90593725986482,2.2250888504717174,-1.2830857377735745,-0.6486167193249273,0.09851344561326261,2.5053306907906188,2.9074192230864866,1.5904464796076152,-2.018409333439998,-2.556943425558777,-2.1367974738456823,-1.5269557864287302,-0.890988870676129,-0.21504246180860306,-2.005722176473745,-0.08089282653202408,-1.3842458012944545,-0.24730225468374673,0.0407050428547861,0.3899927960546872,0.1744763352932079,1.88675995899651,-2.684230202063219,0.5159947765528171,0.0,-0.5692610508637042,0.5554782084061866,-1.1025175038881179,1.1868177961593365,0.04387267093884678,-0.11745296213710041,0.03445055074188101,-0.004520467414681204,-0.0010694454309029828,-0.0646041388682483,-0.10632419097832058,15.016940164814443,0.018850889158889703,0.18491321127507526,0.23505337498578588,0.3634622609185868,-0.3080062806102011,-0.26862488873100554
36,30892.526641075558,0.0,0.0,0.0,0.0,0.0,0.0,0.0,0.0,0.0,0.0,0.0,-1.3717957659226885,0.0,1.1390271103676302,0.06648864349824388,0.4879003856195337,0.7728807402741307,-0.42079802317729775,-0.18062989725778025,0.3112175944583554,0.44213943228420893,-0.266548101354654,-4.335099742608333,-4.5019833394540365,1.4652236447561435,-1.5581800224375413,-0.7649381955101621,0.43283551039079515,2.3073047977916668,2.6372949999405297,1.3210651660066783,-2.1444172951280445,-2.3607088474618267,-1.9915024961531893,-1.6890916942422742,-1.3814072730437803,-0.476136045198035,-1.6202563536038606,-0.19606119818574524,-1.335289422454596,-0.20118194079248436,-0.4259571093761998,0.3173109848739856,0.42821445106730793,1.467442451581865,-2.3988683212702893,0.5223311586500157,0.0,-0.17634387774343002,0.5377055353113661,-0.841470504862413,1.3995951146315586,0.22647340982044245,-0.1139326201190924,-0.28228231748240357,-0.004549616932131194,-0.00107172570100819,-0.06761094109683677,-0.10428533027446056,14.0275203251661,-0.02401298709563609,0.4339664850351002,0.3586061793579836,0.14649671753709492,-0.0040231500224391925,-0.019507667888586905
37,30662.659674509912,0.0,0.0,0.0,0.0,0.0,0.0,0.0,0.0,0.0,0.0,0.0,-1.427263205383411,0.0,0.804887137335288,-0.16335592958791564,0.4109946977962535,0.7918852459506968,-0.16567456776829315,0.06367276571389519,-0.06229723234161755,0.3056738492121036,-0.17741632238173938,-4.055954839581871,-4.785075770251659,1.1974452085019391,-1.686248002554569,-0.7492102480639309,0.4422060885630012,1.906691701913339,2.470612588586582,1.4302836882818073,-2.0632176590298776,-2.2655868644003836,-1.9807826505021973,-1.7977638651878876,-1.7480346615478122,-0.890585112989799,-1.062247417321383,-0.22579930994284325,-1.1409028759825877,0.1303096603064059,-0.41862549005731736,0.21167656686589903,0.12655938884187645,1.2605856285441663,-1.864203617474915,0.6570895168193246,0.0,0.16018721025910593,0.44834736567050043,-0.6737422487583471,1.5314440904558393,0.03514022292207003,-0.14655886034619123,0.1689215441742435,-0.004537557654691324,-0.0010657732396251267,-0.07187417851766204,-0.10265856218296812,12.664473884364053,0.014587460138875435,0.48341389902136034,0.6071348270277147,-0.13645904049455132,0.22707227462333637,0.09475820138322943
38,30291.57443759493,0.0,0.0,0.0,0.0,0.0,0.0,0.0,0.0,0.0,0.0,0.0,-1.4810651298186928,0.0,0.5602246707604993,-0.22870795060494226,0.32465285921885545,0.8628104706354367,-0.34128532467468886,-0.179229632135305,0.28740716534862115,0.47872692353256197,0.20211358902977444,-3.5868854019153193,-4.675208275715658,1.40710236260217,-1.2443951889990092,-0.4429569994143525,-0.05249072859820597,1.4012657368354726,2.136770936772732,1.5297375282697234,-1.499152043626307,-2.1191620388286627,-2.4219649709129336,-1.9043127081866194,-1.9473372860007832,-0.8502340994229549,-0.6767993561455321,-0.13419305964772832,-0.6751242946288005,0.6121946798673894,-0.21557306978030513,0.16804222378349098,-0.6440542397038329,1.025347858517804,-1.494894365202728,0.21821852422032356,0.0,0.11271074918429039,0.3975289084275779,-0.5306617975742288,1.6133939703333036,0.35485285490469104,-0.023227418293187557,0.041273625474770176,-0.0048366597562555635,-0.0012362913703680887,-0.07745831698433685,-0.09932217833929399,10.643217468914154,0.03203418604032046,0.5729629318616385,0.8269014900627711,-0.3849024332772798,0.6666196610620638,0.09823435468596178
39,30043.93299530631,0.0,0.0,0.0,0.0,0.0,0.0,0.0,0.0,0.0,0.0,0.0,-1.6027051881473322,0.0,0.975022090508445,-0.03445165824689131,0.5020614506925742,0.8532024157667429,-0.20241605413415378,0.01517961668957446,-0.06102268836910113,0.13605159782932397,-0.4006647300408656,-3.4742262399081185,-4.2243168295939695,1.599697637294764,-0.6789250616244459,-0.08558392177629842,-0.19049986315443082,0.9714835359394558,1.2910172904197375,1.7731490117771163,-1.1502975615237192,-1.9974700211998193,-2.92355856464902,-1.4787503135457796,-1.6656509096033123,0.07069338887064214,-1.109723357327673,-0.17847138103619195,-0.24614300385001292,1.0352668570190715,0.20028476742618054,0.09943333954471666,-0.9737643069608799,1.0685523125719945,-1.4499996957492725,0.19376575089332382,0.0,-0.08354806525073796,0.29064102665112557,-0.5454616896387846,1.58876770631369,0.6053690801730461,0.015507582489568059,-0.20334627518736303,-0.004784951899885302,-0.0012259763892561266,-0.08443479986617812,-0.09933461012418215,8.628057934258731,0.12251919234671767,0.4811978416740471,0.7344835486591165,-0.3289965992204217,0.8334277764319709,0.09214274636727461
40,29878.3854622816,0.0,0.0,0.0,0.0,0.0,0.0,0.0,0.0,0.0,0.0,0.0,-1.615846012781584,0.0,1.1148236612469802,-0.10273545133834572,0.3665074832614845,0.9464703680576638,-0.2779324751188047,-0.006393904246819751,-0.08774060114587433,0.05947907563122086,-0.2583122924845761,-3.399292383874356,-3.8533879203724832,2.011264405674922,-0.3713108910383737,-0.07712618495968132,0.16431963762718663,0.5967110297061237,1.10806092555402,1.4772713094652568,-1.123487664343185,-1.879190170839447,-3.3326543126958477,-1.1202214357345417,-0.9309227241723733,0.157507402759583,-1.252686228084178,0.12246104997547749,-0.14426351862259967,1.1865591154776018,0.14808014030793645,0.29317771924443004,-0.7558137785407542,1.103954665805212,-1.790128144450123,0.6450891219514712,0.0,-0.04348056903266629,0.38886441758058343,-0.6267212333824665,1.5209879039946224,0.35736267493537477,-0.07518212001629171,-0.3543593832464245,-0.00497993205624797,-0.0013437532302568527,-0.08943187742056156,-0.10222112750466969,7.7070055099378525,0.10803956141260146,0.7582420154343225,0.31483722882344467,0.08884599158321749,0.5556026187145193,0.12342146588032941
41,29788.960819301657,0.0,0.0,0.0,0.0,0.0,0.0,0.0,0.0,0.0,0.0,0.0,-1.641438112968839,0.0,1.1614613706760661,-0.13308821982454463,0.3611506300369594,0.9261962125748245,-0.2599086260336903,-0.0020218862099868227,-0.05633116766997185,0.01633129600257662,-0.10749855168859018,-3.2885969332453766,-3.6128731443558197,2.261751141548439,-0.512207956239952,0.04835442443942711,0.05625668626245778,0.615684765256596,1.0169435241677252,1.3971108253822615,-1.385088868056299,-1.8397889213530862,-3.372276962443403,-0.8313952203624315,-0.12529683947227266,0.22916381942712608,-1.0918530683014007,-0.07326411558490564,-0.08119682483259141,1.226774291003161,0.0353795955423047,0.16838201542874864,-0.2867634061484133,1.0863449905452711,-2.094861237090866,0.44400805766632256,0.0,-0.0064042403779761975,0.3581277550785036,-0.6483094986151657,1.4768347794891659,0.5006636409276055,-0.019168647196106815,-0.06489079958054078,-0.004945702453595641,-0.0013287130328987371,-0.09191963168083384,-0.1029440111302902,7.324221743681661,0.0702941583243758,1.0668259079225861,0.15878354590607222,0.24084677819305167,0.3418108039929461,0.1453948771421743
42,29767.014178314446,0.0,0.0,0.0,0.0,0.0,0.0,0.0,0.0,0.0,0.0,0.0,-1.7915382128534525,0.0,1.353373906105948,-0.029784791934423238,0.43454826429412424,0.9668253635122148,-0.21950778349568295,0.06359231283093061,0.031553610619037185,-0.005020511102095854,-0.13073750099488157,-3.144392859742854,-3.659482492654797,2.00232555404269,-0.4750543527408336,-0.015643473040882927,-0.036040584364543285,0.6106816775293815,1.1548353664548028,1.364795700031875,-1.4524969024318286,-1.7880880894045954,-3.4676096571838144,-0.683129869480376,0.36778674295125074,0.3337846407749715,-0.7091215306417067,-0.06747152791552692,-0.2264106821594961,1.136714671823594,0.1599393100857271,0.161917920653333,-0.35169077260221937,1.0997124574579997,-2.023721823700454,0.47228493802158905,0.0,-0.14033546180457357,0.3723066508554306,-0.6536649891361466,1.4795791012741386,0.5025744313199849,-0.027465178970507396,0.011193500296860809,-0.00506136047613722,-0.0013929685320640116,-0.09401050451074164,-0.10389693458734359,7.303722827809203,0.02515783511982092,1.252627214627993,0.07120926056124667,0.3570838959086425,0.4039921801216989,0.009918736941591733
43,29742.936342633628,0.0,0.0,0.0,0.0,0.0,0.0,0.0,0.0,0.0,0.0,0.0,-1.7504053846135177,0.0,1.2785499692146274,-0.08634656185793005,0.3701557054395683,0.95193107044147,-0.23451957269584683,0.025348478227405623,0.051261516565630195,0.02970826234372464,-0.08660121425709741,-3.116574775410204,-3.790743508364318,1.9075760248358222,-0.6359031092339686,-0.1852178120320048,0.012220304553322354,0.7716754769417488,1.0811298934395464,1.328720060486906,-1.463368780014669,-1.7500070697264583,-3.537493598132914,-0.44411049680213177,0.736337456308837,0.591338260071723,-0.37583335439852655,-0.13063425456681416,-0.35559770003567903,1.0061341093095537,0.3266161919419156,0.2091455617121691,-0.531129931546259,1.1226449174143607,-1.9736742463394403,0.5686209970379938,0.0,-0.21791228413146224,0.32205193152376926,-0.621250577645388,1.473452526408377,0.507211784463076,-0.027272205700136533,-0.05103232144622632,-0.005041359452258895,-0.0013703460531090123,-0.09397508173073452,-0.1031333498875074,7.355250827467048,0.024988031766572615,1.3038266189880041,0.10014222295511019,0.34261619532893356,0.41672581597708486,-0.05057662497918876
44,29726.033483218303,0.0,0.0,0.0,0.0,0.0,0.0,0.0,0.0,0.0,0.0,0.0,-1.6545731758550308,0.0,1.2439691256235965,-0.1263963928726139,0.3128942331888865,0.9537520953705362,-0.2898467872165034,0.008757370830805574,0.033870726513224994,-0.027116813276480637,-0.20421863263699036,-3.067774936907624,-3.8514956596585748,1.8924378852996686,-0.7865219685531294,-0.25327238402490027,0.0716666627144614,0.6999443716795181,1.2208336308549192,1.3820529965912203,-1.3792302644422345,-1.7144754884612325,-3.5784562375419533,-0.2650367245290741,0.9302645152828913,0.6458348010113735,-0.25436978032245583,-0.054240796409372766,-0.44585463390703695,0.9697525733643529,0.3939146985174548,0.17112415059299685,-0.6279725440401174,1.1597462488957315,-1.976003214957633,0.46144943084518103,0.0,-0.17265247382700774,0.3371858608700168,-0.6518297712586307,1.474348952231904,0.5113937078433354,-0.05957182566461935,-0.14055363610627128,-0.005135722381771902,-0.0014106122727500345,-0.09532040964516776,-0.102450108164897,7.44950512212365,0.03663721141599477,1.2936587657383718,0.1929826208944609,0.25118900200658506,0.38557484607814607,-0.00402477484703493
45,29656.726992359985,0.0,0.0,0.0,0.0,0.0,0.0,0.0,0.0,0.0,0.0,0.0,-1.7287267393390673,0.0,1.2411313219084557,-0.10670996386440966,0.3054734828382954,0.9410727957678264,-0.306138877952381,0.03335300580418092,0.08799969216701667,0.09645660883254678,-0.12906028952449672,-3.0642476931739138,-4.011356062060582,1.5062658590149585,-0.8543264900383417,-0.10880419237992117,0.2183498963575559,0.5370219200149293,1.0212012111936069,1.4994430926631626,-0.8336446561884286,-1.5524358793934732,-3.553693643394708,-0.03683877793163001,1.1334533548807755,0.5720288377220722,-0.3280287646083568,-0.04299087303712419,-0.37418133093485434,1.0825707576257209,0.20434620560407227,0.03031621046243685,-0.8862380926812856,1.3629315022151616,-2.107325927783969,0.4859178813741152,0.0,0.12411372649634758,0.27459559581732584,-0.8972328274112946,1.2798184347649653,0.47560844291929805,-0.037505563307274364,-0.0927063218580457,-0.00521183171346948,-0.0014380813349987964,-0.09617674108098741,-0.09935385880690366,8.031352725621025,0.01261905994732047,1.5318734654359618,0.5228146188745122,-0.10178366237795983,0.3423106843074572,0.24861794774264975
46,29510.62014614243,0.0,0.0,0.0,0.0,0.0,0.0,0.0,0.0,0.0,0.0,0.0,-1.7499033384721199,0.0,1.249435300617013,-0.16006337131525888,0.07403071009317119,0.9167656722598083,-0.2647627347357534,0.165365319168506,0.1291970231330744,0.05386540017844488,-0.10673866849821416,-2.9451523200938463,-3.905279639785944,1.62981739223697,-0.6475745210522126,-0.3240383986200041,0.46719220929032246,0.3418885302407826,0.7858955045655907,1.6238821154978047,-0.781190389157249,-1.0648923441354752,-3.2312480674674777,-0.2821829288323624,0.6588514332705991,0.16023453969341694,-0.4945175511452472,-0.22717788060214944,-0.1157360896199991,1.4173499728718388,-0.18182009090976872,-0.49220878127504863,-0.9366883339881796,1.274023017317593,-1.9371945677755613,0.5050582140461428,0.0,-0.2729347035176344,0.19859243966046602,-0.5664317250459538,1.6244040334673946,0.39133420052736495,-0.17064752914605905,-0.15630985539324074,-0.005214383860149613,-0.0014678892231948712,-0.09336283133789879,-0.09534369366557646,9.478574841253026,0.046959977632317185,1.4397841062776517,0.8167936668239499,-0.3419909943462708,0.40620351553469236,0.06272985785120042
47,29436.672277162954,0.0,0.0,0.0,0.0,0.0,0.0,0.0,0.0,0.0,0.0,0.0,-1.7267768605593294,0.0,1.2841169625977826,-0.18519529718315356,0.03962523657787696,0.9110385662371386,-0.30604653201838056,0.15619459485192025,0.1806228086755079,0.014780846112766428,-0.06935563552007207,-2.8044163825654573,-3.7873457356604363,1.6836744982937675,-0.8049403439067093,-3.479320809842701E-4,0.3963863171644566,0.3722878967409017,0.7685304499912912,1.4631370692393135,-0.9111792973148614,-0.9719297687485305,-3.1395466860886865,-0.584911441840758,0.39725348571172003,0.02960734365613618,-0.6006023104673066,-0.26709720909179824,-0.14037635215685498,1.4104907590003706,0.08389183448415213,-0.4723616455545252,-0.8608346324478949,1.2468387721094984,-1.7158393752410446,0.5926690220854706,0.0,-0.06461009110729765,0.16593693833183723,-0.5620220778014346,1.6357511779532192,0.40891058327308377,-0.22735859670913997,-0.1881780499196787,-0.005220835693256638,-0.0014858032382271016,-0.09151200329874187,-0.09555714441879962,10.001028873384694,0.09004198554702492,1.1708012769808884,0.6919236433356976,-0.2433294944740535,0.5328386546762987,0.19044810778238422
48,29416.341212510084,0.0,0.0,0.0,0.0,0.0,0.0,0.0,0.0,0.0,0.0,0.0,-1.710180615538112,0.0,1.2217367428370476,-0.1978338788603432,0.01229655661555151,0.9124014637951329,-0.33612432554569194,0.13413017635992502,0.2361593725003353,0.022318024426529238,-0.01524327362043703,-2.815602330228789,-3.712167619161739,1.6346959229190456,-0.5697789913802442,-0.10791249391266443,0.5097446923060109,0.29474335408076857,0.6917827298581805,1.4890536346714935,-1.0128087121501868,-1.0704664034947502,-3.0737487125787664,-0.7425113692968736,0.370477800813647,-0.008853479614387469,-0.6319639974938963,-0.27930178885539136,-0.2570902655264091,1.326518909923498,0.3206881892697905,-0.3929964258320767,-0.7099178016773254,1.2218042972589853,-1.6480044578827033,0.4932283622544451,0.0,0.08169335172494335,0.16965121603388836,-0.6073891342395359,1.6055101255289443,0.48811500853152556,-0.19492712840600307,-0.10407956049363662,-0.005193606663430887,-0.001475671001556866,-0.09091390846180598,-0.09531443798246113,10.128759812868466,0.12022599339371966,1.0160353343680342,0.6866473372187863,-0.2622527437401369,0.5873507708271194,0.3001242471588676
49,29401.1259260271,0.0,0.0,0.0,0.0,0.0,0.0,0.0,0.0,0.0,0.0,0.0,-1.7020288412046438,0.0,1.2190772897714424,-0.20720688380209903,0.00836754815438586,0.9133648488510826,-0.3492683883954498,0.11105736883612255,0.23065795241503928,0.04059733377572762,0.00786002935044016,-2.816138091518564,-3.692709802230707,1.7437194041225879,-0.5397391631149355,0.08737341883219206,0.6111000650651934,0.09549009903768238,0.5455390747733279,1.5106794752756683,-0.7342356431971795,-1.4096895792971693,-2.931537756512322,-0.8327428992881947,0.3682663663344032,-0.021307135149001982,-0.5190931098026049,-0.2939717477933147,-0.47929297901514867,1.1357238640705518,0.36520535632986706,-0.31736267548117636,-0.5107871203091032,1.1668109928597192,-1.6326899455528474,0.4811198909444902,0.0,-0.029308046470940333,0.179394756204887,-0.5432002161815761,1.6605225106715484,0.5167437668720675,-0.16858535471297875,-0.03802421811311256,-0.005117816608815511,-0.0014618252183820984,-0.09072417137380435,-0.09529179719097831,10.091967038006748,0.13742855521258296,0.9301747260178844,0.6514185552892653,-0.21295428527066107,0.5903847456981498,0.20414591587358333
50,29366.607383847688,0.0,0.0,0.0,0.0,0.0,0.0,0.0,0.0,0.0,0.0,0.0,-1.6747664311948722,0.0,1.3292432950834283,-0.18540980486203756,0.030863445756821362,0.884486636359344,-0.35398112820262845,0.07104087108248278,0.2626240034228827,-0.013258282985589946,-0.042089319715262405,-2.757037682243163,-3.4655242708053056,2.0471827515082697,-0.33295612881614556,0.05858904840088543,0.4454967266576834,0.10718839201994627,0.5141998734019542,1.5795340074190376,-0.7089861639378106,-1.8239211463769058,-2.710248175173455,-0.889625246021742,0.301027272933617,-0.044254592800755985,-0.21883112167770713,-0.426153516487579,-0.6148933375606732,1.0573721083603926,0.29566782593599306,-0.4919212373895463,-0.6406923504462827,1.1972678709242226,-1.7987308132074995,0.6742990504685512,0.0,0.16175729525925697,0.16877532626762798,-0.600251078010837,1.615721148123248,0.5369312684045429,-0.21154101712074666,-0.17073681704967658,-0.004939372084935332,-0.0014252192594870654,-0.0899228982832322,-0.09587266695368582,9.84626639254775,0.1217295490042587,0.986594927160882,0.5178822479253469,-0.10795446745260952,0.48903315721307317,0.29094914499300767
51,29289.152310780606,0.0,0.0,0.0,0.0,0.0,0.0,0.0,0.0,0.0,0.0,0.0,-1.6519743506464715,0.0,1.2638181122051724,-0.2050841565027089,0.03823450801268262,0.9035766840118903,-0.343113664972465,0.03491624005251918,0.2515680305286497,-0.042409343260965245,-0.04781506599918281,-2.899500122030158,-3.114451167991,2.1946164563787125,-0.05116411396622861,0.44633218791838347,0.5912317557195339,0.30900256714038193,0.6637670615037263,1.082329153560277,-1.1707794658294157,-2.309983185485807,-2.598354522479755,-0.9072565589043234,0.5678832390202126,-0.15880780889885815,-0.32819669875069185,-0.41415953458866434,-0.5352592875241448,1.1529347685344284,0.29631719288022174,-0.6488708777722624,-1.1576834490802543,1.160186597968397,-1.9279976924458262,0.6020167380471564,0.0,0.10904262106325115,0.22613715765490555,-0.5589350647290029,1.6573998183193457,0.511831172394077,-0.20386003619299622,-0.18538115001454766,-0.004519965993513841,-0.0013084184879967968,-0.08737622006569587,-0.09479217664773448,9.253328816742924,0.08534694396872348,1.1035194402838773,0.5198941117699516,-0.13013232855025947,0.40286087833396267,0.2626958876732899
52,29241.97616143139,0.0,0.0,0.0,0.0,0.0,0.0,0.0,0.0,0.0,0.0,0.0,-1.6223745834832013,0.0,1.2494097404354945,-0.26559449049691736,-0.07704044792098674,0.868039337390142,-0.29161818648945587,0.0089127513419935,0.3081093068496149,-0.009467386344946128,0.06629570139538665,-3.312667901184667,-3.038857043595452,2.2952318412640476,-0.06504095962271525,0.21841321154207635,0.5312782870858093,0.8792823108761203,1.1603025176193673,1.1301156424680407,-0.7441503832227199,-2.171619096435494,-3.005024348809843,-0.9585803073585389,1.0389224490452142,-0.23617512566446952,-0.6989339550474734,-0.4945535307413821,0.046056444204455316,1.6272379210576662,0.4123417512305027,-0.5769787883809445,-0.8062459246622176,1.0279081222991975,-1.4775537309976454,0.5731478953329976,0.0,0.1396684088738317,0.2495785002018194,-0.4678991709657188,1.7095663825577134,0.5582370339690804,-0.1879640412231737,-0.11530391350646077,-0.004116983197634514,-0.0012121515479847002,-0.08392319533485659,-0.09659166243320327,8.588439775554384,0.03436248113063872,1.1220869260883013,0.19685035474419615,0.13130225017801578,0.6452301235847818,0.3086765586838345
53,29218.29075391079,0.0,0.0,0.0,0.0,0.0,0.0,0.0,0.0,0.0,0.0,0.0,-1.6227213883368998,0.0,1.1861544718657653,-0.304123501398449,-0.09701677997480898,0.8758541587395159,-0.30602988974303436,0.022311265703203,0.4100515708404774,0.014005372145702175,0.12272483450174967,-3.5461605128363134,-2.939972266039125,2.20047419835076,-0.039383851915009274,0.3411897995052403,0.5550398982825498,1.0394059709907975,1.4055278018868251,1.2748667379173577,-0.7026903686203116,-1.8783936541643942,-3.341722887529352,-0.7934227702583045,0.8473766214522989,-0.18871805560174298,-0.5426566702062079,-0.4159324949482245,0.22342708229161656,1.829832812406537,0.6022252883518597,-0.5058229868531385,-0.4726267511277383,0.9820354911953222,-1.5715680971408952,0.7308766006963094,0.0,0.07151312208773442,0.28285557386243587,-0.49002509095557617,1.7100318094930917,0.7526825900894919,-0.11999270260698482,-0.03978096874391318,-0.003986313264721529,-0.001181952554863529,-0.08230243485653936,-0.09622338344497854,8.353822222027654,0.033676546042969435,1.108980275373665,0.20430087526117807,0.13586415766342438,0.5362135822362879,0.22810173212854165
54,29205.964147599003,0.0,0.0,0.0,0.0,0.0,0.0,0.0,0.0,0.0,0.0,0.0,-1.6738205593003903,0.0,1.1767027990292134,-0.27103897046242564,-0.06170213297895934,0.8732268054035897,-0.2625257727026454,0.04826944867868933,0.38726748628721863,0.02203278497396289,0.13503893773227893,-3.7281905688417174,-2.892571160804464,2.210973016723055,-0.004337464131243168,0.40430854508360387,0.5955950975897923,1.1519523650699264,1.4409384748525622,1.2517582385221218,-0.6194262509672082,-1.6180861212120903,-3.5546453486826617,-0.732590231128083,0.6570862431659882,-0.17862411036947431,-0.32314178235679825,-0.42323865040410946,0.31279110846832686,1.9400276461510921,0.806730455347094,-0.38823396234319,-0.2835407504247304,1.0214046066255706,-1.7050302316648165,0.5565493136956161,0.0,0.06984294249820965,0.2701736905905101,-0.4706662084035167,1.72893787182937,0.6356496710402272,-0.1587927830467178,-0.05891471587533436,-0.0038519043870799503,-0.001138820213947905,-0.08062102797852032,-0.09620515726639649,8.228014426230722,0.008610089895875334,1.2132238198736387,0.17445257794258148,0.15771046129843644,0.48805183260173357,0.2252756091659037
55,29176.444649440567,0.0,0.0,0.0,0.0,0.0,0.0,0.0,0.0,0.0,0.0,0.0,-1.6241944368421466,0.0,1.170403376999932,-0.2661264269609688,-0.04954069439066416,0.8813705297351597,-0.3064302108340253,-0.01865303840837397,0.3470282388076621,0.013555734569284295,0.1116697620160214,-3.8245647856485614,-2.8864082802404534,2.2598242071813432,0.10655003242669703,0.54553484449247,0.6152407834114122,1.1118345324481922,1.418158576991057,1.23086352835765,-0.6034291045951127,-1.2364313444603579,-3.42919430860724,-0.844698915302615,0.7097875400064108,-0.1745549713936111,-0.23679751511796276,-0.4515382546649441,0.21269495027838248,1.8362601432929224,0.678665255074968,-0.4342543770620725,-0.29077923878761236,1.1535692457232836,-1.5980040474798962,0.5596234216755293,0.0,0.05609432780726577,0.25867284754596065,-0.609777892948453,1.5730215358227406,0.6089955192246628,-0.18453620735477394,-0.07334395186494067,-0.003732481034637184,-0.0010923926311236108,-0.07991436480897698,-0.09487117634571243,8.082566454077933,0.01640213603696315,1.1339781878990014,0.2165144487749528,0.11305047279608221,0.5838377326700686,0.20436936817665546
56,29094.192182968567,0.0,0.0,0.0,0.0,0.0,0.0,0.0,0.0,0.0,0.0,0.0,-1.72564486699053,0.0,1.2298989060628271,-0.21976180154392266,0.03722349308077955,0.9321960061866881,-0.2820618588683279,0.014757055521930143,0.45262323348855094,0.05725620870555408,0.1076456483956515,-3.622801263915867,-2.7101468060951124,2.2105943456701236,0.04711239027617011,0.6708231172917247,0.5344665366854112,0.7519867731563005,1.1226543391552966,1.3357142461544615,-0.4479289170354777,-0.46387494832574006,-3.0967140531871937,-0.9144411030371055,0.772375668465066,-0.2261812558379279,-0.4913441225700235,-0.465287341796626,-0.07826780327920874,1.6275626511116175,0.8524973038257926,-0.4547327537609268,-0.6961470061668946,0.7443980208187504,-1.6414876802258738,0.6623971451616728,0.0,0.3424803681291634,0.31713897962577897,-0.3711915634472296,1.7923639033982655,0.6656085530225911,-0.10772498479912765,-0.03033632678248499,-0.0033519239991107886,-9.643970686316395E-4,-0.07977328622228583,-0.09191550938161891,7.62077654506536,-0.045823193365979314,1.3103822163595806,0.23937769557969638,0.019081854619028393,0.5802802764746918,0.37257583791482607
57,29008.31838437884,0.0,0.0,0.0,0.0,0.0,0.0,0.0,0.0,0.0,0.0,0.0,-1.669455214417742,0.0,1.2023943320101103,-0.20629025875223098,0.03806821375700107,0.9289770936116291,-0.31913613485400294,-0.005570421316703038,0.4483628488629895,0.05380252953351421,0.06709600635472851,-2.6466229195531756,-2.7378018991043453,1.9825477007064933,-0.14378569858698617,0.5414459796649631,0.35051499696557453,0.07155652680959901,0.5155218320912258,1.130848215431347,-0.632657331026462,-0.9069959973073781,-3.5357412534087587,-0.7596605460442358,0.593750055582868,-0.1641628317607367,-0.49750738204242884,-0.45215584137396975,0.33678478684732865,2.0149268153394497,0.9153260778242326,-0.4372277406306361,-0.667938652422003,0.8828866895015499,-1.4550659832505368,0.6451549119060231,0.0,0.3514276922615897,0.29561041092804596,-0.522250379799885,1.6303032496988736,0.5855203198319019,-0.1519733623815597,-0.09003919765290357,-0.0029177344792516062,-8.402403003666745E-4,-0.07523265727760549,-0.08860695689422739,7.235945662992354,-0.11978896468471387,1.4249826975652071,0.31415910511447687,-0.08398245710195605,0.7100549295588009,0.37459909815801123
58,28921.59368429106,0.0,0.0,0.0,0.0,0.0,0.0,0.0,0.0,0.0,0.0,0.0,-1.6421049494885487,0.0,1.1561593028600554,-0.18250255875912896,0.10139413106500411,0.9421665061604947,-0.39418400583162605,0.07692513726200031,0.3377325090150554,0.034171711876178054,-0.022777210122115144,-3.213127057511318,-2.1136114591457815,1.4819942935313843,-0.11331231954435157,0.26039468621528483,0.3272812975468705,0.49841161148769647,0.8861242839219843,0.967702818007684,-0.667478774002548,-1.0518108667355988,-3.249166349990424,-0.782716352465231,0.2899124016414549,-0.06917622686992896,-0.5885500804813419,-0.5135084663197651,0.1067189832913141,1.7823394224169182,0.4796102505230986,-0.5085170284764351,-0.8001174512294392,1.0501519650431534,-1.5406078284276263,0.47255995089051017,0.0,0.1566048028439168,0.2559085872186757,-0.5644761621184983,1.626753760889145,0.47131195619102034,-0.17182968909080482,-0.12062797960376487,-0.0019585627321351095,-4.322855916762255E-4,-0.0681536230689969,-0.08674751913241986,6.684590387618924,-0.24063896756651199,1.6032182415443228,0.3498067298306516,-0.13625473328345383,0.7000128351870296,0.27011277281071855
59,28893.777722380008,0.0,0.0,0.0,0.0,0.0,0.0,0.0,0.0,0.0,0.0,0.0,-1.709919597701841,0.0,1.2353722054557918,-0.1578045436123503,0.08309803978759595,0.9290102669457366,-0.30192611017351534,0.06272101381568952,0.3110146010512562,0.05960425601884548,-0.04571035111220727,-2.7873112603173396,-2.1145970712491007,1.5260027826591318,-0.2814242178467677,0.022426915179811685,0.4253442897153884,0.2605349493390326,0.7134438699916674,0.9862250231360005,-0.5787707276023579,-0.8240467949674282,-3.308196096465773,-0.6974904069170491,0.37606147864971473,-0.027146266127010495,-0.5869570328475132,-0.5103129928496793,0.06866663856048699,1.7712450398095398,0.46311742236214043,-0.38256579178958705,-0.5687843355469483,1.1372014981034897,-1.6615847876480823,0.5146102280295128,0.0,-0.025422347040711113,0.2874025200694557,-0.628052055813856,1.6080876759057596,0.48657468544890414,-0.10141693341671029,-0.10039223669316288,-0.002687020392237972,-6.96166708743631E-4,-0.07772835178268236,-0.08998171565456711,7.314999314038504,-0.185439186457438,1.6760941623680579,0.2843176183486531,-0.002352553834117588,0.6088605447052327,0.1624640374098765
60,28885.334920997168,0.0,0.0,0.0,0.0,0.0,0.0,0.0,0.0,0.0,0.0,0.0,-1.744721799025959,0.0,1.248582590225746,-0.15432027952959906,0.09402049716323713,0.9376078116950592,-0.29454847992423944,0.052998247100532504,0.3227410149277605,0.06620900039906912,-0.04010226798912371,-2.89387273585924,-2.2252597880651734,1.522469964455456,-0.31394056527921743,0.0882617660525471,0.4520845659845577,0.3302525329607276,0.7759666491594375,1.044115009590726,-0.4554010203362428,-0.9571314254194531,-3.2670558089160933,-0.722531094292912,0.3855102372558277,-0.059898773319919454,-0.6212034662442104,-0.4808554718466824,0.018337892272875862,1.7167000674442896,0.4907038023429416,-0.3964289214563814,-0.6339655437908699,1.1109846858251822,-1.664836651032527,0.5423719837685481,0.0,0.05729964526473347,0.2735138330059381,-0.6130615861194304,1.5874467421100646,0.5010152470671941,-0.1257500983110198,-0.09822928103974568,-0.002643125147709272,-6.849401339211322E-4,-0.07738436912907415,-0.08924387455299525,7.362795123836175,-0.19039176006406844,1.680300834668286,0.372819567360647,-0.10681782469472614,0.6195597752749036,0.22898203873533665
61,28883.31943060948,0.0,0.0,0.0,0.0,0.0,0.0,0.0,0.0,0.0,0.0,0.0,-1.7524367707427506,0.0,1.2233075343319348,-0.17947986051203263,0.07855211453714164,0.9388821458804257,-0.30875561552713326,0.061439633320756165,0.33931452132781353,0.06157308063246147,0.020575667460403887,-3.010513382968869,-2.08205652029261,1.6137392518450688,-0.18416492494899928,0.25341769166127875,0.41745255335530884,0.3962149096304362,0.7543621049853605,1.0718803604037166,-0.6201470773424875,-0.9304363574418814,-3.27563939773727,-0.65798084843702,0.43704580588181363,-0.11031325323637797,-0.6416779114501221,-0.44811440378769885,-0.0321350932442085,1.6823715223782938,0.5607220992614427,-0.37539864110721655,-0.5944638073534934,1.0847641382140394,-1.6648397243546893,0.5129844840766463,0.0,0.09552230376551472,0.24945490023762645,-0.5642812597763445,1.605778176504744,0.5228187598626072,-0.1825578403309175,-0.06818721002804676,-0.0024011783443586426,-6.068259779728418E-4,-0.07596200288811131,-0.09026297463925852,7.301094210344734,-0.23674901810152,1.8407558136010294,0.2453519979415791,0.004734868743930379,0.5990510433924666,0.24742035745891094
62,28877.260717155303,0.0,0.0,0.0,0.0,0.0,0.0,0.0,0.0,0.0,0.0,0.0,-1.7131747974705556,0.0,1.2086034024793066,-0.188488466033678,0.06838526512257401,0.9276090603267027,-0.31452821031814004,0.05284356328579222,0.31357323099261997,0.061975277429483035,0.004606808957853127,-2.950402056460172,-2.0764045610628026,1.5289499607994816,-0.2173375844377074,0.1934964913644871,0.3901515756855284,0.38960258790190183,0.7732761784543701,1.0202033599787739,-0.5363720687574345,-0.9119225111090845,-3.2508152748656816,-0.5771307097398933,0.38082383606957215,-0.09551107812192422,-0.6254637956458253,-0.4663358294967602,-0.06243117325650108,1.6728439181872234,0.5350370129209746,-0.3721372801160948,-0.6583864818124165,1.1039147752079828,-1.5942790507167048,0.5172397435577081,0.0,0.11981254858909227,0.26112462790202895,-0.5948206207001439,1.601464631818002,0.5063313762077332,-0.14131015206430908,-0.07825895121767606,-0.0024955929671768434,-6.308239210744764E-4,-0.0778679984629157,-0.0896422157413812,7.546770976937118,-0.24354583282985903,1.9218917640495718,0.369897613813815,-0.10611540830879009,0.6398852999071726,0.26385863112035923
63,28875.57850855127,0.0,0.0,0.0,0.0,0.0,0.0,0.0,0.0,0.0,0.0,0.0,-1.731817494325561,0.0,1.2247247130625758,-0.1756871077480981,0.07875090492627913,0.9407352206677967,-0.30902249323959685,0.046756302274840435,0.31922683783005396,0.062171822749870376,-0.008304028234686555,-2.921185257028761,-2.1685690568195923,1.5337288731006091,-0.26271490212831394,0.12468440812897219,0.4349023934071047,0.3519281430565874,0.775400185267074,1.0337808715336807,-0.5376728395045448,-0.927933659291128,-3.2859618060131726,-0.579302706229815,0.3677626152042476,-0.09654399145429912,-0.6395136206672245,-0.45944587426073114,-0.0486756993134802,1.6898014725246813,0.5283003023668749,-0.35702225806578247,-0.6436071923763409,1.123069373945553,-1.6364035954976708,0.5200876879378238,0.0,0.07532014245055038,0.2597983796759156,-0.596884143444497,1.5976059959958298,0.5096070648536919,-0.14237157781971563,-0.09413969861313377,-0.0025495216774898246,-6.471227108303464E-4,-0.0786623169560361,-0.08944535012553624,7.801169434066651,-0.2493162051474769,1.9754865197391016,0.39064450466053974,-0.10660507039691683,0.6285347359180248,0.23958008994065585
64,28873.475483138332,0.0,0.0,0.0,0.0,0.0,0.0,0.0,0.0,0.0,0.0,0.0,-1.727055821585273,0.0,1.2221932215402722,-0.17765429872063498,0.07322405483814157,0.937848421663204,-0.31260994654501684,0.04563664371567312,0.31860742663782554,0.059712302410732804,-0.009939678743413184,-2.9217662099997237,-2.1248023967282577,1.5405917380718157,-0.25634079606296345,0.13987757892154531,0.4255820980900985,0.35991660180820606,0.7736807875985252,1.036541366649625,-0.5278395606886822,-0.9363923307816222,-3.2838171045269435,-0.5311368610200627,0.3518744850213596,-0.09929925037174755,-0.6512959818557552,-0.47460034792622025,-0.06617775161007408,1.6930951033100528,0.5294258104589498,-0.3583132965432484,-0.6365326917953802,1.1253363800628076,-1.6335106725815278,0.5179615964911292,0.0,0.07544698807559998,0.26421850530386587,-0.5978922169843808,1.5998006079671132,0.5095386640108669,-0.1441650387597285,-0.0944411245971475,-0.0025767035997453828,-6.583286464606203E-4,-0.07992305093257554,-0.08907348146867454,8.093886756050393,-0.2668270301343327,2.099742704671581,0.40461217893854834,-0.10175395290831152,0.6302152363499389,0.24046663386166
65,28870.37055171832,0.0,0.0,0.0,0.0,0.0,0.0,0.0,0.0,0.0,0.0,0.0,-1.719957832126289,0.0,1.222800979634745,-0.18366747858397306,0.06515707771868891,0.9371129691103248,-0.3180639601010604,0.03732591326850473,0.3190068050823862,0.05810988251479371,-0.00582796392695853,-2.9178502336552983,-2.112022950936054,1.5504366336890996,-0.22384579643389557,0.17530611482263422,0.41319780074506895,0.37309615262290574,0.7513154271226251,1.032592128506252,-0.5467205668678542,-0.9094457783853818,-3.3453275872371813,-0.3701006150239675,0.3474337507288416,-0.10428477739776666,-0.6622016518877353,-0.5043609760295297,-0.0626808515410228,1.744039844904392,0.5474326419967009,-0.34865437623282136,-0.6191888752699805,1.126951647682936,-1.6079106984375822,0.5214978555322475,0.0,0.10269427317672333,0.2639650115948993,-0.5913022860960179,1.6098239502001699,0.5182196922983618,-0.14709518086601192,-0.10049622202265986,-0.0025674265879218755,-6.561588512131483E-4,-0.08244300117414288,-0.08664063585976353,9.092801757593444,-0.32180772061975593,2.4987815774431335,0.4707081237778128,-0.10679285982589236,0.6670254663344402,0.2661218725375553
66,28869.258298580626,0.0,0.0,0.0,0.0,0.0,0.0,0.0,0.0,0.0,0.0,0.0,-1.7167178422224219,0.0,1.2209519114610021,-0.1819003587055351,0.06564098692907355,0.9360711645654493,-0.322285507253971,0.03786797164236857,0.32143272398148026,0.05393028478398876,-0.008583999094616917,-2.9411459117081935,-2.076361331073418,1.5585697912133527,-0.22690996161441,0.17622576936282533,0.41420035346129225,0.37525400626323213,0.777029493243745,1.0317387325083054,-0.5500884862999061,-0.9295618541908028,-3.370940597766377,-0.29817928027490825,0.33473189320457103,-0.10131355532827782,-0.6754758366340453,-0.527140554039953,-0.049636079430619776,1.7787813198217748,0.5604546406510037,-0.3698442974094983,-0.624807117981712,1.121635080140845,-1.5903748977096708,0.5193798743712337,0.0,0.08830873825500325,0.2619951591725715,-0.5907701382243195,1.6041992416593724,0.5145041513565487,-0.14722625827285749,-0.09744058509136456,-0.00255513456403269,-6.52415978521483E-4,-0.08347979100303336,-0.08408080190941299,9.769959394115144,-0.34651281974489045,2.70744661895832,0.5065745828051719,-0.09617372860314778,0.6911679323608323,0.2621113443058817
67,28868.53453949308,0.0,0.0,0.0,0.0,0.0,0.0,0.0,0.0,0.0,0.0,0.0,-1.7211633794665733,0.0,1.2231363829744892,-0.1810609209345899,0.0680255773892857,0.9379024813191751,-0.31859408487084956,0.04044301846806833,0.3188522700674559,0.05767841358409968,-0.0064764187000675745,-2.931337951190299,-2.1351158887371136,1.5531944206230985,-0.22738790429994973,0.16932394709507367,0.41326947858479135,0.37448096833644257,0.7576763720159234,1.033730425333144,-0.5397674548767466,-0.9259918925264231,-3.381206052117858,-0.29910508007425185,0.343764161182162,-0.09849247245425558,-0.6742404028035739,-0.5217011321823011,-0.03180471815725336,1.7876695641946894,0.5503627757163879,-0.3670610104124889,-0.6322510270365567,1.1175707332818028,-1.5994032983191482,0.519102583502464,0.0,0.08614558771472493,0.2627505139390601,-0.5873111952435017,1.6091225452584708,0.5178398371656805,-0.14705218602586986,-0.09568968037111263,-0.0025511175881045072,-6.507029613311764E-4,-0.08322778269624959,-0.08317859283588692,9.999452414183297,-0.33871086598441397,2.736209701569379,0.5093376410749594,-0.08146120132119333,0.7016635992605683,0.26347239110323173
68,28867.52399626845,0.0,0.0,0.0,0.0,0.0,0.0,0.0,0.0,0.0,0.0,0.0,-1.727394116919459,0.0,1.225471769724859,-0.17752056805067648,0.07324723914368049,0.9382429767835305,-0.3122983921585588,0.04447009569249907,0.3212208493013412,0.05862497368533088,-0.005606857053743678,-2.9430808265131185,-2.1516173849357556,1.5529663827113334,-0.23900542343694278,0.16464144688532842,0.4218309914100546,0.37235267756720564,0.7630717684273985,1.0375458383716227,-0.5472101542047908,-0.9298214943169363,-3.4010765999254122,-0.268393626773915,0.3582253569657287,-0.09488412025759745,-0.674539702427139,-0.5242024161844312,0.004301899344964284,1.8183240816192308,0.5505618513753645,-0.381108396294136,-0.6486954523092866,1.1073714167779147,-1.59322173578721,0.5224737823995798,0.0,0.08860585528323715,0.2607821433862753,-0.5878247850017257,1.6062382203211445,0.5163080047956048,-0.1435484404792147,-0.08958209477526198,-0.0025184130201071414,-6.401362739368322E-4,-0.08289624600950479,-0.08073057594538202,10.734562035813195,-0.33519492240966586,2.8677135952462063,0.5222572709314245,-0.0534343076268739,0.7347070127666341,0.2732782286890871
69,28866.846434691444,0.0,0.0,0.0,0.0,0.0,0.0,0.0,0.0,0.0,0.0,0.0,-1.7294601322988457,0.0,1.224622553825685,-0.1750233826674746,0.07494772304484917,0.9372424927318141,-0.31076238482747526,0.04994262210990358,0.32163798330833093,0.059032070995709375,-0.004971319361809313,-2.946866465667828,-2.1565980099599584,1.5490003107644892,-0.23973220223257488,0.15756107622692594,0.42148204001307904,0.3708436719470299,0.7755693609237754,1.032793596872338,-0.5447758307129174,-0.9322287584050286,-3.399433871054139,-0.2672926013861764,0.36073194215486654,-0.0968760384856269,-0.673174346782213,-0.5194665345237773,0.025393772446192835,1.8311644385417611,0.5496429665261094,-0.39063547832646983,-0.6634588990938566,1.1020759369066142,-1.578021712816106,0.522172173269397,0.0,0.08300074772313165,0.25711358236426485,-0.5866487661586203,1.6045282594920276,0.5134064513685539,-0.14401378786183547,-0.08483691330730904,-0.002511731738467604,-6.385947564112772E-4,-0.0823655578707672,-0.0798560745599578,11.315832418971258,-0.3236732013506351,2.9211480318695195,0.5134780747512251,-0.02693253973432683,0.7641605115097349,0.2748852230878688
70,28866.44402334202,0.0,0.0,0.0,0.0,0.0,0.0,0.0,0.0,0.0,0.0,0.0,-1.7282494891703286,0.0,1.2234720663367322,-0.176750136430641,0.07430556768718241,0.9388551611509773,-0.31182097655160124,0.04653450571362117,0.3232921240656878,0.0586088836685724,-0.005239364980589512,-2.9473311385066463,-2.1405325454617965,1.5505455009223066,-0.2472905804267934,0.1629244874127253,0.4236438729321809,0.36791524078815213,0.7672352961605788,1.0414493231051831,-0.5488570638577939,-0.9310922170401995,-3.3946534414692344,-0.24747089809943537,0.3642518355986093,-0.09826484087760945,-0.6718602435600701,-0.5210060325251594,0.02378557575880211,1.8317730902516705,0.5502423878139119,-0.3916912662620646,-0.6626015177180954,1.107890981437501,-1.5733147390257005,0.5229108482305068,0.0,0.08329410008736196,0.2592368278848933,-0.5882987553257311,1.6051307176111425,0.5131593079012617,-0.14551432886337937,-0.0884256200869676,-0.0025126248144309656,-6.378659625446545E-4,-0.08229455686718139,-0.07945086105185928,11.665224242240592,-0.32359344383874694,2.979889908837147,0.5326314881981214,-0.033668545589676406,0.7745768147481963,0.2764479908551879
71,28866.35397551183,0.0,0.0,0.0,0.0,0.0,0.0,0.0,0.0,0.0,0.0,0.0,-1.7281960083217398,0.0,1.2233638486556146,-0.17641177893115326,0.07419403286921777,0.93816499132941,-0.31197946287076755,0.047196765889156105,0.32299967982849553,0.0589182641584577,-0.00529273386080885,-2.9462797995473937,-2.1426419238386605,1.5492171878852563,-0.24515365112651138,0.16147153624914684,0.42305233064471287,0.3686602921003607,0.7695072560563941,1.0387345000931085,-0.5481398810200588,-0.9309832150832988,-3.3942654079652064,-0.24818591028383016,0.3630578042681236,-0.09881402191691531,-0.6708200647459801,-0.5201356550183749,0.024455607177740316,1.8318693089518598,0.549931795600353,-0.39113110590465044,-0.6626756464926378,1.106840973685393,-1.5714709709435633,0.5225098034113211,0.0,0.08308480648870901,0.25865555881996505,-0.5876744514549285,1.605178254116996,0.5129092936275766,-0.1451657772979095,-0.08836190144465504,-0.0025134485887131656,-6.385427943007127E-4,-0.08220980342183574,-0.07941982992820255,11.728740060151448,-0.3223745298682008,2.984379011949072,0.5323487329007788,-0.032437340093661914,0.7771718705020244,0.2762789395066675
72,28866.315944307586,0.0,0.0,0.0,0.0,0.0,0.0,0.0,0.0,0.0,0.0,0.0,-1.7281203323208656,0.0,1.2232912542907437,-0.17631158250019777,0.07412084762052629,0.9379732291401173,-0.3120712037777812,0.047326173307761996,0.3229249158536142,0.05899608023366445,-0.00529240507738816,-2.9459482848096483,-2.1430495460294856,1.5487409534300138,-0.24448400629459685,0.161035202931896,0.4228044246667619,0.36892682000249,0.7702304878485459,1.0379037874892947,-0.5478212408723127,-0.9309306812155391,-3.3936266607723344,-0.2483241600584098,0.36261705434767144,-0.0991264746956396,-0.6703652335466922,-0.5197200934364163,0.02457050222888477,1.8316518270824484,0.5498112357996855,-0.3908906731857494,-0.6625160010863188,1.1066021622621791,-1.5705957180282006,0.5223468717157476,0.0,0.0829079902927871,0.2584448649339929,-0.5874647749716295,1.605213061476611,0.512783534925929,-0.14510548736212353,-0.08843724738455333,-0.002513731710673606,-6.387590696109117E-4,-0.08214836327001614,-0.07938806824437393,11.775710093743918,-0.3216113756770503,2.9882606244362937,0.5328535105735164,-0.031972223468732866,0.7787107359802694,0.2761908127805471
73,28866.29850188608,0.0,0.0,0.0,0.0,0.0,0.0,0.0,0.0,0.0,0.0,0.0,-1.7280404111934662,0.0,1.2232199285643957,-0.17626148661443475,0.07405512119114513,0.9378695359927048,-0.31215746785955006,0.04735731583745437,0.32289047313876573,0.05903958817699483,-0.005295355721805165,-2.945727720266147,-2.1431171397926687,1.548425233091181,-0.24411340770501636,0.16079860972217874,0.42263689766011814,0.36907554285264854,0.7706234408834359,1.0374431392933565,-0.5476257911038592,-0.9308733138581706,-3.392927007245133,-0.24837278140865532,0.36232727831524697,-0.09939432315212796,-0.6699944530120381,-0.5193833887200202,0.02453629399161584,1.8313372000192685,0.549734086453311,-0.39069069959786545,-0.6622909996855555,1.1065266442950876,-1.5699366216437536,0.5222381730632257,0.0,0.08277737026500337,0.2583163792630752,-0.5873425144353348,1.6052360862855466,0.5126886800872588,-0.1450976585727663,-0.08854892675870092,-0.0025139322981320845,-6.388938997722553E-4,-0.08208905289405291,-0.07935539135365387,11.82003334495132,-0.3209185051857225,2.9920164502298703,0.5336731917319365,-0.031811449868268116,0.7800083167098089,0.27615042960062924
74,28866.292715123862,0.0,0.0,0.0,0.0,0.0,0.0,0.0,0.0,0.0,0.0,0.0,-1.72803907825617,0.0,1.2232188448823293,-0.17626101514919204,0.07405410383872757,0.937868529777205,-0.3121588245710407,0.04735705563428964,0.3228902661061159,0.05904002829532055,-0.005295385565257311,-2.9457251381970244,-2.14311569270175,1.5484213973082142,-0.24410962097147293,0.1607962489344237,0.42263477082881895,0.3690772729444691,0.7706274989352424,1.037438424640164,-0.5476234409003425,-0.9308725981380171,-3.392914190161199,-0.24837396443113244,0.36232345761008833,-0.09939853955097147,-0.6699893251387123,-0.5193784236037088,0.024534622571487006,1.8313310081544167,0.5497330887924055,-0.39068763894177416,-0.662286654785676,1.1065265876131136,-1.5699271020276124,0.5222367621260545,0.0,0.08277548866781642,0.25831491046423605,-0.5873411363429788,1.6052363930163251,0.5126873563901222,-0.14509792440921496,-0.08855108131613092,-0.002513934952368941,-6.388954725689691E-4,-0.08208803165912447,-0.07935480379031186,11.820773403045997,-0.32090679968039587,2.992079151629288,0.5336889622738967,-0.03180995670499039,0.7800287606976771,0.2761502324409873
75,28866.289958789013,0.0,0.0,0.0,0.0,0.0,0.0,0.0,0.0,0.0,0.0,0.0,-1.7280331763686427,0.0,1.2232152020882017,-0.17626141854413443,0.07405087970799326,0.9378669102496671,-0.3121639510545119,0.047353457566500855,0.3228906860149399,0.05903923243886734,-0.0052932298246485395,-2.945716571306058,-2.1430880481559846,1.5484091896021306,-0.24410971845360946,0.16079302567427037,0.4226287857368782,0.36907527317382766,0.7706255331433469,1.0374329761727477,-0.5476131029181698,-0.9308634142849549,-3.3929002002175555,-0.24828952536919421,0.3623056792196892,-0.09940824936571559,-0.6699762760232607,-0.5193725317856289,0.0245259015967041,1.8313259773791903,0.5497252266134887,-0.3906792827549799,-0.6622779384427958,1.10653086040164,-1.5698905516469726,0.5222309226750449,0.0,0.08276813522316936,0.2583137359402186,-0.5873357612027136,1.6052404273676955,0.5126827302783731,-0.1451009385396194,-0.08856058766879506,-0.002513923097670642,-6.388938805807797E-4,-0.08208573108347535,-0.07935215174416202,11.823527404023086,-0.320908614783391,2.9924557598147197,0.5337657084145545,-0.03181155000502129,0.7800973405400099,0.2761512910798523
76,28866.283087095566,0.0,0.0,0.0,0.0,0.0,0.0,0.0,0.0,0.0,0.0,0.0,-1.7279786048843373,0.0,1.2231970440979125,-0.17627134302932035,0.07402120300336261,0.9378680475465588,-0.3122027769975762,0.047290321587454394,0.3228929186653075,0.0590263160347927,-0.005297126674703448,-2.945685344293033,-2.142828758089808,1.5483661650649723,-0.2441568719646833,0.16080919853643977,0.4226204415693774,0.36906301874264985,0.7705673950421538,1.0374554146484896,-0.547611451815397,-0.9308294865192182,-3.392573401439263,-0.248441739185613,0.36217536198972916,-0.09944294875359429,-0.6699023680620206,-0.5192833113174852,0.024283046337623612,1.8310010942470467,0.5496871252668628,-0.390596168241119,-0.6621758078410073,1.1065959033939297,-1.5697482916937648,0.5222117859414218,0.0,0.08277264352249859,0.25833487046257964,-0.5873464054323927,1.6052378590367662,0.5126571859834439,-0.145117480043953,-0.08863589977997137,-0.002513803712106229,-6.388616729462222E-4,-0.0820589108143925,-0.07934565284715371,11.839616099905205,-0.3207994059974968,2.9934056276301213,0.5341564726597593,-0.03194688416703843,0.7803770691580895,0.2761566401499977
77,28866.289168213843,0.0,0.0,0.0,0.0,0.0,0.0,0.0,0.0,0.0,0.0,0.0,-1.7279786048843373,0.0,1.2231970440979125,-0.17627134302932035,0.07402120300336261,0.9378680475465588,-0.3122027769975762,0.047290321587454394,0.3228929186653075,0.0590263160347927,-0.005297126674703448,-2.945685344293033,-2.142828758089808,1.5483661650649723,-0.2441568719646833,0.16080919853643977,0.4226204415693774,0.36906301874264985,0.7705673950421538,1.0374554146484896,-0.547611451815397,-0.9308294865192182,-3.392573401439263,-0.248441739185613,0.36217536198972916,-0.09944294875359429,-0.6699023680620206,-0.5192833113174852,0.024283046337623612,1.8310010942470467,0.5496871252668628,-0.390596168241119,-0.6621758078410073,1.1065959033939297,-1.5697482916937648,0.5222117859414218,0.0,0.08277264352249859,0.25833487046257964,-0.5873464054323927,1.6052378590367662,0.5126571859834439,-0.145117480043953,-0.08863589977997137,-0.002513803712106229,-6.388616729462222E-4,-0.0820589108143925,-0.07934565284715371,11.839616099905205,-0.3207994059974968,2.9934056276301213,0.5341564726597593,-0.03194688416703843,0.7803770691580895,0.2761566401499977
std.err,,,,,,,,,,,,,0.052873018177870997,,0.058582604167083774,0.04170021236444085,0.04553204578225542,0.0343175417659431,0.04330367323829713,0.044233590124789196,0.05211374698774412,0.03819530107606463,0.05425323804925661,0.1188479867485062,0.11311009035667136,0.09645812867483892,0.07893697807536759,0.0795132709151896,0.058508546762231994,0.09295597348974813,0.0902491659294715,0.07213449948738047,0.0759101289052813,0.12173207080487791,0.18533445667454992,0.17826718119744012,0.17059815160524033,0.10160866087061265,0.13330989951360775,0.08445349552664916,0.18080671610415777,0.16386348912967866,0.1095005593677252,0.09801101643290441,0.16248456024071092,0.07130720655360671,0.11090506767167985,0.07380144034449909,,0.07728892125338771,0.036333320351893746,0.06295610855956976,0.06073224261220387,0.05543221042967029,0.042884121549767784,0.06294725008425593,1.2034058492555655E-4,4.0117641120904205E-5,0.008273505818568515,0.005284820986743347,4.845963886454136,0.08698307138800453,0.5396622677730913,0.12359537567001293,0.08728752636926436,0.13238537963523292,0.07938596159257708
t.test,,,,,,,,,,,,,-32.68167137860782,,20.87986803401954,-4.227109000999542,1.625694644983641,27.32911506142039,-7.209614188605798,1.0691043040829769,6.195925975947269,1.545381614278778,-0.097637060296644,-24.785319675009614,-18.944629531572307,16.052210283744216,-3.0930607925168703,2.0224196122929214,7.223225750022973,3.970299109215965,8.538221789709853,14.382236267266075,-7.213944432879208,-7.646542775167504,-18.30514121503414,-1.3936482167766535,2.122973540931402,-0.9786857527846355,-5.025150949075914,-6.148748587364583,0.1343038956784925,11.173941821768636,5.019948102921569,-3.9852271964602073,-4.075315259862441,15.518710616745624,-14.153981640774091,7.0759023604929645,,1.070950948469481,7.110136589790502,-9.329458552487232,26.431394428932233,9.24836267595496,-3.383944331832508,-1.4080980449714762,-20.8890767288632,-15.924706814661864,-9.918275591252362,-15.013877110726641,2.4431911539828723,-3.6880671247685664,5.546812898338005,4.321816004555888,-0.3659959847170964,5.894737555674922,3.4786583749817486
p.val,,,,,,,,,,,,,0.0,,0.0,2.3671301445205017E-5,0.10401462980200415,0.0,5.611067166455541E-13,0.28502267244814283,5.794336122022514E-10,0.12225398481914662,0.9222204952247544,0.0,0.0,0.0,0.0019810354907960903,0.04313302063165492,5.075939668586216E-13,7.178245889871704E-5,0.0,0.0,5.435651928564766E-13,2.0650148258027912E-14,0.0,0.16342386061265768,0.033756069115375986,0.3277352737939021,5.0303671228491E-7,7.80966624702728E-10,0.8931622728472006,0.0,5.168544134903641E-7,6.741559026712807E-5,4.59520504854094E-5,0.0,0.0,1.4848122731336844E-12,,0.28419148566943675,1.1592948823135885E-12,0.0,0.0,0.0,7.145248874351751E-4,0.1591020398735945,0.0,0.0,0.0,0.0,0.014558024106303247,2.2596404659158686E-4,2.9092376729877856E-8,1.547502151733049E-5,0.7143680717548078,3.7527734253473E-9,5.039305631513447E-4
