Iteration,LL,asc_carD,b_carD_p.age_group_agg_15_24,b_carD_p.age_group_agg_40_54,b_carD_p.age_group_agg_55,b_carD_p.female,b_carD_hh.cars_gr_0,b_carD_hh.cars_gr_2,b_carD_hh.cars_gr_3,b_carD_hh.income_agg_low,b_carD_hh.income_agg_high,asc_carP,b_carP_p.age_group_agg_15_24,b_carP_p.age_group_agg_40_54,b_carP_p.age_group_agg_55,b_carP_p.female,b_carP_hh.cars_gr_0,b_carP_hh.cars_gr_2,b_carP_hh.cars_gr_3,b_carP_hh.income_agg_low,b_carP_hh.income_agg_high,asc_pt,b_pt_p.age_group_agg_15_24,b_pt_p.age_group_agg_40_54,b_pt_p.age_group_agg_55,b_pt_p.female,b_pt_hh.cars_gr_0,b_pt_hh.cars_gr_2,b_pt_hh.cars_gr_3,b_pt_hh.income_agg_low,b_pt_hh.income_agg_high,asc_bike,b_bike_p.age_group_agg_15_24,b_bike_p.age_group_agg_40_54,b_bike_p.age_group_agg_55,b_bike_p.female,b_bike_hh.cars_gr_0,b_bike_hh.cars_gr_2,b_bike_hh.cars_gr_3,b_bike_hh.income_agg_low,b_bike_hh.income_agg_high,asc_walk,b_walk_p.age_group_agg_15_24,b_walk_p.age_group_agg_40_54,b_walk_p.age_group_agg_55,b_walk_p.female,b_walk_hh.cars_gr_0,b_walk_hh.cars_gr_2,b_walk_hh.cars_gr_3,b_walk_hh.income_agg_low,b_walk_hh.income_agg_high,b_car_time,b_pt_time,b_bike_cost,g_bike_grad,g_bike_vgvi,g_bike_stressLink,g_bike_stressLink_f,b_walk_cost,g_walk_vgvi,g_walk_stressJct
0,7175.705063219666,0.0,0.0,0.0,0.0,0.0,0.0,0.0,0.0,0.0,0.0,0.0,0.0,0.0,0.0,0.0,0.0,0.0,0.0,0.0,0.0,0.0,0.0,0.0,0.0,0.0,0.0,0.0,0.0,0.0,0.0,0.0,0.0,0.0,0.0,0.0,0.0,0.0,0.0,0.0,0.0,0.0,0.0,0.0,0.0,0.0,0.0,0.0,0.0,0.0,0.0,0.0,0.0,-0.1,0.0,0.0,0.0,0.0,-0.1,0.0,0.0
1,6927.122193268954,0.0,0.0,0.0,0.0,0.0,0.0,0.0,0.0,0.0,0.0,-5.663129683318326E-4,-7.336224131375356E-5,-1.9994405186957997E-4,0.0,-2.3623924871441748E-4,-8.100244162659572E-5,-2.1685536505696272E-4,-7.511351534773443E-5,0.0,-9.66637421350687E-5,-3.319704358597797E-4,-2.7012893538066527E-5,-1.3571548023283065E-4,-6.488357471658402E-5,-1.3025050955577122E-4,3.4386858330489955E-5,-1.888860068075939E-4,-6.836149730385156E-5,-1.15291226104812E-5,-6.551754094331513E-5,-2.7270044131852762E-5,1.0834598592946974E-5,-2.4997837409376242E-5,-1.7263633227001498E-5,-5.059401110114116E-5,1.8706866905552403E-5,-2.659062859781326E-5,-1.0104882154333499E-5,-3.3453397667105992E-6,-3.3461398585090617E-6,2.99049149749313E-4,7.111044030566151E-5,7.941632707664452E-5,4.5197169221856194E-5,1.5426257389219525E-4,1.2920209572879406E-4,3.9009881476296244E-5,1.3222976358567386E-5,2.921191203107185E-5,2.111550035503739E-5,0.002066193850379281,-0.0169353060099363,-0.09957993851476582,-6.86687009638056E-8,-2.3615089362099416E-5,-1.96433442468587E-5,3.1270363428988324E-5,-0.09522784949671081,-2.5998493796952263E-4,-1.3896487162907152E-5
2,6407.050114682641,0.0,0.0,0.0,0.0,0.0,0.0,0.0,0.0,0.0,0.0,-0.00904797243108127,-0.001177374730894437,-0.003187635927978387,0.0,-0.003789748126283443,-0.0012364533565392606,-0.0034670597528538927,-0.0012036019932739794,0.0,-0.0015718816733739725,-0.0011355311177857486,8.725270263807992E-5,-6.689010676249723E-4,-3.650787162256314E-4,-3.1327979664066253E-4,8.253170619874621E-4,-0.0012710968685769942,-4.732247936963745E-4,-5.117352247796731E-5,-2.662784824153891E-4,-5.336896432674457E-4,1.1375444919447533E-4,-3.8648868099709616E-4,-2.5642644242437256E-4,-7.570617667087708E-4,2.1578178044382508E-4,-4.0641341806875453E-4,-1.5310623705969245E-4,-5.18447615644738E-5,-6.744835391732281E-5,0.0039218110186618515,9.350740759916534E-4,0.0010393157799027314,5.926015526446558E-4,0.002021989892961913,0.001702459698785394,5.06304962595463E-4,1.7116052416881898E-4,3.847204314518126E-4,2.7539371211404836E-4,-0.015495243633375923,-0.020377785284626297,-0.0966731397810271,1.7163069079665382E-6,-1.9711926047924632E-4,-9.933983010610978E-5,4.890510791853636E-4,-0.037584957284475806,-0.0033897403608384455,-1.811648016692422E-4
3,6059.001385946723,0.0,0.0,0.0,0.0,0.0,0.0,0.0,0.0,0.0,0.0,-0.18944945844816516,-0.023809238081223132,-0.06735910538360375,0.0,-0.07771767092966438,-0.024899638219684928,-0.07371903523278273,-0.02565913479353302,0.0,-0.033508678447634055,-0.014601833269049836,0.004123472462715941,-0.01179380259568558,-0.006537319473170941,-0.0013930530519422302,0.02116774312725401,-0.025768504246894974,-0.009504246862459764,-6.085292408375936E-4,-0.0047738311275751025,-0.015633074742610744,0.0021240075669055913,-0.010029785403548897,-0.00638807951511504,-0.01876739913099358,0.004735154382483301,-0.010771806315618429,-0.003962817595489542,-0.0012255201085812463,-0.0022510775206894137,0.05143350494722229,0.014186782091043798,0.012185380950857019,0.007534012708168343,0.026454647740987013,0.030697922167028362,5.208695085587698E-4,-1.0297421965371707E-4,0.006981044876862102,0.0017214741689244315,-0.1647530319514809,-0.053822781325360114,-0.12603805404998847,1.5073374336448448E-4,6.219115371817819E-4,0.005210619205568372,0.013942797105651975,-0.07113197643988978,-0.004598282964576969,-4.2655573975292386E-4
4,5708.535611299843,0.0,0.0,0.0,0.0,0.0,0.0,0.0,0.0,0.0,0.0,-0.5401621321920322,-0.06757214648999699,-0.19193219355660954,0.0,-0.2204201666629344,-0.07076567087439291,-0.21027874538242597,-0.07338909913145644,0.0,-0.0954437217850746,-0.04088586132181335,0.012498478350057473,-0.03396452208792103,-0.018733884819519417,-0.00312166684574776,0.062130531071975505,-0.07483535062975087,-0.02745804581966241,-0.001612812313431974,-0.014012034681154419,-0.05384523314063969,0.004780544031684622,-0.031927293716297926,-0.019872155765760364,-0.05865067638696536,0.012440259223951748,-0.03419027370111685,-0.012482149082406267,-0.0038697427479816864,-0.007832844824975083,0.14626166865483578,0.040651126267251474,0.034381069281735246,0.021396018813523245,0.07507846012638039,0.08853086157863718,5.732099653427054E-4,-6.660657169396413E-4,0.02012873556734484,0.004619787831009942,-0.3626475517486026,-0.10087852421032453,-0.3213562567589844,6.491251769792043E-4,0.010907790352246951,0.028286660991479872,0.04716851675039187,-0.1086205600844252,-0.011266199938105313,-0.0011390224907068787
5,4973.727032487759,0.0,0.0,0.0,0.0,0.0,0.0,0.0,0.0,0.0,0.0,-1.5029036320417188,-0.18273810991560727,-0.5255855659539586,0.0,-0.5833042169216462,-0.19369004744566082,-0.5816815300538263,-0.20832175725927693,0.0,-0.2602318352432472,-0.13832695987469235,0.044664051717347455,-0.11502685685942025,-0.060108747562633943,-0.009915056078600324,0.20441728988665853,-0.25123351271652017,-0.08833590619945259,-0.0030307086524690163,-0.05407608808240089,-0.15275001145007025,0.019523406275347308,-0.09725141865657735,-0.06090285714523394,-0.17917263161359825,0.042671320142938576,-0.10252999364300024,-0.038010567815525864,-0.012120429454950166,-0.021630575289056028,0.44594276922098286,0.12670093048631315,0.10112871629137332,0.06522742320401295,0.22324887257492604,0.27750176244394614,-0.00420518750424294,-0.00527590967172502,0.06274868195504638,0.012216438644732916,-0.11924769395753126,-0.05649027811527108,-0.2413701746645368,9.217623058577814E-5,-0.08729834830108338,-0.06516435256272485,0.15793183110291448,-0.11612680050149077,-0.30784434660407944,-0.018316317930675993
6,4679.1731393939845,0.0,0.0,0.0,0.0,0.0,0.0,0.0,0.0,0.0,0.0,-1.5950625765284168,-0.15823163856709285,-0.5461442300916289,0.0,-0.4970728443601643,-0.19471053339985686,-0.6252404009338115,-0.2398582217946146,0.0,-0.2665213835580611,-0.2704458511615139,0.0746795657018926,-0.20820200277474737,-0.11284100256906723,-0.022892855198099634,0.37275718792760437,-0.46004727801056966,-0.16885850190252966,-0.005770117209385927,-0.0987628389783359,-0.25795313572009765,0.04329939575789814,-0.17341936542593184,-0.1103572236335324,-0.30772506145989065,0.09175505893591004,-0.18764632914998453,-0.06903045858477638,-0.02018551278335134,-0.037608395744285386,0.7619757465701138,0.2232207271284281,0.15915347404092323,0.1112948928870461,0.3562405852902767,0.48781239888524186,-0.02013627244209451,-0.01643990815679988,0.10792968860638483,0.017509505915229765,-0.2148011223185023,-0.07398772087152963,-0.32364772158371846,-0.001144099862626077,-0.26068368733433833,-0.22895598688866328,0.3008954011368017,-0.17302957603933958,-0.8576545649261711,-0.048802449507112926
7,4559.744115179239,0.0,0.0,0.0,0.0,0.0,0.0,0.0,0.0,0.0,0.0,-1.611355220571968,-0.13707504826389816,-0.5463087555582458,0.0,-0.4291939117053102,-0.1896047709069075,-0.6384913358691181,-0.2542333762782048,0.0,-0.2638465744767666,-0.3371619151140662,0.09537092009175831,-0.25735210363417693,-0.14306153506448085,-0.01919578226920379,0.4785496893867931,-0.578419907009848,-0.21776741172472672,-0.006512020386074454,-0.12265584186291326,-0.30169679315601583,0.06209615365038756,-0.21245577408635796,-0.138052650416405,-0.367749918531399,0.12920130408489378,-0.23526041304223824,-0.08628640388644365,-0.02352036215288864,-0.044985845252227055,0.899460149193443,0.269011862566073,0.17537655223799437,0.13147501969329087,0.39697802168557506,0.5935759292974406,-0.041199033561106026,-0.027832951425372936,0.13056934392628605,0.01627070821370663,-0.2253327225312239,-0.07422314571937498,-0.34546075262789705,-0.0024310720918977145,-0.4002425521497202,-0.36283453811293276,0.36511906707073527,-0.1776842864347438,-0.8206905857130495,-0.04883876931846401
8,4344.995867400881,0.0,0.0,0.0,0.0,0.0,0.0,0.0,0.0,0.0,0.0,-1.6169386023365349,-0.061382428126615776,-0.5340925647906211,0.0,-0.20076074485267398,-0.16527404036985538,-0.6673316404015073,-0.294800954194719,0.0,-0.24894163370807473,-0.5285452734405985,0.16169424534269944,-0.4000650363349341,-0.2356095083107484,-4.6048872729620785E-4,0.8139817713224498,-0.93345589800928,-0.37439726695788966,-0.008658792284618917,-0.18811309061488304,-0.46364195523549157,0.11802697399784096,-0.33377287423229784,-0.23169136809909616,-0.49885104766263294,0.2546392371682923,-0.3984009847558503,-0.14476301943418024,-0.03359383916479277,-0.07298658956285276,1.2998525501638134,0.40637199148182773,0.2112034274853626,0.18939825218491024,0.48644822576833957,0.9105554993767953,-0.1126880538645601,-0.0679587654952901,0.1970064555129438,0.009932328809414694,-0.20901529249206913,-0.06397402372987879,-0.29637768361397504,0.0014633880091023074,-0.46748327974278875,-0.2132365272690231,0.5071922860693101,-0.18204118826662707,-0.6707713767540305,-0.04674189578707017
9,4077.989712009814,0.0,0.0,0.0,0.0,0.0,0.0,0.0,0.0,0.0,0.0,-1.9328679407315976,0.27559430388831496,-0.5861030273455371,0.0,0.5157568779642887,0.05204492594854124,-0.9687822605677391,-0.5649551524944312,0.0,-0.23611661814187102,-0.6704647134542194,0.44951288168427495,-0.46866655067464014,-0.47663942595222697,0.7010843776165536,2.1100986124903245,-1.652880129198196,-1.058426967698056,0.005483088852723117,-0.1516270174668563,-0.342987643865723,0.5725105278944222,-0.5800521536296079,-0.5557169147063135,-0.37199270253043015,1.2251061387213826,-0.9746635079051564,-0.37885306709209843,-0.005494378286998475,-0.10613663795989575,1.298373679169318,0.5886732575223308,-0.2815978563014503,0.16154507076427915,-0.5255878626811574,1.4552085523821705,-0.6643359214044897,-0.4146888743637755,0.2687781229613224,-0.13525822655893496,-0.2458593207459848,-0.07163993700020713,-0.33374770370292806,0.013399938331904391,-0.9964397836133261,0.1330873707287149,0.2583531903425192,-0.17144910694149113,-0.7971697470204693,-0.03432304178280107
10,4030.3457664305283,0.0,0.0,0.0,0.0,0.0,0.0,0.0,0.0,0.0,0.0,-1.9843285138302251,0.4232616652569714,-0.602714690570164,0.0,0.646315328791162,0.23219800072675115,-1.0842948415906466,-0.6926282982746828,0.0,-0.2275322682480976,-0.8985380504786638,0.4218860646520289,-0.43641548451304507,-0.5245129430122114,0.5730586532002244,2.090283653726495,-1.5284951842511731,-1.2717625144118743,-0.04983583414665835,0.002079141114533639,-0.2545862982860295,0.7050014377815871,-0.6173636726887081,-0.6564301956852364,-0.2686885329968785,1.6166743587877361,-1.128742257713586,-0.4928547302053837,0.00970978049946344,-0.0964991462962277,1.3788915144354674,0.6520677242351873,-0.34539192363106147,0.11746123247258816,-0.5669623109699805,1.6553914171115496,-0.7965280880077429,-0.541984699204672,0.29240922386896484,-0.15650121198960062,-0.23964441476769513,-0.06658549768701874,-0.34811132748987467,0.018183838379708772,-1.078331324911066,0.1739302799829218,0.09423531845436889,-0.17162620970328513,-0.7996873188563735,-0.024487909403422617
11,4016.023627510088,0.0,0.0,0.0,0.0,0.0,0.0,0.0,0.0,0.0,0.0,-2.0662298256593417,0.8408184376162358,-0.6127501465046284,0.0,0.8350025257079571,0.8333005917809592,-1.3640206091919984,-1.0865188566260398,0.0,-0.17200137019194844,-1.056355467527898,0.5149536203184786,-0.19614735138259257,-0.5546369687564037,0.5681919829472094,2.1529619419588406,-0.943545319081653,-1.8369289713229746,-0.1835797543929062,0.5295179784392051,-0.24043472627544582,0.8746568283616338,-0.6959292589402464,-0.9238420054009928,-0.3388653769992681,2.4930825240112227,-1.4472892292596078,-0.8655048174956161,0.028346892423623402,-0.030645551334876092,1.4311033522961427,0.7631321106694331,-0.48142980061570484,-0.08206498335189855,-0.603294532040158,2.020454331084344,-1.0838203844720344,-0.9152706563353638,0.3069861800255729,-0.17620823482323122,-0.23446946604973098,-0.06840782996684985,-0.3132196657239649,0.0340253339398663,-0.9157076885625637,0.0953434574947063,0.6751360766167194,-0.16722445985326306,-0.7731473670636932,0.01632832706639216
12,3980.130103120928,0.0,0.0,0.0,0.0,0.0,0.0,0.0,0.0,0.0,0.0,-2.0608180220108427,1.0082080351281961,-0.5302603676789975,0.0,0.7068857696812625,1.2028900782443663,-1.3893792434492784,-1.3363016937476215,0.0,-0.07087547355969757,-0.9233582163644225,0.7302267106976019,-0.1344681999663607,-0.4908429831475879,0.5851173578745361,2.424282755726539,-0.7748334602540115,-2.129020908510039,-0.23834073945656942,0.7251342698917825,-0.34116267097578085,0.8463074139792435,-0.6789397165827328,-1.0694849682314458,-0.23238468314144725,2.6944542331679884,-1.4947974493427487,-1.0889885525637064,0.0032280650533111355,0.07523308006414313,1.5440497968558853,0.8204005044189536,-0.422684829481333,-0.21784033137817366,-0.4763085928640932,2.1808285437315678,-1.112268993285882,-1.1335789863194976,0.2938770821299677,-0.1181620877950266,-0.2260348136068515,-0.07102282716752983,-0.3114318790010525,0.042908155902870414,-0.7036530186172992,-0.08013654654243288,0.5238201038519916,-0.1688680976283181,-0.7614979934824526,0.047989501155156274
13,3957.272671605632,0.0,0.0,0.0,0.0,0.0,0.0,0.0,0.0,0.0,0.0,-2.090282332814537,1.1298837627723677,-0.40321299038973657,0.0,0.48312555239974586,1.614194798669585,-1.3328116576699547,-1.6397091636647345,0.0,0.10667223996788526,-0.9956515503714198,0.8871206360277482,-0.18219765647933558,-0.39762646560311254,0.3093624657499929,2.6839272098355993,-0.9759163111485698,-2.395756746094246,-0.2964891572364696,0.6721383114902042,-0.25940238500444535,0.8755849736123635,-0.5825415242087829,-1.2180161484070917,-0.10519089506180226,2.9230022515377883,-1.433764008067336,-1.377327790007503,-0.040363287090440375,0.2836799409270201,1.395398103063473,0.7963192328441454,-0.3669679622117996,-0.39018598648687464,-0.35278098878347514,2.1896625016346665,-1.0393561537838332,-1.4149265579403723,0.214631777410173,0.0157837809865026,-0.22798213970804018,-0.0670946002064874,-0.31935422393841567,0.05687043497392305,-0.5622939123893185,-0.1663535193648733,0.6134636410944605,-0.16695132330092438,-0.7654224071288177,0.10073585759259669
14,3935.9619656854657,0.0,0.0,0.0,0.0,0.0,0.0,0.0,0.0,0.0,0.0,-2.139163354192446,1.1702529107956565,-0.3073205367623134,0.0,0.337363683975468,1.889429850600384,-1.2322073293547553,-1.9083512663456368,0.0,0.3308960237579404,-1.0162622099420813,0.8530640017696537,0.0341819848924331,-0.34520856748404505,0.3806921688011237,2.582311434091032,-1.1308205307776775,-2.5387798397560504,-0.3647810208873129,0.5491760682286982,-0.3501598289657427,0.904262544355853,-0.5326090240751179,-1.3788242177235885,-0.005389125364137742,2.826232234421205,-1.2844677475593897,-1.7223094998732351,-0.18403701881029016,0.5874083021530814,1.3142610017602465,0.8711766856459741,-0.3580621014335507,-0.4470892036539482,-0.3312382980931089,2.525643793826938,-0.9852432341740535,-1.7240704319565916,0.13603882817647128,0.21094167454247015,-0.22989576317658758,-0.06695852094559772,-0.318869224239577,0.07953932166729637,-0.7385992161080956,-0.05625006561309007,0.6645008346346112,-0.1673483713428479,-0.7608540622312941,0.17767233487226636
15,3915.0114321431474,0.0,0.0,0.0,0.0,0.0,0.0,0.0,0.0,0.0,0.0,-2.2273152906226263,1.1280754194525053,-0.2661462568255644,0.0,0.5054223006646799,1.8140094660942576,-1.1911169612728816,-2.075252894049774,0.0,0.49840984203786376,-0.9519643313864117,0.9703540455770692,-0.09100601986288723,-0.3278799788284505,0.5209566093769599,2.5407442403910943,-1.1181053921105946,-2.5431012870110954,-0.45304438414132064,0.5855939233456545,-0.4007404137008979,1.01034851415107,-0.521954792289262,-1.479275915779369,0.09157160025349573,2.9196426782558604,-1.2190425279323458,-2.1349365693384703,-0.33813061825288726,0.8480046672055743,1.3462491116818611,0.8495359663312301,-0.13301333391298345,-0.31826166465610317,-0.208386765996845,2.5140696528270907,-0.8211983968824439,-1.9259872757717464,-0.008778936762893319,0.5085656156914533,-0.227295421427105,-0.0677377291964562,-0.3189418102665906,0.11261786400997004,-0.9528790425771515,0.07743559641206688,0.6793784016940984,-0.17182608799590637,-0.747160977764231,0.2777282383464915
16,3879.664648386812,0.0,0.0,0.0,0.0,0.0,0.0,0.0,0.0,0.0,0.0,-2.330987099789295,1.137833321829483,-0.35252602442796455,0.0,0.9465752943056072,1.5205737083911148,-1.27050862724544,-2.2439190947379215,0.0,0.6379311327103794,-1.0449987345855583,0.986819051339305,-0.3041792852523111,-0.4398431460070695,0.38062903423577643,2.6135038295049178,-1.184608092653142,-2.464338972865322,-0.6005036197524866,0.7159019521717751,-0.7470439008487879,0.9982031871310577,-0.49137798086215345,-1.520762983832533,0.18266330231373915,2.7770773961103625,-1.1560531916129553,-2.8112808342034707,-0.6180431374532902,1.1830011640813458,1.2680863991024218,1.0347053932737222,-0.09809233220736789,-0.050138336220832136,-0.25771470018637976,2.55592611510882,-0.8779204631041908,-2.1945869743636477,-0.29716972468504305,0.9125954846545566,-0.22851614768311201,-0.06402159822356762,-0.30600644316242936,0.17644730279897486,-0.8312164071031868,-0.0457225522206805,0.6232789214890264,-0.17187755332489632,-0.7364541984328679,0.48602539392727684
17,3839.6822083474854,0.0,0.0,0.0,0.0,0.0,0.0,0.0,0.0,0.0,0.0,-2.104348904149351,1.1677059583832508,-0.4539921023789782,0.0,0.7432961032093699,1.1896174586182897,-1.3001594688393063,-2.1498726973749327,0.0,0.5898460204156715,-1.1691433626718941,0.7422844974100846,-0.11326050898362408,-0.642761071461221,0.5908647565829136,2.8213660100680675,-1.5113644724974058,-2.324158447360204,-0.721371860758631,0.7795176365823496,-0.705664682024982,1.2166803881919799,-0.5178691082561175,-1.3346342470553811,0.2667773133598127,2.907056394656915,-1.369241742952316,-3.4233478132327586,-0.8745102613773306,1.2576912378941485,1.4511528900468202,1.3587836770228572,-0.09972248996030428,0.2308311627020898,0.07690044097938747,2.428474875790271,-1.212945732353456,-2.249608891754688,-0.5400808479998953,1.0762960169913849,-0.2101827899410291,-0.05720102914293908,-0.2982777363245444,0.26029351362739106,-0.6554336256555121,-0.18210544772210244,0.5631044775728702,-0.1759282971611638,-0.7087758333456816,0.7443719183333926
18,3794.901692660496,0.0,0.0,0.0,0.0,0.0,0.0,0.0,0.0,0.0,0.0,-1.780156281168654,1.086399433735171,-0.40529706677804306,0.0,0.3305745216312994,1.2886784702784255,-1.513004483325558,-1.8661366246565376,0.0,0.2533345614555712,-1.2168393527084114,1.0230980021989755,-0.5197078406533719,-0.5695762952661393,0.5975670056786254,2.85604252885386,-1.648176374209376,-2.166820843610169,-0.8738014801081742,0.704100271272425,-0.606568849612582,1.337638841293761,-0.5519811847111142,-0.9657700689814883,0.24090990339269835,2.741393747951708,-1.8032983052102942,-3.8001925475635425,-1.1115806898045673,1.0610190167447977,1.7286657758888002,1.4591225017027771,0.10731705824880003,0.16191764403402575,-0.01305513606581414,2.658080200442398,-1.7027548165573156,-2.190359728169214,-0.5739643703626357,0.7639147756107147,-0.20054454378546027,-0.05098146012360962,-0.28622612500303124,0.359131946492835,-0.7851539185710414,-0.11404607451858138,0.5842763846297223,-0.17745906338158643,-0.6902156357759963,1.0323937391167546
19,3763.4663965371587,0.0,0.0,0.0,0.0,0.0,0.0,0.0,0.0,0.0,0.0,-1.8120051760729134,1.1265010323681266,-0.4999125214182711,0.0,0.5094425121873771,1.6081514122896547,-1.5675951768109784,-1.6291913027058378,0.0,0.020844606839719754,-0.9704726003416528,1.0836975654507217,-0.22950028772315012,-0.4333945223768091,0.24974368431367028,3.0868920886570423,-1.6533535603199228,-2.1896142775122183,-0.86962937038198,0.4181228803286298,-0.47998497399804163,1.3881106875118703,-0.5434376992208123,-0.727499753624966,0.07093487513366714,2.613339685669306,-2.098971697371042,-3.7659847434429214,-1.175455312646423,0.7445478692772705,2.129223537315596,1.4271928798785092,0.14069997202428425,0.06507715049576433,-0.10029821520094194,2.683747446789372,-1.4553876874659317,-2.019786262962264,-0.47772703403908723,0.4265521092966625,-0.18792610821459627,-0.05056134471986538,-0.2750477142676383,0.4322011342789957,-0.9528074603236769,-0.01133910947279336,0.5369868311682143,-0.1829299050304423,-0.6589533737284919,1.2311332068838254
20,3742.01683337749,0.0,0.0,0.0,0.0,0.0,0.0,0.0,0.0,0.0,0.0,-2.0851571473686885,1.0162653435704703,-0.3677460866770654,0.0,0.6375739976780799,1.8544532551621136,-1.138273583943762,-1.5229189821891198,0.0,0.0575965212931691,-1.0248871992266573,1.1549501232348351,-0.36346091653082135,-0.3924717240990885,0.3594616908813389,3.0366612521711405,-1.6931815318054921,-2.2571105168199597,-0.8017252698324143,0.31898715008457046,-0.36508361045236765,1.3693179133685045,-0.41537081699981804,-0.7388507760378551,-0.22050555055074933,2.797659749742812,-2.0728403716919344,-3.37525342349935,-1.0570638813187865,0.4360714799933756,2.3902597674786166,1.3849019390060222,-0.20496218617790296,0.07366990023679577,-0.15241157730911217,2.9125024295503827,-1.057286220630349,-1.7831893866873834,-0.26257259201807326,0.0669763790435925,-0.1757652235113621,-0.04583382954442565,-0.2694896921167569,0.4910657722602258,-0.7839907224819266,-0.0989948409364392,0.4290982699425434,-0.18616999634744755,-0.6231586883939593,1.3851516077216306
21,3726.6614449242097,0.0,0.0,0.0,0.0,0.0,0.0,0.0,0.0,0.0,0.0,-2.1766588937980798,1.148132004530221,-0.4276319688435528,0.0,0.6476259476666942,2.0429470723949152,-0.9922487687599345,-1.467081523558495,0.0,0.17297662736645603,-1.1957842581857643,0.9744667117381672,-0.4506260233676575,-0.5092539098847717,0.42203739094486326,3.2844089393388796,-1.66259138713613,-2.2686676591909802,-0.619746358739721,0.46151955325829563,-0.5046846991180304,1.3560931807846748,-0.6299087024514615,-0.9915431314198273,-0.5226509768308929,2.9620493859108317,-1.674168253968394,-2.7057408754732117,-0.833585195681021,0.3806674551903014,2.279253133351663,1.1158691081901468,-0.058850572638628196,-0.08166274957707025,-0.08905735655356553,3.1380567880039534,-0.9566511770962353,-1.4279070677783197,-0.027072274912994354,-0.10259814774746123,-0.17066325761097548,-0.04188140162173625,-0.2597197185229762,0.5429569475847659,-0.8298571011222858,-0.05186685126174975,0.302655206847826,-0.18450861117630443,-0.6099020937574041,1.5009702724188947
22,3717.3134923774446,0.0,0.0,0.0,0.0,0.0,0.0,0.0,0.0,0.0,0.0,-2.119490037812742,1.0336663993032869,-0.33535830324780347,0.0,0.6188492994360391,2.1807232576108553,-1.1725163957530251,-1.4750077500834715,0.0,0.18573752437148833,-1.216612886400267,1.0272960827907662,-0.45229867796977846,-0.6248011870822548,0.3853226596267195,3.4501797790855715,-1.6337476500033228,-2.1602633825040916,-0.4604949224969188,0.499835156698128,-0.6128952354687371,1.056172251432152,-0.6933203874363786,-1.237334809506924,-0.5913556592930704,3.2459526283051368,-1.436073846767279,-2.130472308711415,-0.589849656176666,0.4267188831617336,2.2057322172626797,1.2311091535174028,-0.17677622120753866,-0.11813548200424467,0.019635671157061746,3.278046320374681,-0.8936686639832673,-1.1695854593745159,0.09759483535269707,0.001830400127064008,-0.16830119662753154,-0.041123238467940956,-0.25633211174297826,0.5836699495688954,-0.9929138210875758,0.0561743716405097,0.27612172024034426,-0.18451421596458603,-0.6016130103306639,1.5686835919875077
23,3712.3364114470724,0.0,0.0,0.0,0.0,0.0,0.0,0.0,0.0,0.0,0.0,-2.041283648220325,1.027662971478978,-0.4321600601151844,0.0,0.6036181429372136,2.193275102662039,-1.2289980851495241,-1.5179557657172043,0.0,0.17859827670348324,-1.1376731205454296,0.972639123603468,-0.4643540039619829,-0.5034018742720902,0.37498276374914763,3.4674701102042236,-1.6701101459521472,-2.0159998247328175,-0.3870412983318506,0.3815711032047781,-0.6511686925300311,0.950761063117459,-0.7470232219407412,-1.4147498520341466,-0.4159474958270921,3.484319207243291,-1.4477256864160428,-1.7045759219234464,-0.3800942624034914,0.49090758566139897,2.269593061241922,1.1915974162478522,-0.10321547792396958,-0.05669799606676334,-0.07845580033227353,3.4846278656926453,-0.8828535574606394,-1.1944961617429997,0.1698075687048638,0.18177256879717413,-0.1644698313573453,-0.04103817108308868,-0.2555107835385375,0.6172510038357636,-0.9242363134673436,-0.0010449648093532327,0.3392500660282423,-0.185140535868743,-0.5893091640955546,1.593665833245304
24,3710.238519644438,0.0,0.0,0.0,0.0,0.0,0.0,0.0,0.0,0.0,0.0,-2.064087872283377,0.9556869176024828,-0.40733722995114163,0.0,0.6113926959208299,2.2032386212335546,-1.1607001486842183,-1.5490439088531767,0.0,0.17489277027814254,-1.1021126325116033,0.9688739589378685,-0.4565009486934224,-0.5333206543466118,0.3170275533570116,3.557615193915675,-1.6295382406323058,-1.9731491098921352,-0.37798030062779575,0.4133501182115979,-0.6338776289241421,0.9886021310897725,-0.7815372886568981,-1.4585136119070463,-0.2853577128946976,3.4675734581556625,-1.4979717530506578,-1.532311543862532,-0.28607625142495724,0.5157658519907655,2.2849264596856163,1.1358206100879589,-0.13845111515963515,0.009125323281653712,-0.040364460773009515,3.5716864128125,-0.9545139454062389,-1.3108939740717793,0.19157821774583972,0.22785607442191733,-0.16390882364322001,-0.041445608422232466,-0.25639954364820305,0.6415284468986598,-0.9442489934654086,0.009147935501733453,0.4039013822710902,-0.18471079304386875,-0.583244415771594,1.590351760272475
25,3706.578113803261,0.0,0.0,0.0,0.0,0.0,0.0,0.0,0.0,0.0,0.0,-2.1631917151459645,1.0037045126405393,-0.4293982623702635,0.0,0.730361442402157,2.5185234758787423,-1.1446550594950098,-1.5450588658825841,0.0,0.1597740047733825,-1.2101411260038177,0.8353656277339984,-0.5698862810594357,-0.6378592536595165,0.48659409814231125,3.639429471921137,-1.6532190331892782,-1.9628679613651683,-0.39958387480585933,0.45811091555048594,-0.7149607437723449,0.916476201218564,-0.8167180756732904,-1.4404625947375735,0.011552181269945894,3.380876595339529,-1.6986808879406703,-1.364366330911116,-0.057474825441066885,0.4785581245788152,2.3150306660810847,1.19061988408684,-0.15779937558687243,-0.07584287381325519,0.05014957631315104,3.5042671123882116,-0.986395916552338,-1.6514790266873671,0.16295943526075718,0.36026873050463415,-0.165210807382816,-0.039676636900211476,-0.2520858587072618,0.7354333187771351,-1.0159891689188165,0.03813825798912965,0.48889416550617393,-0.18292774810461945,-0.5578806131237634,1.5459382695588557
26,3698.0425328796764,0.0,0.0,0.0,0.0,0.0,0.0,0.0,0.0,0.0,0.0,-2.2817200746277324,1.0475633740678583,-0.409776098812979,0.0,0.8453527525046218,2.5621080481166327,-1.1061968242762479,-1.4509385315087833,0.0,0.3481615636448846,-1.2256481491302538,1.0301358554740552,-0.4510548155464983,-0.6471524739061071,0.49611211867764193,3.6842718559906302,-1.7059836794905643,-2.106195750690947,-0.4214030104328499,0.31914860728104466,-0.8558573905910529,0.8839813817578781,-0.8753466298156682,-1.4120537454372428,0.14627174690016972,3.5977830430085325,-1.7218403357507375,-1.635841529748001,0.11691993831365971,0.42897106503055377,2.3107159088069262,1.2242294670893905,-0.12765421782282296,-0.21397809303417167,0.08581395138392309,3.6358366380005873,-1.233008037049992,-1.8482226928991312,0.20804285239228315,0.3817669825634869,-0.16693103253752656,-0.03886452190683157,-0.24080701542032576,0.9146147112393014,-1.0661271005444797,0.06103320237084099,0.5279297885616806,-0.17702520148289191,-0.5143406550123296,1.454919508022887
27,3688.196146856385,0.0,0.0,0.0,0.0,0.0,0.0,0.0,0.0,0.0,0.0,-2.1710324719700487,1.1857589601583547,-0.2195645248788612,0.0,0.8770208742051036,2.8696746734407315,-1.5032814848974936,-1.5790717384737794,0.0,0.18770339370118305,-1.247280195639022,1.020983339642063,-0.46765514790089435,-0.26387803833949913,0.4961505124158675,4.180606541414744,-1.7724463611264358,-2.3804773184186336,-0.408993165935151,0.4965606005716105,-0.8023901764349696,1.4961064118205814,-0.7158611394834454,-1.5085618339626348,0.17633114215292936,3.930373119880536,-1.3713578004682019,-2.566924988620609,0.12122140101981688,0.6046059153469585,2.539219240928576,1.483225158292374,-0.3055697735684881,-0.03121273120454704,-0.20285363299013995,4.2273650850492555,-1.1999073410443848,-2.0110964632523274,0.3667613346721952,0.4617336720425722,-0.1498627512476553,-0.032835560205193785,-0.22302869391341693,1.414680616330872,-1.1418413568825718,0.14163151159362553,0.6455675500003517,-0.16500012871964723,-0.3776153711513023,1.2204988081846664
28,3680.971066941166,0.0,0.0,0.0,0.0,0.0,0.0,0.0,0.0,0.0,0.0,-2.070263777930447,1.255586879095431,-0.4067450230483912,0.0,0.7993112527589377,3.079005391257288,-1.4258846398169371,-1.8263234965037285,0.0,0.09567828415805077,-1.2834731005517883,1.1604532252164494,-0.4343171183752991,-0.47668924332130624,0.4707760194133176,4.333405415010102,-1.7636895397794805,-2.256720249417904,-0.3921077236495591,0.5309708320690208,-0.7791683488758112,1.5609087504191015,-0.6300426894915978,-1.5193714895566448,0.04719384839587015,4.092513136021388,-1.4958032190818717,-2.8319176639688486,-0.042044155904126274,0.7019968190192004,2.5197079665429287,1.5176766182793782,-0.276204355994938,0.13802227490220095,-0.35272629337095995,4.4601521593374205,-1.0935821053711314,-1.9664725071512417,0.36317549831509954,0.46944757283516514,-0.14605112352356373,-0.031016865808070844,-0.2132161678157766,1.5682816824578754,-1.1822009948283225,0.1763783027903862,0.6318180457323902,-0.16074275126373946,-0.34070523603836794,1.1675886020906596
29,3676.908274515256,0.0,0.0,0.0,0.0,0.0,0.0,0.0,0.0,0.0,0.0,-2.0964248207157814,1.2341503101998301,-0.39729521005471796,0.0,0.8137357533851204,3.1941581392702894,-1.3505543491546916,-2.002563818568038,0.0,0.1341926668706114,-1.217935377953143,1.0156145875941907,-0.5088877527683798,-0.4317530760065117,0.4561225520654908,4.498624982388921,-1.6611854867707079,-2.135685775899173,-0.394871784631119,0.4401725581402657,-0.7437059178222306,1.5341472549447268,-0.6180381511167962,-1.4862677215583862,-0.11720473900037948,4.236564355117782,-1.7153743649274489,-2.909518493803044,-0.25921131111721407,0.7767111090390807,2.3952787536840217,1.6181680476425648,-0.22572475601553227,0.15807465763335235,-0.32632741757841804,4.647306340560925,-1.114152216551297,-1.873809290400321,0.26950125685411785,0.4429836016035213,-0.14557983068214575,-0.03173389448171554,-0.20524998358848515,1.6521742269219972,-1.2047727927859968,0.20095387423995248,0.5838187476831976,-0.15716313786027175,-0.3220523311773135,1.1602233322326678
30,3676.7764207280707,0.0,0.0,0.0,0.0,0.0,0.0,0.0,0.0,0.0,0.0,-2.1996509699665068,1.148349019518601,-0.24405319984576754,0.0,0.9967853346296699,3.507739921810303,-1.5807458432607697,-1.9860909238563296,0.0,0.30604733009395224,-1.1943322693091563,0.9802902982591436,-0.4276152958861962,-0.5248513736213217,0.5348690703247421,4.639441755966519,-1.7212386948950378,-1.9146677644929124,-0.5495907475718232,0.4343114771412613,-0.5169445655351583,1.410368622050267,-0.6182531530165489,-1.2668382392134079,-0.2257220527972233,4.450035521075257,-1.7872799306603553,-2.761691309066399,-0.7464423573628345,0.870170956575649,2.3091272744209106,1.421207083315394,-0.08260515051233694,0.23661346703339836,-0.23771641688502343,5.001094856968391,-1.1355738665036732,-1.7871829943828308,-0.045051971123231005,0.3682729436194822,-0.14025217508993792,-0.031505236169714824,-0.20740910762301515,1.7554392389494364,-1.0616342324843786,0.1411705759816939,0.5355060032496344,-0.15323902509406365,-0.29853198767137445,1.2001511195933616
31,3673.0865892974953,0.0,0.0,0.0,0.0,0.0,0.0,0.0,0.0,0.0,0.0,-2.2356217759794754,1.175188722648547,-0.35255030238631935,0.0,0.894877676392741,3.6513140008872695,-1.4966574200641913,-1.7215916615084286,0.0,0.4860369695257645,-1.2551776657046252,0.9477864724161249,-0.42041344921298196,-0.45804807167374667,0.503458005506876,4.897740925991134,-1.6261576027542597,-1.9637575902544981,-0.8062972172090573,0.5327621828950195,-0.5107992451941059,1.135008833312558,-0.6102410511290376,-1.0424228982262564,-0.19222008314252606,4.747443985779967,-1.7217966359500807,-2.4556443407822024,-1.3102081803953909,0.8329710087519001,2.370328319037572,1.275492338609947,-0.13968730675911972,0.256230223935882,-0.28654468662294735,5.231976349445731,-1.0739109665339157,-1.7289745771656952,-0.4775555409660684,0.40911811527071484,-0.13880860041287646,-0.03095857229578098,-0.207059455648081,1.8561366994948822,-1.1397129082631077,0.20013695214857802,0.5804175802616384,-0.15191486394252865,-0.28646963748820414,1.272619597083068
32,3669.695230083714,0.0,0.0,0.0,0.0,0.0,0.0,0.0,0.0,0.0,0.0,-2.23574695616929,1.0516544058654747,-0.39187252232820996,0.0,0.8883156664476963,3.7871839422897526,-1.4084904871114636,-1.6724515116994214,0.0,0.34178711056295497,-1.2374541654801066,0.9709461615459017,-0.39702459918956545,-0.4609562922249441,0.484726586149107,4.933513957008461,-1.6213646867533253,-2.0120513047256776,-0.9746611168722581,0.48706413271786814,-0.6950050175624203,1.1869711640524243,-0.7330084751844045,-1.040554833470085,-0.17254974693784897,4.9522241125851325,-1.6368360349293556,-2.2387683792612294,-1.5973494704752103,0.7582409268631358,2.3732098030127147,1.2153968691366648,-0.1878458907662677,0.15551260307649623,-0.2752424638357947,5.241883794239096,-1.0816986357440603,-1.6849188984531474,-0.6716552399735407,0.44162602926292893,-0.14192171438316503,-0.03174127269148278,-0.20028022639861806,1.9160118523772838,-1.140890838609172,0.19314314161943014,0.5751671814218822,-0.15025029313413962,-0.28251598412948703,1.3327443083738415
33,3669.3550531307,0.0,0.0,0.0,0.0,0.0,0.0,0.0,0.0,0.0,0.0,-2.2387793443303625,1.2068179542158208,-0.5833654378268176,0.0,1.0043106776646777,3.7913006617965275,-1.318844608750312,-1.7023766139276488,0.0,0.10971719802671714,-1.1314264290174063,1.0706479429419178,-0.44785073274615855,-0.5576641708193446,0.5169048247238822,5.0061056874333225,-1.5481446348521943,-2.0322350113147274,-1.1259949618469567,0.29737513154312967,-0.6820213359272175,1.2117656623225257,-0.5310602602297,-1.2688279255257444,-0.026599274812314166,5.072169618636363,-1.4001431307131822,-1.9314602987328326,-1.7706682507178373,0.6278294425791786,2.327876993209689,1.2988273200185376,-0.2075298447298435,-0.08575580261907279,-0.05402250671968081,5.279786314438963,-1.1912020324962078,-1.6627118105802288,-0.6218181107967428,0.29154408486696815,-0.14280068343474736,-0.03347341539755314,-0.20720615381249166,2.0054387774560483,-1.1488040287367247,0.21138182286004314,0.6260970906897734,-0.1475969828761753,-0.2815604585561174,1.4571824771223885
34,3664.3919336275044,0.0,0.0,0.0,0.0,0.0,0.0,0.0,0.0,0.0,0.0,-2.2658012872554187,1.326259988291643,-0.38991382804881414,0.0,0.9059604948131713,3.6738683231892995,-1.3321939708713155,-1.7882328707450266,0.0,0.15527064634311968,-1.1495955861690768,1.0899360895207568,-0.3759702022687643,-0.6705975633859997,0.46632713834579603,5.071198194033241,-1.51758128037377,-1.9595024182704597,-1.0688928933466073,0.30440649071234244,-0.783215198692347,1.1643397955966373,-0.5352733393360177,-1.6316792363303012,0.08773260323726201,5.121315417662185,-1.4635008627636985,-1.7582488043561564,-1.6213833789444816,0.33511613775170923,2.2787338202569143,1.3775005791578958,-0.0733894746163993,-0.21617305930294037,-0.09856063040439893,5.1787990345962704,-1.070488471309046,-1.7031864182115495,-0.31206932538158527,0.08030694713444125,-0.14956962493859846,-0.035131246434029095,-0.19998919968243245,2.1015698585764624,-1.1581223819154765,0.20565559309310005,0.6738847036198228,-0.14589123395767647,-0.28080032120424675,1.612916870337189
35,3659.0896993231127,0.0,0.0,0.0,0.0,0.0,0.0,0.0,0.0,0.0,0.0,-2.2448393000886617,1.340700367142826,-0.5075537552665289,0.0,0.8594843797893994,3.852427083732637,-1.352281560791389,-1.886832494976988,0.0,0.3325195299710183,-1.1679331095770438,1.180175398745863,-0.39138700207256677,-0.5518971548572302,0.4524756285491989,5.059090474957251,-1.4963036368126448,-2.0611041256519984,-0.7344104291212705,0.28392951009456696,-0.7446783358884109,1.1109175392880553,-0.7449136082454548,-1.7738810339172495,-0.007952769207295651,5.032869652405175,-1.5599139177799461,-1.7375452012911876,-1.0423359023918914,0.3096143839476209,2.278352617863026,1.3165904200784604,-0.1562162436822906,-0.0463819258626115,-0.047587530580786117,5.004947279737121,-1.178595441455231,-1.5748481709034405,-0.022741812379662718,0.058531912475847055,-0.1546402551932793,-0.03641597531511842,-0.1924319890718769,2.2003304999858604,-1.161439872993597,0.22070201099193842,0.6382345698196698,-0.14364221849911218,-0.2790292210822521,1.77837447325527
36,3655.8036851227735,0.0,0.0,0.0,0.0,0.0,0.0,0.0,0.0,0.0,0.0,-2.2380512409815925,1.2118640592353167,-0.5539038610421203,0.0,0.8663065783321379,3.877862668884697,-1.267258379771137,-1.9215871181817017,0.0,0.2979443420396442,-1.158912313657348,1.1689752732632692,-0.37081319576358746,-0.5692495736727777,0.43230701152035733,5.092840689698301,-1.5147895809194105,-2.147777558555772,-0.512935800974308,0.3926036776920001,-0.6413757249640145,1.056681678220834,-0.8007369546738863,-1.6514129098587127,-0.09564462252217501,5.02603231231885,-1.589191589445365,-1.7843786215645157,-0.5487900841508847,0.4096593086915896,2.3002107592765677,1.3434893186355814,-0.08734724466106401,-0.19157796039357974,-0.0985420478381698,5.045067253348277,-1.1711087538548972,-1.5095931957201385,0.0902307703519693,0.14427824868829006,-0.1535701064918363,-0.03644302698367871,-0.19218131656592022,2.2615959763105833,-1.1351923052657011,0.22363423930896725,0.626747037514052,-0.14263662668757432,-0.27397572410979587,1.8736966263907877
37,3654.3054704714204,0.0,0.0,0.0,0.0,0.0,0.0,0.0,0.0,0.0,0.0,-2.2275605411626054,1.2530664379539878,-0.5135845117485319,0.0,0.821569984810255,3.8829481516458784,-1.2822781475258078,-1.863419108102644,0.0,0.23776015749460844,-1.1143840005805425,1.1225405681100646,-0.40674921778368767,-0.6355162198749799,0.4200075614615396,5.1336129330684885,-1.4891690785975,-2.1378252676599727,-0.44931563104813654,0.3540156341408484,-0.7080828622934596,1.072603310510192,-0.773456573977551,-1.5239698400536323,-0.18687859110657007,5.092814814826126,-1.6195378294207845,-1.8471985317388162,-0.2746996381311368,0.5031654172585149,2.2818847958662776,1.2416693745447864,-0.14812443103529147,-0.21979013617978935,-0.075524415235683,5.115460496490664,-1.1157666548640657,-1.5614171162263564,0.1443109220130548,0.189200396758216,-0.15409255217820322,-0.036882256513327674,-0.18853395214969862,2.2998420925063123,-1.1394781244795895,0.23226914438537127,0.5932097390858201,-0.1414377961472291,-0.27146320667145807,1.9162005651835547
38,3653.477994950062,0.0,0.0,0.0,0.0,0.0,0.0,0.0,0.0,0.0,0.0,-2.262402261743235,1.2432995305104095,-0.5114717987660312,0.0,0.826456896844795,3.9933416771922725,-1.2503841328781322,-1.8286707350090312,0.0,0.25509951013253607,-1.1271523753262742,1.1074944571964769,-0.3950247452030086,-0.588196036542524,0.41091597790281,5.20648048997811,-1.499179223198679,-1.9925123965668727,-0.4746515381416341,0.39506011874903113,-0.7866467444590652,1.122630562280026,-0.710701409753509,-1.4356408842317785,-0.16765312993829032,5.173833156590882,-1.5818045304173838,-1.9187428435119047,-0.19740027462315257,0.531658425013203,2.295237057282574,1.2600977426413449,-0.145730738586962,-0.1979046493118963,-0.09478546157758921,5.141293951232123,-1.1439031543227205,-1.5545181240741,0.2019794389457097,0.19494404960961922,-0.154603931479389,-0.037299258339967716,-0.18663669337187716,2.344910881707322,-1.1521526899979455,0.2433941692760664,0.6038373285350094,-0.14074865221350352,-0.26411888554130286,1.9349921805103543
39,3652.607085966247,0.0,0.0,0.0,0.0,0.0,0.0,0.0,0.0,0.0,0.0,-2.272433093312564,1.1583979543693699,-0.49690880090641043,0.0,0.8238090087260442,4.139681639778476,-1.2730891375264637,-1.77034822696031,0.0,0.27740809788118087,-1.263503493183077,1.1019453831006045,-0.3842802161519216,-0.5889614666105965,0.45261110456818104,5.380677050047323,-1.3950028196207056,-1.993839750417302,-0.47782707380474515,0.3034558230554904,-0.8431221833569308,1.223772978454965,-0.6778210564424025,-1.2950447313892852,-0.07254059862583968,5.259632621358218,-1.5512199370905329,-2.0070290436334113,-0.1899949931099892,0.5580446419176113,2.2503748346910863,1.3367038176706247,-0.07963788811631282,-0.09147003759444548,-0.13665964654947904,5.2500735500682,-1.0986425018216226,-1.5368683943368002,0.2608861273294038,0.24409887273735165,-0.15449538576383334,-0.03586199517866531,-0.1834859181952538,2.4542285523599863,-1.1096964704628804,0.22624041138807688,0.6482365014882002,-0.13914408836660222,-0.2440140795523471,1.9742424353517047
40,3650.6620045437703,0.0,0.0,0.0,0.0,0.0,0.0,0.0,0.0,0.0,0.0,-2.2726099337247474,1.1632292671666624,-0.4918484025792805,0.0,0.8442816565570487,4.304566176552258,-1.3131390542219035,-1.7331898405546249,0.0,0.20119701166016485,-1.2791901666221261,1.113895240829669,-0.38541754321322524,-0.4709467248315083,0.4581872621608674,5.518143100754348,-1.52494918533172,-2.1070643519838996,-0.42974759095644693,0.4514296574078819,-0.8928591954015238,1.2860774259705274,-0.704920530603486,-1.140652728722288,0.028386829384168463,5.417919955872598,-1.623707060945616,-2.1104050473876406,-0.29526936436469675,0.5233681651455169,2.0521503500241325,1.4156537475428148,-0.04218382664166043,0.08745094608058109,-0.07048292520301877,5.527192314911986,-0.9801225458523452,-1.575524984116578,0.23862427423262422,0.29711707336640086,-0.1552090390501046,-0.035317864196479226,-0.17312566139520388,2.678157115045739,-1.084554642414173,0.2299388285583742,0.6931240669870694,-0.13390529163468304,-0.20760370528845262,2.047760922164276
41,3648.8637574593486,0.0,0.0,0.0,0.0,0.0,0.0,0.0,0.0,0.0,0.0,-2.276797526296435,1.2196169800898318,-0.3843258494267177,0.0,0.8209188730690784,4.37810954979815,-1.3540942054795713,-1.8744838727439905,0.0,0.21504413016053545,-1.258331535861422,1.0579482828005262,-0.40580094089633817,-0.49817577932553053,0.44045758240449034,5.586629352003058,-1.5799585251860206,-2.165753433626368,-0.41775933673030874,0.4822884138084817,-0.839678179095642,1.2733815568557807,-0.6852217994905596,-1.17268040686022,-0.04550565716147595,5.507791542649733,-1.6226673421461815,-2.115393118262294,-0.3909053040582836,0.601413439865848,2.2356685410371835,1.364647968362092,-0.0780034914594051,0.07725802203473324,-0.17891383971945035,5.547788256539308,-1.0646863073978865,-1.621569728483669,0.02425843251331039,0.3122310970990613,-0.1536347283766869,-0.034268949204815685,-0.16585246909397047,2.8520822249748083,-1.0703921721013785,0.24846145029075697,0.704353085873169,-0.1318686411743054,-0.17450904268381157,2.087342901836964
42,3648.375364792214,0.0,0.0,0.0,0.0,0.0,0.0,0.0,0.0,0.0,0.0,-2.243266248236347,1.197301491265846,-0.4245733931447105,0.0,0.8145404549673694,4.376546847376678,-1.3938006252370914,-1.9024977194944024,0.0,0.2692207686772298,-1.2689032123596937,1.067616398702703,-0.41401513514408395,-0.48905547903763713,0.4440213196052355,5.627844886707114,-1.5813795666534771,-2.1225545184665777,-0.4884511932132516,0.4897326615793179,-0.78623726372729,1.2887795403645328,-0.7336881492288402,-1.2077226222357809,-0.10441069098329538,5.514343871072583,-1.6273757804754598,-2.116124633354864,-0.40708639196499996,0.5956138840528206,2.2710181199218447,1.3496063667389087,-0.1404850858975349,-0.0030104044454953988,-0.18131790579989093,5.5738754068893925,-1.040816469843921,-1.670704247070878,0.00172944164638799,0.3327295296331301,-0.1530297593482355,-0.034044293072199826,-0.1637546427606291,2.897756244426699,-1.0563443987389034,0.25003452447228924,0.6923177052753692,-0.13118671064360893,-0.16682995163326644,2.097158225602355
43,3647.8335221865063,0.0,0.0,0.0,0.0,0.0,0.0,0.0,0.0,0.0,0.0,-2.2352491733510584,1.1567005890700455,-0.4337805082844017,0.0,0.8173578563164241,4.427311900761912,-1.3930372014149734,-1.911298618787087,0.0,0.24723002034253855,-1.2240077227489081,0.9964306519002508,-0.4383217288131782,-0.527133709034974,0.4406610911210599,5.679618692768877,-1.5956450525367067,-2.1367499640449337,-0.64034476175609,0.48332177932124193,-0.7179660721818077,1.1788420537966993,-0.7704390251086841,-1.2750442250877314,-0.12761698584249404,5.550762928005027,-1.5904691064569743,-2.1474958330121416,-0.41028919322618607,0.5531360780902966,2.2940178982186454,1.2812198606012306,-0.15825955617368473,-0.004755861318730107,-0.19030098892232522,5.606357600883505,-1.0625067964607504,-1.6555034607339985,0.06008506020644489,0.3588935902962713,-0.15318537024141668,-0.03429238552685107,-0.1631012690736127,2.958475030998584,-1.0447549074430533,0.25287657625797266,0.6905413542179573,-0.1309848624273437,-0.16025605475316093,2.109590423014131
44,3645.604658665367,0.0,0.0,0.0,0.0,0.0,0.0,0.0,0.0,0.0,0.0,-2.2794495490895668,1.1867962263668579,-0.44223005586914543,0.0,0.8403889218596345,4.595335842977223,-1.3789683622959092,-1.7864184470121982,0.0,0.20644510093478083,-1.1988586618023285,1.0046766991764278,-0.45932365983093953,-0.5756587733038088,0.4333529256000424,5.848095060115493,-1.598883938761307,-2.037853149762261,-0.5493029299335375,0.4556404190524642,-0.6571361173365159,1.0879372104822813,-0.8105851289175535,-1.478421272833339,-0.07241071169882451,5.708210050080113,-1.525126519064807,-2.0558814433408537,-0.47263365602301965,0.6410040816330369,2.3547384308616466,1.2038541449610884,-0.2306473481351684,-0.14732757969211147,-0.15127590478178882,5.75456878195353,-1.0518957537897284,-1.5734470116084065,-0.056300416234004315,0.22071226342186706,-0.157948640863204,-0.03620588007040997,-0.1629846158460861,3.2110655486418964,-0.9814714738877846,0.2420337450965553,0.7251494548124081,-0.1319308639816592,-0.1350692357908048,2.1622922271527756
45,3644.6361937545053,0.0,0.0,0.0,0.0,0.0,0.0,0.0,0.0,0.0,0.0,-2.269597093715662,1.214084427453974,-0.4428213600556547,0.0,0.8395262775841914,4.642180337738058,-1.4240861961425548,-1.8846410211331024,0.0,0.2829110499601747,-1.1742691801789553,1.0373350025598342,-0.4509395124442088,-0.5856056720641245,0.42358008631484323,5.895649585256409,-1.6230247055037887,-2.079146069289771,-0.5471593645418523,0.4572597480034355,-0.6942886431018408,1.154482413829957,-0.6708327144433218,-1.3906558086852887,-0.14870701561568705,5.770256299663027,-1.4902531769756582,-1.8857663778440137,-0.47705364246142845,0.5350673216754736,2.3485250843943852,1.2135257715154761,-0.2028393494549422,-0.16548622280562622,-0.14263117647428014,5.8043776551223445,-1.0942562317900837,-1.5767330108992548,-0.07200187458815449,0.2729958231442044,-0.16001971632828826,-0.03705969341789969,-0.16213038836719026,3.3305473388129494,-0.9735908947914099,0.25663507612773007,0.7139808936565506,-0.1319972054021336,-0.12389508091056001,2.1920613210033366
46,3644.4872128473135,0.0,0.0,0.0,0.0,0.0,0.0,0.0,0.0,0.0,0.0,-2.2747582367700123,1.2834260768195835,-0.41508414728180704,0.0,0.8437325915273532,4.637621709629801,-1.415900251846993,-1.9749356360502246,0.0,0.2559224273521557,-1.2008308087857034,1.0882849579317948,-0.4272104752539479,-0.5466335891806512,0.430353898250572,5.923985842218705,-1.6221634817178976,-2.0866080464892818,-0.597486423600478,0.4410207780333258,-0.6887851162347928,1.1343212186445435,-0.724226305532134,-1.2711875616775965,-0.19098348128112663,5.814285086996444,-1.4352136320028306,-1.789250503147186,-0.46987967173913414,0.5764721956976638,2.342714098254694,1.2790846620163254,-0.17838070854296845,-0.12908047288907365,-0.14444132659340284,5.799012070901135,-1.0968797321441026,-1.6447731748439387,-0.03284864590318789,0.22254438478099323,-0.16068363181006234,-0.037172082981691605,-0.1618074508232384,3.397017847747398,-0.9684583422635108,0.26832152287669586,0.7046651901473409,-0.13164259229847658,-0.11622491375680176,2.2134157710455296
47,3643.4759992612708,0.0,0.0,0.0,0.0,0.0,0.0,0.0,0.0,0.0,0.0,-2.2645261462292985,1.2395601720242593,-0.47703568900601223,0.0,0.8363396224332175,4.78372454307726,-1.40550411161301,-1.8634898005617513,0.0,0.2904728782108874,-1.1646136136472014,1.1063086063702732,-0.427339253310621,-0.5814343413927564,0.4223319571057122,6.023948546227955,-1.6254515832566816,-2.175589993472973,-0.6457509189112709,0.43773261558125837,-0.747541518362109,1.2069372880925318,-0.6580252469894929,-1.348108333441584,-0.13330410680009247,5.9161069173059735,-1.5420791799838391,-1.8353235057735835,-0.356549363072095,0.6404759387865573,2.2960588478088466,1.3715623193944977,-0.12356547197707152,-0.08985587655127628,-0.1329479703385255,5.934649495743439,-1.1053872578544939,-1.641199995803038,0.021355237546938653,0.16573067312170947,-0.16243771078549923,-0.037837505343584085,-0.15037299963784007,3.7356865645267177,-0.9264628242077498,0.27917144007234257,0.7400006238906269,-0.12717597752547585,-0.07342317847951663,2.3682208417343587
48,3643.0343555176246,0.0,0.0,0.0,0.0,0.0,0.0,0.0,0.0,0.0,0.0,-2.2738561523718883,1.2686570214887942,-0.46215499254611897,0.0,0.8512574803658001,4.853993112233168,-1.3732462490748947,-1.8917770806446796,0.0,0.22494642223591158,-1.228183629874756,1.132243022370465,-0.40674862826609504,-0.5518855488966073,0.45262055597976,6.127380090235668,-1.5842526718569843,-2.1389605506380156,-0.5315160990280419,0.403633087287036,-0.7489201795738863,1.1871048334329897,-0.6679970923360227,-1.348930984788349,-0.04667606051492178,5.970486371706726,-1.553378337822361,-1.9515279427741037,-0.3349863556935419,0.5044604817356086,2.2875312527806364,1.3159121722409106,-0.15184271457157278,-0.1173332250219208,-0.09766996017747065,6.063132478802757,-1.1332458079168555,-1.6225388364224547,0.05442216883899037,0.26708332547573616,-0.16429489473342587,-0.03810742820272158,-0.14445714802131251,3.958373074629697,-0.904437636065897,0.29002719324323206,0.7709167174049028,-0.12470002136240688,-0.04558178814653918,2.466251002942269
49,3642.764752187475,0.0,0.0,0.0,0.0,0.0,0.0,0.0,0.0,0.0,0.0,-2.25612098322606,1.2388613124723398,-0.49081674064836334,0.0,0.8483187459439139,4.864126762615424,-1.3836619070865657,-1.904786553868809,0.0,0.2556023258691742,-1.1857819463312136,1.0963554470477044,-0.4430045847753582,-0.5894499256714525,0.44372939592429805,6.123209038096437,-1.5872048461008035,-2.1404518921237576,-0.461485938133693,0.4022471671339712,-0.7521367281394726,1.1812262274681704,-0.697829899814436,-1.3123858067687877,-0.011863164312374344,5.994711399467874,-1.5193939757454147,-1.9834199516275328,-0.3741407253732844,0.4827355171224155,2.307226491988625,1.3174363515119951,-0.16992170316543515,-0.12716369241250486,-0.0993485193488289,6.070376275107247,-1.1288255492398502,-1.6566072399278997,0.09238708953803176,0.24462088552120392,-0.16462813420655664,-0.0384540231133885,-0.14474855725542912,4.001943967604276,-0.8994589088916397,0.2905864738814519,0.782734209262325,-0.12483262536399103,-0.041994467692601165,2.473786917829187
50,3641.767663016772,0.0,0.0,0.0,0.0,0.0,0.0,0.0,0.0,0.0,0.0,-2.2281121032053877,1.1625340430209186,-0.4996312870046939,0.0,0.8512201650995512,4.8111387802948125,-1.3886304204558393,-1.8655708978546333,0.0,0.23780127706190346,-1.2459338657658225,1.0822552585500504,-0.42121845349843606,-0.5465975956181063,0.46865570813772955,6.102749292831837,-1.6116569617824343,-2.183746431590642,-0.443998714529093,0.4347408137914325,-0.7632550860123667,1.152743057566796,-0.6400950463078083,-1.334459286299759,-0.04563915428559506,5.953879426122901,-1.5692342905100682,-2.0061160809991994,-0.4601371461928458,0.578338660243141,2.32739319792527,1.2556472091860917,-0.1824882132172147,-0.1391020227055424,-0.09873901149389194,6.01935890732746,-1.1260656792066952,-1.68538604111524,0.16196206874495428,0.24726794431719282,-0.1666208775355699,-0.03837159959774292,-0.14673918087283463,4.115577497248211,-0.8770490957408925,0.2884201627847814,0.7677424991034227,-0.126707008956417,-0.04005876016996154,2.4589525129572998
51,3641.057618116485,0.0,0.0,0.0,0.0,0.0,0.0,0.0,0.0,0.0,0.0,-2.2625490200236618,1.24904363458688,-0.443430355180724,0.0,0.8208364234449224,4.801865956657906,-1.3556261262840599,-1.7760820461428812,0.0,0.25673465038486637,-1.2043160716574086,1.10765426019146,-0.44626703953519553,-0.5893149057692547,0.44957012486430215,6.051849996017595,-1.626936911634798,-2.1825772882761925,-0.5204836822832317,0.4434975829491355,-0.6926164475368115,1.220865360863432,-0.7173854796624897,-1.3637212263692178,-0.07856595584798223,5.874681832812149,-1.5750446288363114,-2.0260123334763454,-0.45289006998015147,0.5959767621737126,2.333592239650038,1.3401006917069767,-0.18063882025214215,-0.11175610274737349,-0.13955339338658573,6.0205625930186715,-1.105749339281676,-1.6168161621993993,0.09480366961325869,0.34297012190975806,-0.16752609997036344,-0.038968338929926516,-0.14995363823430805,4.243944253809469,-0.8419117603353999,0.284493042972708,0.7655222297438515,-0.1290827809631396,-0.03544077081929928,2.446710234381994
52,3640.8125804408523,0.0,0.0,0.0,0.0,0.0,0.0,0.0,0.0,0.0,0.0,-2.246035602922503,1.2235309496751121,-0.4555674155475477,0.0,0.8179123328929377,4.804446941586214,-1.3584170862370406,-1.7905252106019371,0.0,0.2473541024602527,-1.2118905826383841,1.1001069119931943,-0.442791049295579,-0.5769950003088583,0.4530780890768934,6.06523405707601,-1.6220914759214633,-2.174197671486533,-0.5385671675003272,0.4360685381070506,-0.6911648519769484,1.2101023886218365,-0.7165591483618613,-1.3853080284051074,-0.10451519690729603,5.882356336909256,-1.541309224813588,-2.042077880775361,-0.3959743194197375,0.5496727037454069,2.325079582909424,1.3507986043677216,-0.15560056274916773,-0.07370116005729715,-0.1395072994870659,6.0387524073241785,-1.0944370225902542,-1.64668345888122,-0.005572306042812461,0.28444244269371494,-0.16771784862656655,-0.039010433301783824,-0.14943473500394946,4.295094523343079,-0.843640711567033,0.29223929403905013,0.7589053140283905,-0.12897729346570186,-0.03205752445770148,2.4553559761451047
53,3639.2022944131277,0.0,0.0,0.0,0.0,0.0,0.0,0.0,0.0,0.0,0.0,-2.2118547591297903,1.211869018384921,-0.44474316973569966,0.0,0.8134050167265333,4.860599434954212,-1.3764759573966738,-1.9290351213457289,0.0,0.28397609277875696,-1.212372106777326,1.0747193961633466,-0.4359346197054295,-0.5598573084456359,0.4560466617089189,6.1570373905932385,-1.6426345676833665,-2.175149086470788,-0.6007556916647592,0.45854786710310647,-0.7252442147402391,1.1771035687021707,-0.7322971550380568,-1.3100563314992344,-0.17124806581784202,6.038937071965804,-1.5483236820738393,-1.9546954449160845,-0.4244763812223575,0.6376232151308068,2.374558427674142,1.2828107424888744,-0.19314127843199444,-0.12630294930531547,-0.15248240379217537,6.1034331013424445,-1.0739284070925954,-1.5798964540828855,-0.01858693854890618,0.17105633084940478,-0.1677164344541475,-0.038865925042876025,-0.13730005297491318,4.879833861763187,-0.8340943047130147,0.3520011131024657,0.7815558224397067,-0.12341510514449103,0.0219138851201211,2.6344866885127867
54,3638.9799979565737,0.0,0.0,0.0,0.0,0.0,0.0,0.0,0.0,0.0,0.0,-2.219596741487653,1.2051708370936083,-0.43922158843323356,0.0,0.8093707991635839,4.89595806040313,-1.359371264181659,-1.8721683639396847,0.0,0.2637276739230664,-1.2093330303715484,1.0775901641161783,-0.43261482791162853,-0.559015523681714,0.44703965963751785,6.17102967646802,-1.6356528238873638,-2.1618401147208544,-0.559078553907538,0.4577359937102969,-0.6972483844839503,1.1687590285644545,-0.7288064166590278,-1.3370028237449068,-0.25575555710603615,6.0721198730506645,-1.5338189824758677,-1.937985997368864,-0.4595755642152545,0.6339355309327549,2.3780895007669884,1.3062476612844591,-0.1677023874693408,-0.11320436977751624,-0.16746618122472823,6.102232583639284,-1.1008715875613038,-1.6616869877222749,0.006208527016827597,0.20519825320869903,-0.1671150925770558,-0.03880924256088275,-0.13469101662797375,5.008401174329652,-0.8243380265438368,0.3650452204818377,0.7658629263876527,-0.1220776741501357,0.033183141752531294,2.6693947139195093
55,3637.530733453096,0.0,0.0,0.0,0.0,0.0,0.0,0.0,0.0,0.0,0.0,-2.213274193501237,1.2147364082647376,-0.4313670769602965,0.0,0.807268217761916,4.898181736887545,-1.3398014359245798,-1.8698508180074387,0.0,0.2531619911965014,-1.2132287060602813,1.0950995154464782,-0.42289617596630563,-0.551770573556211,0.4485010729521695,6.174441186966018,-1.625608577322173,-2.148920594701428,-0.553270327140593,0.4462319367890061,-0.69359977243711,1.1698669120640162,-0.7342728621826053,-1.3713507401972862,-0.21089147207226247,6.070853127511972,-1.573967395809045,-1.960578078068389,-0.4147788208551468,0.6326589742185318,2.384739335152686,1.2968277480926385,-0.1724891422333836,-0.13669845962858868,-0.15599870680443026,6.098491718207864,-1.1175465768959285,-1.6623116417752257,0.019938185344645448,0.22263242243955156,-0.16670901563905652,-0.038794408235879305,-0.12762783501877167,5.713275438460123,-0.8089422047504509,0.42091402566245617,0.8263175549745572,-0.11814239361597041,0.08157455847884604,2.8081092935019396
56,3635.6204188784395,0.0,0.0,0.0,0.0,0.0,0.0,0.0,0.0,0.0,0.0,-2.2125050873493874,1.2322266567745648,-0.416084180568232,0.0,0.7997538490949443,4.861859865677805,-1.32091440903155,-1.83507339933136,0.0,0.247474329137506,-1.2161972322647674,1.107445047283822,-0.42489492352968766,-0.5562727738383024,0.4426954586359008,6.124681717575433,-1.6146593442819848,-2.1390460232722317,-0.5285498912930299,0.4326939961803428,-0.675750410387304,1.2061012895452041,-0.7536556539192505,-1.4237559779522586,-0.1824470920279891,6.016976694536541,-1.6369952481480659,-2.055627064622008,-0.352403712394584,0.6252967005432056,2.3754305817915315,1.307660510663949,-0.17509763468697817,-0.13910478207543292,-0.15823954284765093,6.05433234577099,-1.1183378906536852,-1.638670993749533,0.038716842275878294,0.26002148797645275,-0.1645470070994446,-0.038149689567793715,-0.11382015704357062,7.089813307035322,-0.7961169233137629,0.538798971701338,0.9510794044356152,-0.11373456917429178,0.16154591632922874,3.0034399083139993
57,3634.585217991761,0.0,0.0,0.0,0.0,0.0,0.0,0.0,0.0,0.0,0.0,-2.22674264987812,1.232829631951318,-0.40797849822408067,0.0,0.7990047738601731,4.727504589724896,-1.313308865879075,-1.776125148291223,0.0,0.2343227790957435,-1.2114260135127404,1.1032983093976634,-0.4203113396554947,-0.561735629948469,0.4426590659896997,5.96530769342743,-1.5935628391867906,-2.116333386031338,-0.5199578730011829,0.4283644752418518,-0.6647497448995683,1.2009033094055366,-0.7471538622813144,-1.4348903176012326,-0.16908588976532216,5.835304776900474,-1.6145713207206287,-2.0391398148455493,-0.35778389943505623,0.6070292076494246,2.3434110174353067,1.3060223109943265,-0.17121756415403794,-0.14375360827854466,-0.1513672999986845,5.910006252530121,-1.1213340965680587,-1.6310790898275127,0.04354119106097444,0.28701106129807563,-0.16082361562931374,-0.03733689611561267,-0.10960803769257602,8.29635052756618,-0.8221969220135853,0.6410996719228996,1.056696865866231,-0.10923955350301762,0.224634683142379,3.0389613226441123
58,3633.539958529554,0.0,0.0,0.0,0.0,0.0,0.0,0.0,0.0,0.0,0.0,-2.2261471933232437,1.2254017107729462,-0.41150867913603195,0.0,0.7989150518385286,4.6962107760351675,-1.3207454452458562,-1.7728295882433676,0.0,0.238798806035978,-1.2101613147043009,1.0943458520187859,-0.4218141917988384,-0.5640371475839099,0.44226728173325125,5.929894423280602,-1.5913293835305484,-2.116758343139849,-0.5281247723861956,0.43092414069101587,-0.6778473619213982,1.1999721784533157,-0.7446726906627336,-1.4261245035507248,-0.16523543926882137,5.7929268923792785,-1.603573602013504,-2.0282488028845598,-0.3551948664535135,0.6089766170688624,2.33563930680983,1.3028085941521994,-0.17165740751196226,-0.14367074523499782,-0.14915718141518486,5.879540464173156,-1.1171392553991542,-1.6273783583775008,0.03673856850532278,0.2751178376397119,-0.15851475595147363,-0.036713541212565384,-0.09834098556503718,9.43661319525967,-0.8256947203754423,0.7399696312615822,1.1570764812523158,-0.10455604313122412,0.2963383192064876,3.1693743832488086
59,3632.9582468535805,0.0,0.0,0.0,0.0,0.0,0.0,0.0,0.0,0.0,0.0,-2.2241222109878027,1.2221319583507455,-0.418488982623366,0.0,0.8022397066347291,4.59948836331723,-1.3317248632777234,-1.8014693441415823,0.0,0.246813577547864,-1.2106173925003385,1.0892049524467327,-0.4244047352622578,-0.561956350450942,0.4402554099709592,5.839262672668824,-1.5954633818862813,-2.1203926236884385,-0.529337427921526,0.43146897271306234,-0.6957279944559274,1.1972073797906233,-0.7460088904306521,-1.4142814727452362,-0.15853058986287397,5.710137755275455,-1.6002994447229666,-2.0215767241898823,-0.3440681220050086,0.613842003962931,2.346133152831856,1.3012865377957523,-0.17130354318939459,-0.14143798759468998,-0.14873606859993183,5.783815406450688,-1.1154471216842603,-1.636987915804948,0.03739313433816188,0.25889884767529076,-0.15747783396830745,-0.03636723069582674,-0.09058583772421386,10.379597130239455,-0.83335522239113,0.8224899038298777,1.249035480522736,-0.10310092720066244,0.34386417523329765,3.270030816165666
60,3632.419836212101,0.0,0.0,0.0,0.0,0.0,0.0,0.0,0.0,0.0,0.0,-2.2255192812611373,1.2165166494015123,-0.43155319087935656,0.0,0.8102602430095112,4.478240282605242,-1.3506507224336608,-1.8471940206334663,0.0,0.2572677576885393,-1.211043334901906,1.0817584314620092,-0.4259331027966212,-0.5578832970360216,0.44218236409038564,5.729899108549597,-1.6030085237594403,-2.1273596391507,-0.5333323414842827,0.43478142308068196,-0.7126669388515383,1.1874326836622793,-0.7416093800911938,-1.3851758133389396,-0.14991752437455116,5.610447482792938,-1.5816373082768904,-1.9996125043994877,-0.3452376159112307,0.6231265706318377,2.361108984530681,1.298376941894229,-0.17161208745050938,-0.13659109586693619,-0.14855129606163203,5.675563939277815,-1.1094002385816786,-1.642028276309471,0.03431620859166004,0.23403639597709772,-0.15849432382147036,-0.036565798501524915,-0.08882170331009727,10.988210475364065,-0.8367552686027574,0.8646690968462184,1.3160166044612152,-0.1030205870414601,0.3713299724681538,3.3071240460551157
61,3632.15871340738,0.0,0.0,0.0,0.0,0.0,0.0,0.0,0.0,0.0,0.0,-2.242448314997478,1.212938516836513,-0.4501845003535474,0.0,0.8258636156093611,4.165350784771994,-1.3793438511512053,-1.8908777873846174,0.0,0.262095390355062,-1.212339122476666,1.0714483232874796,-0.4246289464044891,-0.5543205743034075,0.44573104108172834,5.4259180719146505,-1.6038932244131296,-2.1249875124083357,-0.538554917560193,0.43710165218826225,-0.7385896223652678,1.1713719755237482,-0.7308618413972116,-1.3457959940327244,-0.12843850233959658,5.308695533241283,-1.5431938134029546,-1.958908062308453,-0.3563266660012617,0.6334286898734168,2.377622353329656,1.2961269067062478,-0.16790821797905764,-0.1325100096444348,-0.1437666054630211,5.387391144120047,-1.1054340541350869,-1.6487975061331626,0.030027345064381927,0.2154810258223333,-0.15971066506835732,-0.0368402823046648,-0.07865738866969262,13.275842107988577,-0.8251887340707077,1.018734875507927,1.5390361590822796,-0.09787764154742834,0.49388308266182956,3.489226267576474
62,3631.9197953425924,0.0,0.0,0.0,0.0,0.0,0.0,0.0,0.0,0.0,0.0,-2.2512659363142284,1.222949395754797,-0.4478278470392995,0.0,0.8268021288714573,4.1373722315796195,-1.3758006024588707,-1.8729353894067966,0.0,0.25312717964802667,-1.2127821914811125,1.079943053447482,-0.42454952768493415,-0.556710605468898,0.4431425465105355,5.396470081836859,-1.5995939730343995,-2.1190618141025688,-0.5385042036889175,0.4332613854319349,-0.7241740468210689,1.180775849175776,-0.7355450022730681,-1.3715843714749767,-0.121443097987158,5.273956871346406,-1.5638807921832092,-1.9848716577271417,-0.36390856043712094,0.6276350164241298,2.379185088046461,1.3032430201359662,-0.16576149888285713,-0.13261613235183928,-0.14321564222813676,5.3595800919086445,-1.1122356706081638,-1.6527979949268101,0.030204525810547053,0.239989996137253,-0.16092647608452001,-0.037171450685942006,-0.08438081621198354,12.850702016870775,-0.8089301243437318,0.962919229223221,1.508450670247078,-0.09985356587424378,0.4636917063248022,3.439567697158514
63,3631.7729325524956,0.0,0.0,0.0,0.0,0.0,0.0,0.0,0.0,0.0,0.0,-2.2478921447730453,1.22543812211965,-0.44239750343718304,0.0,0.8220355747225014,4.156247665278207,-1.368145541329318,-1.8584953105614392,0.0,0.25105317448238323,-1.2129529423061518,1.0821069869027573,-0.4252379152429758,-0.5581401080847561,0.44040117606732593,5.410753618664524,-1.596820403829895,-2.1162493562482956,-0.536761280332641,0.43162794346995337,-0.7215268951534816,1.186969587367286,-0.7402889516659849,-1.3862768692752476,-0.12495919061131344,5.287704095880087,-1.5790521736527288,-2.002542667910023,-0.3546983283933883,0.6239566808227506,2.3742389238280013,1.303031391203822,-0.1664445201628254,-0.13504717463459587,-0.14381141158964278,5.370754319593339,-1.1141022412452415,-1.6487475444300004,0.03236491449382649,0.24842061721342013,-0.15970987486153726,-0.03685449362606188,-0.08252104378863118,12.892665477980822,-0.8024164351602879,0.9658065437212783,1.5074628555606973,-0.09945688438900058,0.46461578057976544,3.469681902278893
64,3631.740750054416,0.0,0.0,0.0,0.0,0.0,0.0,0.0,0.0,0.0,0.0,-2.24761932074883,1.2251014412841144,-0.4420382673971566,0.0,0.8214826662802127,4.125381717442544,-1.3676633979202317,-1.8584719463615602,0.0,0.25140071489874993,-1.2127996181540162,1.081572198585111,-0.42499179937900017,-0.5578551599863223,0.4401986998117911,5.379158365156995,-1.5961686396446195,-2.1155207482631084,-0.5360463452944185,0.4317485343068806,-0.7203348436759826,1.1869211698936801,-0.7407508025651074,-1.386909717872836,-0.12134746993393518,5.256454366969635,-1.5804265029928408,-2.005465235269613,-0.3519335137699689,0.625630247694008,2.3745567788334685,1.3020374924065106,-0.16688226153429364,-0.13615551906551115,-0.1437887719215467,5.340288581921752,-1.1140324040599632,-1.6469763978238345,0.03257831141950584,0.24784747439906413,-0.15962208682435738,-0.03683879707120202,-0.08106542256910054,13.211459418196357,-0.7847593472446146,0.9761009946460412,1.5365768572687686,-0.09856292386162835,0.48045407249773947,3.5168597607568355
65,3631.707583903506,0.0,0.0,0.0,0.0,0.0,0.0,0.0,0.0,0.0,0.0,-2.2467552163642077,1.2251746357105513,-0.4409330385443019,0.0,0.8202136523693734,4.1066292530517625,-1.3653458926689068,-1.855489990836999,0.0,0.2507506015691756,-1.2129017933123045,1.081888304304164,-0.42493368913544494,-0.5577579408278606,0.4396024812442284,5.359936418161293,-1.5956178751278087,-2.1148027846124666,-0.5357307523573058,0.43153476040064054,-0.718287151499927,1.1878143929591913,-0.7411654336023604,-1.3887407947410966,-0.11749194246671911,5.237636866372701,-1.5829169402119814,-2.0096102184009927,-0.3512804702744179,0.626432352350884,2.374965921588489,1.3019175204140385,-0.16710539398608806,-0.13693027169062202,-0.14371520454680348,5.320942248215454,-1.1148907412885365,-1.6467363105618535,0.03226900782570592,0.2490393171370562,-0.15960109777016865,-0.03683791017640706,-0.08026223514555043,13.460961416512056,-0.7576351592995422,0.9731940779940075,1.5596051766730983,-0.09803322117482802,0.49066818115087013,3.5697170998827605
66,3631.6489223070043,0.0,0.0,0.0,0.0,0.0,0.0,0.0,0.0,0.0,0.0,-2.2434497612798636,1.2242635116502718,-0.43874512515942826,0.0,0.8172493285367989,4.096971720064883,-1.3602174438037749,-1.850648032649707,0.0,0.2501950890013053,-1.2131272899911585,1.082220872113627,-0.42466756829676494,-0.5571297881920594,0.4389961678589239,5.349851991481231,-1.5955465551381562,-2.114633992054018,-0.5352445683190362,0.4315319064369653,-0.7134895945109251,1.188304323665612,-0.7409161366855951,-1.388617347924127,-0.10810883504277473,5.228670941903168,-1.5838437578385736,-2.013446885364409,-0.3519185335079291,0.6278285640771218,2.375950074585651,1.3018056597718,-0.16770705562469074,-0.13819019196355345,-0.143438730193202,5.310272235547291,-1.1166467619276417,-1.647728152795963,0.031093498791715517,0.24960089945660344,-0.15965412698212375,-0.03686105083343675,-0.07901848317832805,13.963978641363655,-0.6841060319217857,0.9520174443536447,1.6062201220177645,-0.09707711056275353,0.5093876309420765,3.6992813495734764
67,3631.6302119860793,0.0,0.0,0.0,0.0,0.0,0.0,0.0,0.0,0.0,0.0,-2.242465326392345,1.2240650625220768,-0.43851040737041797,0.0,0.8167116155213381,4.113120476956907,-1.359526810771703,-1.8508438285773963,0.0,0.2503334580605783,-1.2132410601214025,1.0822438801076706,-0.42443999270097005,-0.5567579993459101,0.43903236229188686,5.366181871126885,-1.5957868033051377,-2.1150537780562164,-0.5356346294279245,0.43167264132633865,-0.7127603114190573,1.1879927998930861,-0.7403897362086536,-1.3866916596849024,-0.10361147191628653,5.245543956311367,-1.5816304348025825,-2.0114441506830274,-0.3539875242405091,0.6279075933554275,2.37696599831397,1.3024463442653453,-0.1677767617249838,-0.13832365958075504,-0.14305276177254259,5.326382369604873,-1.1175994009992392,-1.650129565792529,0.030486710572952366,0.24894810206054324,-0.1596547274610332,-0.03685886222709893,-0.07850002644056012,14.189699018966984,-0.6480759776340256,0.9392283933754154,1.6281223866775163,-0.09678451595168759,0.5167689628436002,3.7624965980986356
68,3631.620437004017,0.0,0.0,0.0,0.0,0.0,0.0,0.0,0.0,0.0,0.0,-2.2427538353851424,1.2243005762719088,-0.43926730800591335,0.0,0.8172799662899195,4.138319758145829,-1.3611881403598274,-1.8543111881862615,0.0,0.2510112784391434,-1.2131615348164022,1.0818476100577321,-0.4239945439901973,-0.5562556242698594,0.43929560864276396,5.391479867610261,-1.5955650570662503,-2.1151616048660666,-0.5360155566676778,0.4319108863726103,-0.7128741389239815,1.187218316229554,-0.7400155925706938,-1.3841958162583439,-0.09886626209155629,5.27159632680781,-1.5784778710127785,-2.007872920691066,-0.35567878166256667,0.6284399577789668,2.3785243945344208,1.3030950320635328,-0.16792230075059056,-0.1385563017741459,-0.14262579457929295,5.3524493031244775,-1.1182776995836503,-1.652589999622678,0.030266044385645195,0.2473531069347052,-0.15961515554896435,-0.0368428807270874,-0.07772049371806906,14.474373196525919,-0.6155175203476525,0.9324299249077432,1.6567778897469003,-0.09637053941979741,0.5269873612416542,3.8259345574149988
69,3631.6133942883744,0.0,0.0,0.0,0.0,0.0,0.0,0.0,0.0,0.0,0.0,-2.2441347805751737,1.2253462994317998,-0.44010109540763986,0.0,0.818274702829193,4.160365842799716,-1.3635213447360053,-1.8576029917612185,0.0,0.251361324691724,-1.2129725790899781,1.0817604422057134,-0.42363961258732435,-0.5560907270487242,0.4392707468088801,5.413264570257052,-1.5947173755280044,-2.114714555489182,-0.5362445106178552,0.43194029908594045,-0.7134476491311584,1.1874527122258007,-0.7405805817280257,-1.3848639300697072,-0.09617371949336119,5.293991638404885,-1.5786382134150905,-2.0073915139963754,-0.3557455579311468,0.629178549922498,2.379996651869225,1.3037325914715217,-0.1680911579549436,-0.138937144782494,-0.1424880034954107,5.375163421541113,-1.1187029942898528,-1.6538438350803188,0.030663981327319255,0.2467073814202821,-0.1595347847520181,-0.03681533783495766,-0.07718499819367808,14.65600884521597,-0.6050081681210502,0.9351718991115541,1.6766763859277332,-0.09614745198787347,0.5332128872854839,3.8536973437040927
70,3631.6028758247303,0.0,0.0,0.0,0.0,0.0,0.0,0.0,0.0,0.0,0.0,-2.2466021519505617,1.227414364313939,-0.4413085232964673,0.0,0.8198321838246915,4.19574712433825,-1.3672588075446819,-1.8626247884510096,0.0,0.2517408825563358,-1.212621860686089,1.0818856227381335,-0.42314864352019327,-0.5560126774755394,0.4389822817536854,5.448004344668012,-1.5930469984603028,-2.1137788381457714,-0.5364897585996343,0.43190228848771367,-0.7148540211521531,1.188671701968344,-0.7422399431410354,-1.388434299482847,-0.09202865025404647,5.32977266970868,-1.5817953203800412,-2.009533366879136,-0.3543468260309541,0.6307666773115742,2.3823951533262555,1.3047288273479607,-0.1684177782920029,-0.13978167136377842,-0.14239467276971685,5.411455314936539,-1.1193486667274593,-1.6550785307217333,0.031663120722313906,0.2462299724968754,-0.159364616244978,-0.0367605740785709,-0.07627154399455761,14.942732687645739,-0.6024633839291381,0.9499849238692792,1.710051789740916,-0.09580897843436473,0.5426082388853565,3.879761217121455
71,3631.5912138827016,0.0,0.0,0.0,0.0,0.0,0.0,0.0,0.0,0.0,0.0,-2.2479445349435734,1.2288603863256313,-0.4417067322687707,0.0,0.820511885406411,4.2196372238456075,-1.369036350755158,-1.8647551770783313,0.0,0.25176840003099443,-1.212439449121362,1.0823136165835834,-0.42299388432048546,-0.5562191059996588,0.43861028378915756,5.471342155021919,-1.5921043929610075,-2.1133849680028174,-0.5365970865426081,0.4318671621706874,-0.7167186495650262,1.1902265140255486,-0.7438772158828035,-1.392627773897782,-0.08899663737054495,5.353669256795013,-1.5860810502471683,-2.0131937850945136,-0.35216864995216507,0.6318938190877397,2.383771945741441,1.3053632794098955,-0.16858793229918106,-0.14043780110003454,-0.1423455094643532,5.435629782221532,-1.1197522693441893,-1.65526191374983,0.03257819830035387,0.24651729396191396,-0.15920956434598246,-0.03671491990184705,-0.07558890314896319,15.141463423390368,-0.6149763144043865,0.971125452707758,1.7356319022681486,-0.09562718897867582,0.547996298746297,3.8790717966436836
72,3631.573153471264,0.0,0.0,0.0,0.0,0.0,0.0,0.0,0.0,0.0,0.0,-2.248005033032478,1.2296711630908221,-0.441271529646313,0.0,0.8202737192799258,4.240306875879663,-1.3689288102742565,-1.8642569078071611,0.0,0.2515585984356091,-1.212452407701665,1.0830583668579712,-0.42314267663943117,-0.5567150410422759,0.43815316603673926,5.491495307874015,-1.5920243841525359,-2.11380214362717,-0.5367478210516001,0.43195532196273817,-0.7205556887606754,1.1922355854161593,-0.7456111302452192,-1.3974158434007995,-0.08391286551059211,5.373963962645822,-1.5912904039120834,-2.0180470395364956,-0.34898334474439796,0.6326437726199358,2.3843717754072555,1.3058481261943147,-0.1685085485118719,-0.14098985767940922,-0.141991222602536,5.456092317135361,-1.1201605301151478,-1.6550501051852526,0.03346814895915369,0.2473371816414661,-0.15897538600238206,-0.03665366228612412,-0.07453858258918228,15.423896066621756,-0.641555847153144,1.0090642204929063,1.7735548990714698,-0.09539724723936574,0.5544126677610478,3.864493071846237
73,3631.55511901109,0.0,0.0,0.0,0.0,0.0,0.0,0.0,0.0,0.0,0.0,-2.2460442542828143,1.2287943025059822,-0.43990637659799253,0.0,0.8188772446227861,4.244230575253931,-1.3661555817386923,-1.8602663521518494,0.0,0.251287919178918,-1.2127311576816775,1.0836024777133004,-0.4235964598508141,-0.5572841056658552,0.4380406176647793,5.4952210748966435,-1.5933915626477435,-2.1152478551452454,-0.5368025815682307,0.43224432935420953,-0.7251654646258853,1.1931874450045135,-0.7461088588670968,-1.3988391117888008,-0.07826507498956038,5.377012829493324,-1.5930521396452677,-2.0200519693944825,-0.34657024353508925,0.6321905184963309,2.3832085294707057,1.3056881995733414,-0.16809603217156904,-0.14101785571578193,-0.1412554827963496,5.459317002540905,-1.120202604204837,-1.6544243406268089,0.03379072754734559,0.24804156471220032,-0.15874674807951722,-0.03660268092216609,-0.0734603420754217,15.715916810283618,-0.6684593689590241,1.049344993814215,1.813100251451881,-0.09518202900992287,0.559722744770671,3.844752696469951
74,3631.5411756786734,0.0,0.0,0.0,0.0,0.0,0.0,0.0,0.0,0.0,0.0,-2.2429374672541984,1.2266044858302259,-0.4382002935732489,0.0,0.8169385090891653,4.23135321964173,-1.3620140888930177,-1.8544942077425806,0.0,0.25106080014236853,-1.213156497705224,1.0836414908258278,-0.4241177317057188,-0.5576661894767203,0.4382280297661938,5.482424462555185,-1.5954939691664682,-2.1170059619380956,-0.5368858038337825,0.43261348727574706,-0.729904473939971,1.1927800848595462,-0.7451751407822089,-1.3963259088597908,-0.07157163924310016,5.363011752868114,-1.5904160033957242,-2.0181275244890324,-0.34587624286629953,0.6306599898977362,2.3807993490507937,1.3050855913500161,-0.16740088833108738,-0.1405151502358416,-0.14010598839183297,5.445497318709897,-1.1200541788458604,-1.6541763432766914,0.03342204105098989,0.24830092136663762,-0.15851850497558545,-0.03655647745385865,-0.0722919935936315,16.04561879237255,-0.6827927109106083,1.0840159258846347,1.8555274382300644,-0.09492501978081737,0.5655088530388035,3.8370083198662654
75,3631.5326195330763,0.0,0.0,0.0,0.0,0.0,0.0,0.0,0.0,0.0,0.0,-2.2404676802115278,1.2243960542575774,-0.43706584261589954,0.0,0.8155540498569788,4.214113352114617,-1.3589692637132653,-1.8503312383377304,0.0,0.25108092590105674,-1.2134141068230155,1.0831366196845338,-0.42438309011252157,-0.5577154125177309,0.43862667773162034,5.465221037094336,-1.5970361979999381,-2.1180460409722563,-0.5367553377071661,0.4328851489693413,-0.7327259213392846,1.1913728170134694,-0.7436535934740858,-1.3918578167376288,-0.06626952798192956,5.344768771542885,-1.5854252443022014,-2.0138905962293125,-0.3463254566535037,0.6292364872721428,2.378430391203547,1.3042452107708282,-0.16688830941382124,-0.14001289063319822,-0.13909150093243616,5.427624315086156,-1.1196891511582343,-1.6539544470427388,0.032927601858270816,0.24783868050784044,-0.15836089153362182,-0.03652727066405003,-0.07135689786501383,16.348478549316827,-0.6807124825361649,1.1049554911272887,1.8924455538960112,-0.09468428077211158,0.5705496147012239,3.8421684212136014
76,3631.5270241283542,0.0,0.0,0.0,0.0,0.0,0.0,0.0,0.0,0.0,0.0,-2.239134958540869,1.2229020216862594,-0.43655330992935454,0.0,0.8148296567556685,4.1982197793846945,-1.35740973199594,-1.8480000001829802,0.0,0.2510717113620202,-1.2135382161508699,1.082453160363692,-0.42441425590967863,-0.5575516715587717,0.4388032551104805,5.449237986753467,-1.5975829505242516,-2.1181241333421887,-0.5367599606704947,0.43294279617036185,-0.7349097023625102,1.1901340190106153,-0.7423222895903586,-1.3880990439930951,-0.06027862589750043,5.328178100325158,-1.5809453955124755,-2.010016510873903,-0.3472410244490731,0.6282255539136026,2.376866260996373,1.3037100056057047,-0.1664766141004555,-0.13961516905348728,-0.13810544753752546,5.41129767108776,-1.1195720311173114,-1.654380269847969,0.03244465388882813,0.24731782263765015,-0.15819212830062188,-0.03648918076755189,-0.07023519949715257,16.712836440021636,-0.666335539386378,1.1213269295139212,1.934888023284232,-0.09440232334514528,0.5770583018224777,3.861205789075408
77,3631.5155568201835,0.0,0.0,0.0,0.0,0.0,0.0,0.0,0.0,0.0,0.0,-2.2383941084655805,1.2214998729950588,-0.4364341998271133,0.0,0.8145349299535435,4.183060791471601,-1.3568106554159356,-1.8469892851501017,0.0,0.25126696561488376,-1.2134415159306753,1.0813625738335975,-0.4242221798085339,-0.5571805054352549,0.43913732599165817,5.433730242376912,-1.597487797554367,-2.117478982279843,-0.536426091052123,0.43289880585851515,-0.7358432252661581,1.1883920449537382,-0.7409107197298792,-1.3837331825932215,-0.054570158687273815,5.312225089143632,-1.575668005449497,-2.005347048029509,-0.348110429589388,0.6277438425689242,2.3751277593930724,1.3028442620469003,-0.16631021839648902,-0.13935285754011006,-0.13722647410953448,5.39593566003055,-1.119040257476576,-1.6540533147101615,0.03218130024651157,0.24624292418454885,-0.1580599750292866,-0.03646039823969382,-0.06904104959169424,17.17156538895372,-0.6423863686281663,1.1391293066547572,1.988975035695712,-0.09419392485616304,0.5816077192967599,3.8742190663130827
78,3631.510687696038,0.0,0.0,0.0,0.0,0.0,0.0,0.0,0.0,0.0,0.0,-2.2384819747897513,1.2213118795381508,-0.4365766881779086,0.0,0.8145489816377998,4.177983977781394,-1.3570657642875334,-1.8471930067864089,0.0,0.25125133542585565,-1.2134184295651154,1.0808688293162985,-0.42405508469253905,-0.5569569755040011,0.43898660733581446,5.42835047323218,-1.5969184599068955,-2.1167297860871184,-0.5365271563998036,0.4327729207592681,-0.7375227595408572,1.1881780451121633,-0.7406654090669228,-1.3828550183094803,-0.048544753431137726,5.306970252660381,-1.574408109163791,-2.0043752644561694,-0.34820064247200777,0.6278550498727532,2.3749424880601873,1.302805836867902,-0.16617223050658733,-0.13932528276396797,-0.13650566932884617,5.3908081587891115,-1.119170479775192,-1.6545974471234255,0.03211252451866789,0.2459172147015299,-0.15789439434759758,-0.036415613997353415,-0.06762314482779436,17.627104921241816,-0.6235310077964876,1.1598969145640488,2.041838817154983,-0.09392527844613473,0.5882931192420445,3.8926337989472097
79,3631.478573697219,0.0,0.0,0.0,0.0,0.0,0.0,0.0,0.0,0.0,0.0,-2.2403068132227455,1.222289714310686,-0.43755962447149915,0.0,0.8154518979547408,4.176032517044336,-1.3595023329592584,-1.8499714010371124,0.0,0.2511178013136147,-1.2131637755816642,1.0801222707884865,-0.4235404084508582,-0.5564553838677276,0.4384309950188654,5.425638754320632,-1.5945825207687983,-2.1142811002776707,-0.5368165474862847,0.43223075094121566,-0.7395652556452483,1.1888503703199447,-0.7412549661466923,-1.384101526466147,-0.03805959928194025,5.305091329809796,-1.5752744349226466,-2.0054343426066716,-0.3478096371765987,0.6292531061413743,2.3753071065017832,1.303132815519205,-0.16621877286621312,-0.13927192890832557,-0.13553946094553115,5.388928930045264,-1.1192058139120917,-1.6550452098695385,0.03236543051654004,0.24575381424759601,-0.15765584799986215,-0.036342630675884065,-0.06484261863472732,18.59518677083715,-0.5809694443637734,1.208102299545411,2.1579956661992217,-0.0938705451266639,0.5910737321934042,3.889774439961855
80,3631.417569163935,0.0,0.0,0.0,0.0,0.0,0.0,0.0,0.0,0.0,0.0,-2.242881893165574,1.224378880744078,-0.43889566021073145,0.0,0.8168077438529395,4.187711195268791,-1.3628430860193306,-1.8546942018946162,0.0,0.2510840412505404,-1.2128911541761809,1.080158676663759,-0.4231153970636747,-0.5561459437079114,0.43792608147257833,5.43687269807229,-1.5923019179160736,-2.112354230164535,-0.5370726788467981,0.431720640979444,-0.7390575239169612,1.1906261151531796,-0.7431102916374459,-1.388235455929906,-0.03454222178511862,5.317700696045153,-1.5801337037204868,-2.0101113035012577,-0.3465349551455853,0.6318500199352434,2.3766752074334123,1.3038493247587066,-0.16670802777012808,-0.13927749903881737,-0.13563534026042431,5.401057136072739,-1.118967969535833,-1.6544639476002443,0.03295928678269791,0.24615445309023942,-0.15767034270122993,-0.03633215235353874,-0.0629735849001863,19.280596312176808,-0.5487944440036059,1.2502943176297774,2.2434272113669658,-0.0944185880951053,0.5786716782477942,3.835593433392836
81,3631.321678547528,0.0,0.0,0.0,0.0,0.0,0.0,0.0,0.0,0.0,0.0,-2.245583044914349,1.22739420837961,-0.4401243256526013,0.0,0.8179995519082779,4.205615183839438,-1.3660676707743045,-1.859475555566859,0.0,0.2508302102115776,-1.2129902257011536,1.0810681206981543,-0.42304242924533864,-0.556285019041371,0.43710536302639974,5.454283867995618,-1.5904126139616837,-2.1113258786367095,-0.5379494661545524,0.4312188102345696,-0.742460744956858,1.1948375310463126,-0.7469613748927553,-1.3958841189885918,-0.02644634507953329,5.336846608269738,-1.5898876716257038,-2.0200143315974524,-0.3428054695612089,0.6359067525542416,2.377355895732815,1.3051179577776093,-0.16710530979618005,-0.1384161557194472,-0.13530414971770316,5.4188832015307655,-1.118084114853361,-1.6523736253685901,0.034011228891940797,0.24813669677847355,-0.15760125575100326,-0.03629526651600544,-0.05850167711270206,20.753739860952376,-0.5083984657166603,1.3695999670769956,2.4316324852412032,-0.09595133027530318,0.5431304928326468,3.6706126031220214
82,3631.2736105239273,0.0,0.0,0.0,0.0,0.0,0.0,0.0,0.0,0.0,0.0,-2.2508643086309372,1.233656823870129,-0.4421841208646805,0.0,0.8205772431600675,4.240842091858102,-1.3712711984098083,-1.866869166612572,0.0,0.2498912853807102,-1.213302128142024,1.08444625352588,-0.4235567004018825,-0.5571770926965599,0.43599077310595946,5.49034362053171,-1.5887189902556809,-2.111583709435222,-0.5397670695497773,0.43037501452690796,-0.7401248977003849,1.2027853417557781,-0.7538037299428646,-1.411632371573773,-0.03940675489033355,5.375333694239537,-1.6101552894228308,-2.0393648132430737,-0.33932257491991796,0.6415209028936052,2.3778383479969083,1.3078495472724596,-0.16800954589363856,-0.13562707272431113,-0.1376437484339644,5.453065823646205,-1.1159096023526687,-1.647707312611942,0.035143234321357124,0.2539287504305139,-0.15823926915132588,-0.03642719028035035,-0.05681720261306157,21.27079262954952,-0.4948979333911168,1.4780984572825104,2.5232476145850735,-0.10068490253526242,0.43171551908975864,3.2639495060768153
83,3631.2736105310482,0.0,0.0,0.0,0.0,0.0,0.0,0.0,0.0,0.0,0.0,-2.2508643086309372,1.233656823870129,-0.4421841208646805,0.0,0.8205772431600675,4.240842091858102,-1.3712711984098083,-1.866869166612572,0.0,0.2498912853807102,-1.213302128142024,1.08444625352588,-0.4235567004018825,-0.5571770926965599,0.43599077310595946,5.49034362053171,-1.5887189902556809,-2.111583709435222,-0.5397670695497773,0.43037501452690796,-0.7401248977003849,1.2027853417557781,-0.7538037299428646,-1.411632371573773,-0.03940675489033355,5.375333694239537,-1.6101552894228308,-2.0393648132430737,-0.33932257491991796,0.6415209028936052,2.3778383479969083,1.3078495472724596,-0.16800954589363856,-0.13562707272431113,-0.1376437484339644,5.453065823646205,-1.1159096023526687,-1.647707312611942,0.035143234321357124,0.2539287504305139,-0.15823926915132588,-0.03642719028035035,-0.05681720261306157,21.27079262954952,-0.4948979333911168,1.4780984572825104,2.5232476145850735,-0.10068490253526242,0.43171551908975864,3.2639495060768153
std.err,,,,,,,,,,,,0.1285103859236433,0.174605634455124,0.15695209573122065,,0.1340974272994194,0.5382262353391696,0.1628775512635536,0.2680554981471725,,0.19270713719646246,0.14338598470345368,0.1484838519332738,0.12040492903075359,0.15694399299097606,0.10106532702169231,0.5195005553389549,0.12607968200468403,0.21152503412394075,0.28158463294293756,0.14018738758197508,0.19133849278880946,0.19326699549444887,0.19575792519658966,0.3004632130449723,0.2598666453138979,0.5337837310115991,0.22690108294040198,0.3543369027039785,0.3817107933832814,0.23679084620147448,0.18012455403412803,0.19111585888143612,0.15985881523703444,0.19684729157653355,0.13160853759148017,0.5332732132141839,0.1663252893058191,0.2526309457629652,0.3031080687547482,0.22500229267111907,0.012175159220677363,0.003396139776997306,NaN,9.812706530764551,0.46352335240057885,NaN,NaN,0.010220339929815685,0.33204631791658545,3.0769329520696456
t.test,,,,,,,,,,,,-17.51503812282011,7.065389543240631,-2.817318996631416,,6.119261641969028,7.879292783239535,-8.419031277004786,-6.964487501717241,,1.2967412054175722,-8.461790255521393,7.303462561122219,-3.517768780825397,-3.550165139028904,4.313950055416927,10.568503852607941,-12.600912097768916,-9.982665731177535,-1.9168910743050376,3.0699981071781126,-3.868144286666355,6.223438920228494,-3.8506932947202936,-4.69818703350711,-0.15164221958048282,10.070246397454799,-7.096287371381808,-5.755440084508521,-0.8889520045067187,2.70923016317854,13.201078335751946,6.843228787642471,-1.0509870578267357,-0.6889963871897103,-1.0458572897543916,10.225651108142264,-6.709199827699486,-6.522191126014817,0.11594291918963177,1.1285607244974876,-12.9968952588796,-10.726057427635508,NaN,2.1676784649435774,-1.0676871636090168,NaN,NaN,-9.851424045254646,1.3001665604923571,1.0607801849830287
p.val,,,,,,,,,,,,0.0,1.6016077353242508E-12,0.004842640170261481,,9.400993317143502E-10,3.3306690738754696E-15,0.0,3.2960301155071647E-12,,0.19472024646858377,0.0,2.8044233602031454E-13,4.351913772393523E-4,3.849895693743832E-4,1.603631896229807E-5,0.0,0.0,0.0,0.05525177125552028,0.002140601275614884,1.0966676966805977E-4,4.86374274188961E-10,1.1778392711025987E-4,2.6248101365755616E-6,0.8794691320458634,0.0,1.2814194150223557E-12,8.641636961570498E-9,0.37402887469900814,0.006743953756534138,0.0,7.742695373735842E-12,0.2932645339806359,0.4908255410993021,0.2956269260087421,0.0,1.9569457165857784E-11,6.928768669922647E-11,0.9076977804523483,0.259083186819574,0.0,0.0,NaN,0.030183159080480415,0.2856616506281391,NaN,NaN,0.0,0.19354388887733465,0.28878980930634235
