Iteration,LL,asc_carD,b_carD_p.age_group_agg_15_24,b_carD_p.age_group_agg_40_54,b_carD_p.age_group_agg_55,b_carD_p.female,b_carD_hh.cars_gr_0,b_carD_hh.cars_gr_2,b_carD_hh.cars_gr_3,b_carD_hh.income_agg_high,asc_carP,b_carP_p.age_group_agg_15_24,b_carP_p.age_group_agg_40_54,b_carP_p.age_group_agg_55,b_carP_p.female,b_carP_hh.cars_gr_0,b_carP_hh.cars_gr_2,b_carP_hh.cars_gr_3,b_carP_hh.income_agg_high,asc_pt,b_pt_p.age_group_agg_15_24,b_pt_p.age_group_agg_40_54,b_pt_p.age_group_agg_55,b_pt_p.female,b_pt_hh.cars_gr_0,b_pt_hh.cars_gr_2,b_pt_hh.cars_gr_3,b_pt_hh.income_agg_high,asc_bike,b_bike_p.age_group_agg_15_24,b_bike_p.age_group_agg_40_54,b_bike_p.age_group_agg_55,b_bike_p.female,b_bike_hh.cars_gr_0,b_bike_hh.cars_gr_2,b_bike_hh.cars_gr_3,b_bike_hh.income_agg_high,asc_walk,b_walk_p.age_group_agg_15_24,b_walk_p.age_group_agg_40_54,b_walk_p.age_group_agg_55,b_walk_p.female,b_walk_hh.cars_gr_0,b_walk_hh.cars_gr_2,b_walk_hh.cars_gr_3,b_walk_hh.income_agg_high,b_car_time,b_pt_time,b_bike_cost,b_walk_cost,g_bike_grad,g_bike_stressLink,g_bike_stressLink_f,g_walk_vgvi,g_walk_stressJct,g_walk_speed
0,7175.705063219666,0.0,0.0,0.0,0.0,0.0,0.0,0.0,0.0,0.0,0.0,0.0,0.0,0.0,0.0,0.0,0.0,0.0,0.0,0.0,0.0,0.0,0.0,0.0,0.0,0.0,0.0,0.0,0.0,0.0,0.0,0.0,0.0,0.0,0.0,0.0,0.0,0.0,0.0,0.0,0.0,0.0,0.0,0.0,0.0,0.0,0.0,0.0,-0.1,-0.1,0.0,0.0,0.0,0.0,0.0,0.0
1,6931.782072275235,0.0,0.0,0.0,0.0,0.0,0.0,0.0,0.0,0.0,-6.042052416739777E-4,-7.827094419767603E-5,-2.133224046360644E-4,0.0,-2.520461305748104E-4,-8.642235399155083E-5,-2.3136526193015997E-4,-8.013939682035861E-5,-1.0313155965661703E-4,-3.5418273753841454E-4,-2.882033924908707E-5,-1.4479626835055853E-4,-6.922496593674003E-5,-1.3896563385458298E-4,3.668769957570236E-5,-2.0152446045548176E-4,-7.293559799864269E-5,-6.990135114890201E-5,-2.9094695912899473E-5,1.155954680072986E-5,-2.667045474474964E-5,-1.8418751237177055E-5,-5.3979280740590124E-5,1.995855237595288E-5,-2.8369820358397152E-5,-1.0781004683912957E-5,-3.5700316873208963E-6,3.190586723255244E-4,7.586847410008374E-5,8.473011175348443E-5,4.8221333573046285E-5,1.645843569755041E-4,1.3784707015372156E-4,4.162005142578319E-5,1.410773207244673E-5,2.2528348649093078E-5,0.0022044438756030644,-0.018068455487956665,-0.09955183199856527,-0.09490854260915507,-7.326335680337644E-8,-2.0957689866999402E-5,3.336267850001659E-5,-2.7738065532948494E-4,-1.4826307808942484E-5,-2.5965017191838144E-4
2,6472.937912866275,0.0,0.0,0.0,0.0,0.0,0.0,0.0,0.0,0.0,-0.007572388186255236,-9.855927154899836E-4,-0.0026675136211867707,0.0,-0.0031721832953354456,-0.0010362155210610305,-0.002901163302268552,-0.0010067552497771842,-0.0013147790932636178,-9.989227508863919E-4,6.770893926968481E-5,-5.781152684912101E-4,-3.132906569655407E-4,-2.811970952098252E-4,6.892934872284015E-4,-0.0010853714642855858,-4.044042650135427E-4,-2.3295288960360275E-4,-4.465537579000808E-4,9.57128302588519E-5,-3.2393384512978147E-4,-2.1502254411380977E-4,-6.348065696654913E-4,1.8135252086880406E-4,-3.406621509655462E-4,-1.2834933544655388E-4,-5.639727396170705E-5,0.003291707193401633,7.848460736283419E-4,8.723279101451819E-4,4.973890710486547E-4,0.0016971146216975368,0.001428973111228489,4.2493211121806166E-4,1.4364933746193611E-4,2.311427334402563E-4,-0.012235459593316686,-0.02089080513562422,-0.09718303030112578,-0.047620250100587944,1.4115461171067412E-6,-8.518648706574836E-5,4.096903302868683E-4,-0.0027480639119231865,-1.4687090668150573E-4,-0.0025721961662057433
3,5761.525875009397,0.0,0.0,0.0,0.0,0.0,0.0,0.0,0.0,0.0,-0.6155599061873837,-0.07653101938710452,-0.2193832789069983,0.0,-0.25073438813501236,-0.07966300343771698,-0.2407809029664399,-0.08383873135217892,-0.10948913760027928,-0.042358761723482706,0.015163313505788444,-0.037529518115853484,-0.02074285876791275,-9.821178963629966E-4,0.07244239248187896,-0.08467899269210231,-0.031081035192060957,-0.01563801594152997,-0.060549863613029845,0.005722520261695133,-0.03618921053226281,-0.022606293060618333,-0.06642953582289733,0.014806330716748615,-0.03911066590931795,-0.014273288903397964,-0.008964614825652984,0.1496217096678212,0.04271022787453247,0.03439712658914953,0.02169309203555948,0.0758730766845277,0.0957342031776941,-0.002867215351963682,-0.0022570643300214737,0.004065087345152025,-0.4090552242425632,-0.11351766599319875,-0.3720963210152067,-0.0977844385349753,7.083434390097626E-4,0.030833869300098165,0.05174830500522466,0.1873862044884434,0.009768257677020711,0.18229593240698422
4,5338.514656880693,0.0,0.0,0.0,0.0,0.0,0.0,0.0,0.0,0.0,-0.8812370731891228,-0.10803866357729591,-0.31178123524869383,0.0,-0.3505331185920147,-0.11317687775590278,-0.3438222535869517,-0.12115564094988049,-0.15534650969410121,-0.06751487901130648,0.024462677563592578,-0.05945861086473368,-0.03196816165099559,-0.0016650997258665194,0.1126139453775408,-0.13323486547124952,-0.04790829763436642,-0.026484746259813924,-0.08148629875988005,0.011071418354462029,-0.052314685159263956,-0.033030469659114436,-0.0966654135428396,0.024668423084841982,-0.05623453666728202,-0.020693900283105176,-0.011974957812765454,0.2221440617451572,0.06445759503389331,0.04985461507917193,0.032173200340758164,0.1110966687178358,0.14529013155620812,-0.006681446271707582,-0.004561913468332681,0.005243383645502321,-0.37035309359125473,-0.10666334280862082,-0.2804914390916018,-0.09339215241100085,2.2351615903051087E-4,-0.013703299017364345,0.07659367386966175,0.27873620015285666,0.014479890278363836,0.27307235683234055
5,5070.0347584204765,0.0,0.0,0.0,0.0,0.0,0.0,0.0,0.0,0.0,-1.0470829682374536,-0.1271841311612978,-0.3693151407147897,0.0,-0.41113616267780345,-0.13383412461039293,-0.4083117375650275,-0.1447221714135152,-0.1839077482599304,-0.08423998663170822,0.030884691767544048,-0.07420606174422613,-0.03950956791908017,-0.0019239893947268103,0.13995439100239038,-0.16604688501902043,-0.059293568190386774,-0.03387125467405728,-0.10059934294749685,0.013784255748937223,-0.06473394975805694,-0.04086005520638292,-0.11931010416027146,0.030417933055900848,-0.069360501612923,-0.025596077415007502,-0.01465931246833901,0.270337354116861,0.07904304167732597,0.05995502802392721,0.039123678921776914,0.1342701193319575,0.1786020200074805,-0.009514107128792863,-0.00623572979245716,0.005936468022412676,-0.29661497513389595,-0.09246423729698099,-0.27686208646667515,-0.07252273443427809,1.1316292287912524E-4,-0.03073627794038233,0.09825164162172682,0.34202980407893946,0.017744220920569737,0.3360046964315494
6,4902.369956363118,0.0,0.0,0.0,0.0,0.0,0.0,0.0,0.0,0.0,-1.0429039829926934,-0.08894621895269303,-0.3563321885153159,0.0,-0.28760755891183487,-0.12133857316163438,-0.4147991762206642,-0.1617345266899618,-0.1760397564768979,-0.20282027393266336,0.05806588730199461,-0.15700798003232092,-0.08828596828647478,-0.014133490423603092,0.2922508516015295,-0.351202939510412,-0.13217989015276962,-0.0730173528076822,-0.2404652968923861,0.02492868535924276,-0.14390218154398665,-0.0928626800308633,-0.25057003759134916,0.06288864818224506,-0.15642796124135017,-0.05821617923333702,-0.032255438662913014,0.5048238198959298,0.15727191580213196,0.09452851537332295,0.07251236081825556,0.2212940987770353,0.35995998403291773,-0.04245141951431143,-0.0239120395439041,0.002857170902944987,-0.3110205381876281,-0.09111473963755218,-0.20295903397404702,-0.05129219399023671,0.00322345720616622,0.09070347591365967,0.2689302709267238,0.563541158083078,0.0291582357555925,0.5576339865300288
7,4761.846500190675,0.0,0.0,0.0,0.0,0.0,0.0,0.0,0.0,0.0,-1.0649707359340785,-0.06806012717045615,-0.35568464828852614,0.0,-0.2193322320488862,-0.11716345442112608,-0.42737810306467133,-0.17586564138410557,-0.17435030791768305,-0.28232302429686795,0.07608182273692607,-0.21161345868118883,-0.12059208046287143,-0.02210850538669228,0.3921376670057396,-0.47252618498079013,-0.18046129830690255,-0.09870520343649364,-0.3352507583404203,0.031733221776241056,-0.1962847310060835,-0.12750397143757083,-0.3355880002275722,0.08395450655047065,-0.21431954498593841,-0.07993605034658068,-0.04402162266056203,0.6812288301470806,0.21300734178391856,0.12284259185915243,0.09806157594673652,0.28777953345319857,0.48399968082732103,-0.05860831732258781,-0.033618885580633064,0.0027964163513084167,-0.3082311955884249,-0.08789383933645492,-0.1624169987896505,-0.05764072044372269,0.00552686673408951,0.18427902641829239,0.38026569287997075,0.5815888104425994,0.02990088478464068,0.5824229230766608
8,4559.661920390924,0.0,0.0,0.0,0.0,0.0,0.0,0.0,0.0,0.0,-1.0722344131598223,-0.002172145536528239,-0.33092574944975583,0.0,-0.010940658331129699,-0.09458786861302165,-0.44080736161580514,-0.21008416923416962,-0.15569227998358,-0.4874007779383613,0.1277164631249204,-0.348828228524841,-0.20794962218300383,-0.02535612148930003,0.6732675874097995,-0.7906343830376334,-0.3186423536476644,-0.16298282988218676,-0.42437529087922865,0.08875482362151313,-0.28259180059119565,-0.1972837692760952,-0.43663422179617983,0.19840748117597856,-0.3317026008397608,-0.12297815427744711,-0.05860511832898796,1.0499061592088685,0.34135741221845894,0.1555461574984191,0.14927149178572957,0.3718540452171568,0.7795964768683386,-0.1293526759411934,-0.07453576879708215,-0.008345051298617834,-0.3288325054015041,-0.08588156294231544,-0.21469498206764198,-0.07029265591384935,0.004552256875855759,-0.08861548961054413,0.39854862837892513,0.5864264015706979,0.029875995144744153,0.6015258017182903
9,4251.1266428057925,0.0,0.0,0.0,0.0,0.0,0.0,0.0,0.0,0.0,-1.364863161181877,0.3860706768480456,-0.3551195766196686,0.0,0.6763913475092053,0.2094293931568002,-0.7721951973351986,-0.4814031207353192,-0.13805252616221345,-0.876638991197616,0.49091395532241694,-0.5941429842644071,-0.5614973774866878,0.6499229927312576,2.2922933847747453,-1.8373395200632856,-1.1294292156980215,-0.22629232803880198,-0.23221396971973388,0.5991227409114942,-0.4906716113903637,-0.5279898333295872,-0.1027203712723942,1.2759918196890232,-0.9261212869510191,-0.3509739083039583,-0.08162300684483727,1.4164494106203451,0.6502234881470348,-0.28385128607816246,0.15613110598744956,-0.5476937952189518,1.6084614899716012,-0.7897608362328661,-0.4827009320114365,-0.1874555936831514,-0.3018268365493147,-0.07181531500578206,-0.17417319221512104,-0.05895185966984192,0.020849108061142235,0.35687482357421174,-0.26587289012792337,0.6211313521174554,0.035116650159436366,0.5571791689724496
10,4142.609781408156,0.0,0.0,0.0,0.0,0.0,0.0,0.0,0.0,0.0,-1.3471728057774894,0.8616206817929608,-0.3945441935343556,0.0,0.6513929448967427,1.0819869908657398,-1.1495252182833446,-0.8831591419051177,-0.11371008990530079,-1.2689529159280184,0.5733365474742819,-0.3667961444292488,-0.7178652003955558,0.8820519085641688,2.6503211532947635,-1.4445518978928844,-1.856639843306361,0.24686284463955147,0.2356184895127554,1.0254582193315833,-0.5950852466993193,-0.7435867862293765,-0.4018483303572239,2.6996799091826946,-1.3403336765300085,-0.7514423555791655,-0.07998587484382258,1.4586735414887178,0.8190319706665627,-0.48580830611784853,-0.068633704068152,-0.49528019768532744,2.154524321437367,-1.2593940854092442,-0.9259304394994279,-0.24086182938254724,-0.29869794427315766,-0.07058218806290831,-0.19230344721086562,-0.05827561869179636,0.023968072101542122,0.29197331337990773,0.16067147012228206,0.6833639380073521,0.0443956005263974,0.4488097638023416
11,4069.894621618943,0.0,0.0,0.0,0.0,0.0,0.0,0.0,0.0,0.0,-1.260411968140928,1.0876656070202595,-0.3143387407263395,0.0,0.3158710011643733,1.8855948752631297,-1.2264052560954262,-1.2425863467726983,-0.022389565119363075,-1.1107315140463272,0.8839741536780634,-0.19500412267809134,-0.668403534363661,0.9549060180866952,3.12458573640445,-1.0013949724116424,-2.3128019892315628,0.6231953197965542,0.09292048290334409,0.9641247389997162,-0.6139037387746851,-0.902177737553425,-0.58400459755195,3.0655832502139093,-1.425584377784378,-1.0767600088448979,0.022011314428157902,1.6120961705659063,1.0007997882598376,-0.4583293132755358,-0.3009255649203899,-0.2535011832815991,2.702622969177638,-1.4405846928678083,-1.2881863107366736,-0.19274400131562727,-0.28216630302203016,-0.07522763626172345,-0.17600403871381448,-0.05903277065456771,0.02973506275074902,0.30968633871656304,-0.1751291132264337,0.775549761089253,0.05695854705725341,0.4018588805204464
12,4027.8660870227313,0.0,0.0,0.0,0.0,0.0,0.0,0.0,0.0,0.0,-1.3393354204531585,1.1414260670255714,-0.20029348775915373,0.0,0.06489428794933455,2.6079162342542515,-1.1057482853841831,-1.5770945787083555,0.1503880433845195,-1.167545810362418,1.153009130745437,-0.2973376816682993,-0.5105447617793152,0.3125604969154986,3.631406022419778,-1.0434792984081458,-2.612536847993015,0.6802949618832653,0.21639744635285835,0.9386967923563707,-0.4714472672678054,-0.9837211692144711,-0.6249939502181785,3.394808686643253,-1.2756975312567949,-1.395701034457544,0.23345747169779685,1.4420965002089177,0.9945429275075737,-0.31276252514382175,-0.5521911813096572,-0.100404619900201,2.9865571336250527,-1.3284283024473527,-1.6624687160170866,-0.0208172311235153,-0.2695729772333637,-0.06772870847741484,-0.17340255536757868,-0.05767097538397498,0.03307040734096896,0.41401645323366126,-0.2610732698392821,0.8556242759968564,0.07365865655654451,0.3252147974490365
13,4010.1703839648753,0.0,0.0,0.0,0.0,0.0,0.0,0.0,0.0,0.0,-1.4490966438333586,1.1182013398966837,-0.16806437202928345,0.0,0.05324368832156111,2.868361042483192,-0.9777771428193289,-1.6700712422960582,0.2795779152052854,-1.0008909726255173,1.2237724530928442,-0.16807030939261092,-0.40096425387682033,0.3266840437788506,3.9006209912979966,-1.1334165636753195,-2.6822938796377285,0.6274329200982245,0.2059738090473655,0.9254086241278427,-0.4087441555631399,-0.9945181789627465,-0.7913061307452859,3.482551554529492,-1.114387122173366,-1.5654529418739866,0.3831319731220808,1.2926977062778158,0.9646055859204143,-0.23926397537198138,-0.614074797544037,-0.19441896878677078,3.1805018067096245,-1.1730650690239468,-1.8539213751509849,0.12778427781713042,-0.27866214133069805,-0.07336281744953006,-0.18124884055737073,-0.05768502690681902,0.028082756466653352,0.3403618560302524,-0.05944686846125366,0.8649224848043949,0.08488322897055549,0.286063326849896
14,3982.2953018387825,0.0,0.0,0.0,0.0,0.0,0.0,0.0,0.0,0.0,-1.6559414062945967,1.0482910163580927,-0.16054669794422008,0.0,0.18102904430131872,3.1389283953614573,-0.8064728296415082,-1.6700521335934435,0.4596293152441089,-0.9942910874346588,1.0182342208641342,0.11033446558368143,-0.2694130903236437,0.29734181523010733,3.8076459446727715,-1.2023307529186849,-2.6171432153150316,0.5242608884381015,0.11687550703762466,0.9914545035757371,-0.3396135991726644,-0.9939341363990117,-0.841691439198349,3.7564265510373116,-0.9113239897057442,-1.8402408869343758,0.6253979079299102,1.2673576158046327,0.9811313963181398,-0.09002513140763682,-0.5163195701768837,-0.3521989340613597,3.7150656328065974,-0.8557873513667607,-2.1060938347864857,0.433128229153581,-0.2647306045583581,-0.07095917207567656,-0.17503249311054453,-0.05809838882683147,0.02165417051868567,0.39293128296802254,-0.16004793051051222,0.892154622077802,0.11051219710596731,0.3071294796543741
15,3948.356725494996,0.0,0.0,0.0,0.0,0.0,0.0,0.0,0.0,0.0,-1.7763728169439408,0.9043053803699347,-0.049789639133415775,0.0,0.2957522155168587,3.1787000289086618,-0.8268508789387782,-1.412744511032308,0.44951364633762814,-0.9546767229439991,1.0983219249973435,-0.19325775523475364,-0.21883174274657852,0.4698643956350147,3.9367214048892647,-1.1374154685302302,-2.3380017645577102,0.5667273851153126,-0.0552479028459308,0.9686829477225432,-0.19652407682588466,-0.8799681683199615,-0.9027749491794863,4.248601813275231,-0.8637756934231744,-2.098960896547443,0.8267157665333756,1.2086947947119773,0.9190245788987497,0.07307503253206857,-0.14919251717213777,-0.23531296392247875,3.9077907817396795,-0.6197829741088661,-2.1606411957145206,0.8044332485338238,-0.24974362289102514,-0.0693953469878083,-0.16611281774341422,-0.05933235127597024,0.0022945090174128803,0.4249271327843173,-0.24202275841639037,0.8949380379467532,0.15137998346917156,0.36915296623330696
16,3894.28986253936,0.0,0.0,0.0,0.0,0.0,0.0,0.0,0.0,0.0,-1.8434332356296863,0.8972775144118615,-0.22574768471186582,0.0,0.38292435689189974,3.2803024271414247,-1.0016202576466338,-0.9244464126576502,0.23938468046811381,-1.1934692407752507,0.8948079633771989,-0.3940954255702001,-0.3964228790026576,0.3338306645948692,4.349116441872701,-1.0686251042006445,-1.810326952813931,0.6816617837168061,-0.5440243231780553,0.8080295293003404,-0.047372694183821396,-0.5259536262384207,-0.8869350046121323,4.4140266029428386,-0.7709598163791871,-2.3372602483614724,1.1435255737569203,0.868230657085088,1.0530952544679546,-0.052202725307937875,0.34846245533777687,-0.19874927329894912,4.364095734345032,-0.9683745462119765,-2.070684115813829,1.0809262893258338,-0.23356863243668424,-0.062241312759091824,-0.14988913053819206,-0.055427457684764606,-0.048816768199998264,0.37250754971465,-0.11745399156670899,0.8117519438219116,0.22986130558487022,0.47768167943702405
17,3841.4820048262504,0.0,0.0,0.0,0.0,0.0,0.0,0.0,0.0,0.0,-1.8101765589029473,0.8352360027648451,-0.4597369497770605,0.0,0.22757683984954197,3.3902291801132356,-0.8539492213678684,-0.756128359816666,0.11537790382585249,-1.2914465994427704,0.6090224559008746,-0.14221811384337735,-0.5398946899135646,0.39576367881726393,4.829260382175093,-1.2400079143908513,-1.4574553940144552,0.5983251366288447,-0.7529076250146257,1.0692396645734497,-0.3213581363428396,-0.18631954687082564,-0.5386809550960008,4.540410419719068,-1.0120333211484716,-2.3200877522841155,1.169819898913212,0.9784591218142052,1.1080343493767804,0.3005604410447712,0.42553710847357457,0.08907956878933002,4.261402893630084,-1.1340993937313641,-1.72663759645552,1.0880468632910254,-0.20706233464314444,-0.05592552545355643,-0.13621870007995693,-0.057208625246601905,-0.10466978481640818,0.3612972733717021,-0.03047905283710589,0.7943969496000696,0.309423141166033,0.6087898609681721
18,3775.1557682040634,0.0,0.0,0.0,0.0,0.0,0.0,0.0,0.0,0.0,-2.0186550635768885,0.47241808442775435,-0.34255770692219645,0.0,0.3862473536116523,3.6856272520584468,-0.7580928140952786,-1.119290056441873,0.0382242628043552,-1.3968638459335792,0.9349566436293332,-0.4694436454363405,-0.36255339486290084,0.5706114667934578,4.484247368759724,-1.3543484872641662,-1.3668662103904854,0.3840917910657554,-0.8735671542090199,1.2162408962091782,-0.3943055738858895,-0.17098947608329232,-0.12412359310861737,4.269832978486628,-1.56826642672908,-1.9542991168990098,0.8092481154362416,1.4305171766098106,1.2959619021819975,0.3118985698438559,0.04262623596663373,-0.16695189625230186,4.336616540397731,-1.1997521150624004,-1.2845631590823203,0.4291756948048312,-0.1879337544171239,-0.04913108932818085,-0.12603314563798396,-0.058680420535712305,-0.1815041024840695,0.2796861532714041,0.318469826759098,0.7715041114824369,0.4186075024786283,0.7666068342462796
19,3730.7934777477117,0.0,0.0,0.0,0.0,0.0,0.0,0.0,0.0,0.0,-2.1634214086113026,0.8139195104449963,-0.40072914065424364,0.0,0.752972906718876,3.4627436562841405,-0.9858043664425857,-1.3165861121418938,0.11614245484234342,-1.2296717114861493,1.0739358663092127,-0.32183562115228787,-0.30211465639623636,0.399636565960525,4.362777948318916,-1.457139424405977,-1.7813452477718144,0.2542386595666523,-0.8175485986165079,1.2319396116740335,-0.2551769601738474,-0.6239685364215781,-0.19918344991238973,4.043098549130608,-1.7717222270478987,-1.6298300080352677,0.49959487194539026,1.842251588093704,1.2250615578814914,-0.19803439106557297,0.061206243475967564,0.0027378943315904125,4.059854486264656,-0.7982108708307473,-1.1502261302754186,-0.048960414773721206,-0.163863496990805,-0.04462375650259387,-0.11347142161509709,-0.06055299815699819,-0.21737636260858945,0.28261994438912563,0.3024603803517402,0.8279110069953999,0.4939846872320934,0.8127471921511141
20,3710.636645989206,0.0,0.0,0.0,0.0,0.0,0.0,0.0,0.0,0.0,-2.1224746099290783,1.1744080068128477,-0.3312785002759123,0.0,0.5661147774944738,2.963806559842853,-1.03194111321097,-1.4091773445894178,0.2358793950257377,-1.2961038479526523,1.1344929506991206,-0.47144452548337656,-0.4214578163505416,0.44426529776629076,4.108632175129352,-1.7039151447819498,-2.176699252397581,0.3555797145881317,-0.707507322158115,1.221297743572218,-0.486248215675671,-0.9951443483378892,-0.5192705862380896,3.899517129290654,-1.5938414503302478,-1.5197574819557629,0.386630140274125,1.891519517710888,0.9931697944199702,-0.12934288204859704,-0.11318551280403064,-0.058449869501230746,4.066991491847234,-0.8257909596854699,-1.2146207169012133,-0.17690319575165148,-0.15066066570225783,-0.03742649133936039,-0.10348806844435615,-0.05877498661729517,-0.21852235971969972,0.31644473681997753,0.18575352599380343,0.8589987552080669,0.5323160501097697,0.7988690920491097
21,3703.1931584501,0.0,0.0,0.0,0.0,0.0,0.0,0.0,0.0,0.0,-2.082694913133344,1.1046015128164917,-0.22665989869725842,0.0,0.6214699040778312,2.8066426518878673,-1.1699187656441086,-1.5598576578447059,0.1655293751959095,-1.2776396038378155,1.118181994769792,-0.4592529954132365,-0.5784729836134982,0.43524576620100175,4.019817563386246,-1.8188555848690346,-2.3421639227703377,0.4828338989081319,-0.5604659232833944,1.0961675011122642,-0.6637177336676158,-1.1805314906614155,-0.6313557512104246,3.85136149976089,-1.4133107539386238,-1.541856039926906,0.40094905315828455,1.9839339062024854,1.206728892300969,-0.11456237091114341,-0.2258427073416285,-0.12409009077775796,3.915688104090316,-0.869737927946682,-1.2145410119009261,0.03822591487055424,-0.14462681227826968,-0.035084433274354426,-0.10266367965180165,-0.05923221786588045,-0.2055173539853625,0.337716696778231,0.15026526212162983,0.8820801293215434,0.5478900654215707,0.7909830850724656
22,3699.203766769755,0.0,0.0,0.0,0.0,0.0,0.0,0.0,0.0,0.0,-2.0538856711639006,1.0944480591507495,-0.41281316552134695,0.0,0.7063166002282097,2.7851317031117215,-1.1390864058446564,-1.7079369564114733,0.19457174383179687,-1.1828059568098885,1.145178909458339,-0.5419361961356474,-0.6078359947897402,0.42018408638874516,3.960341201884011,-1.7911825057324327,-2.3609976967940782,0.486554531232215,-0.44529777963414696,1.0635117730510588,-0.790457519619337,-1.3798292708341915,-0.5877095486542426,3.782069430256751,-1.4132325319202053,-1.6000503038245613,0.49616129790938257,2.111553944364738,1.1809621607854468,-0.09597963644703365,-0.11963873344310999,-0.16021719474212295,3.8385679207113763,-1.0595122873482965,-1.3641037708609132,0.24371801090796338,-0.1445265754068332,-0.035908171471765275,-0.10529278825201956,-0.060239627673083024,-0.1780613518203808,0.33069925026888497,0.19037283516975292,0.89368648066294,0.5599927360944935,0.7848319037402781
23,3695.7377498729866,0.0,0.0,0.0,0.0,0.0,0.0,0.0,0.0,0.0,-2.0182823114711756,1.0384223472315306,-0.39361827908147884,0.0,0.6123459606922195,2.7503699248191715,-1.1367892047287473,-1.764435304431954,0.27391874537188465,-1.1636148781612594,1.0370342832259158,-0.5941994405594524,-0.566918430804849,0.45075625619089316,3.957523485758039,-1.8287094674297566,-2.329081992281066,0.4331415173965523,-0.41585666308032987,1.0169542929226223,-0.8610820292933073,-1.5368612364133765,-0.5580071958287843,3.760812911874861,-1.5843935775496187,-1.705042685156542,0.5762245449996608,2.157805777608684,1.2229943002624193,-0.22424619436191062,-0.08587623564088703,-0.14304396544858977,3.7869181901704527,-1.144038293898572,-1.5927046981560071,0.37097783222942216,-0.14865386122056598,-0.036413200515845595,-0.10593390613885159,-0.06098586440537555,-0.13536457755334483,0.30468353152555117,0.22829266332239762,0.8890507347802975,0.5750420851462049,0.7831244732455519
24,3695.055132605098,0.0,0.0,0.0,0.0,0.0,0.0,0.0,0.0,0.0,-2.0050408040825056,1.0721741841595767,-0.30911753487966737,0.0,0.7775307287403795,2.7559929610255303,-1.5722345107943378,-1.689655696463604,0.3139824231780569,-1.1719982250320398,0.9667474075599616,-0.5203647791711294,-0.6585979957290213,0.44431322212831176,4.080073517288364,-1.832232065872301,-2.093416010956614,0.5127528475358989,-0.38496307947992725,0.9140577794480895,-0.9019734023071497,-1.7429152757462862,-0.43825789684336786,3.6510748988265918,-2.0792662292614166,-2.113769019073253,0.8332809656170692,2.256793673754712,1.040594285287697,-0.040688051893974314,-0.3416885451825437,-0.19914342094771523,3.8249009250562667,-1.1192547755591364,-2.178040991632001,0.45619979898835966,-0.1619352901970982,-0.03964046206336551,-0.11038138957170003,-0.06464300584274567,0.0454188983594675,0.22401934406268081,0.3392339426725239,0.840660933904685,0.6321886392684796,0.8017049072639809
25,3691.2970247007424,0.0,0.0,0.0,0.0,0.0,0.0,0.0,0.0,0.0,-2.1809202762541373,1.1022242947293468,-0.2426065070132201,0.0,0.8781157401400091,2.693473623893212,-1.3462373315712395,-1.561603124521433,0.32988473838501864,-1.1968740860029528,1.1642846449032331,-0.3408628857371151,-0.88432521517702,0.5639862189688852,4.240340109939459,-1.8407673031173692,-1.9836152957345106,0.6236574228435795,-0.10622850433899833,0.9549983657113214,-0.5108048822630917,-1.684515233533068,-0.3835352103445448,3.783838089995419,-2.1293966484044184,-2.628979002801449,1.103250923281752,2.4202233253391583,1.1269411653487966,-0.09844094988109557,-0.498413801000315,0.02992872827609705,4.162658885629014,-1.2481075718689645,-2.264075227147497,0.3196494560482662,-0.1652610256582241,-0.041266259448549523,-0.1268704920839279,-0.07011861186027966,0.32839397419607685,0.2654434256946506,0.43504309577906153,0.8193506673915691,0.7221259777450064,0.8292485205686024
26,3679.914662232359,0.0,0.0,0.0,0.0,0.0,0.0,0.0,0.0,0.0,-2.4578116625942785,1.397246600532093,-0.3344730824029939,0.0,1.058604436886835,3.128799446287199,-1.053783588039113,-1.4481133617629325,0.06380425238388049,-1.2322473128608915,1.0652313429037472,-0.49465011786887203,-0.6284503594368566,0.5338626749562476,4.614178212724813,-1.5871054245754206,-2.243953175084483,0.4567315520780632,-0.45303852529405225,1.4675615582837227,-0.4140160106368475,-1.3733115996649339,-0.8755097681161048,4.32500658537685,-1.9282835856554592,-3.396786453836482,1.1434836386589167,2.530940292273395,1.3651950652358786,-0.16687376760862715,-0.5041660030793483,-0.21470513156035834,4.4131682022391,-1.2371060091181845,-1.7123205415389378,0.2046002362445458,-0.18769147142120834,-0.044667310687523026,-0.1317651133191932,-0.07844394712128824,0.8795499293856779,0.2015648741768635,0.35717101806611334,0.824109909871478,0.8944676014737373,0.760497956023631
27,3673.776399296074,0.0,0.0,0.0,0.0,0.0,0.0,0.0,0.0,0.0,-2.365950693923616,1.3426128376824726,-0.3455418107165054,0.0,0.9290061692037215,3.336761527715414,-1.1768887034542428,-1.468838550146418,0.06508776196109693,-1.2541302113637118,1.2252685878601364,-0.41012609534044475,-0.6596687692181932,0.512520950280378,4.644148567093667,-1.6675472103421871,-2.25722464287249,0.4076035147831936,-0.48744866444479806,1.5454508267447347,-0.5158882205520184,-1.2613627894535486,-0.9276846244943144,4.468066728777321,-1.795162770457405,-3.382083750186291,1.0195397342224115,2.5350533083593465,1.3315993344512969,-0.2279458430076673,-0.2316254664710325,-0.28696712727173457,4.5695328633842935,-1.1524828159959957,-1.6050518297189578,0.17410001128658936,-0.19206253381597954,-0.04484517978326851,-0.1344353311784245,-0.08037202884046007,0.9961272411599053,0.18838370409316874,0.37435300553915574,0.8342358002369337,0.9394033919198577,0.739907824616382
28,3669.6730663010717,0.0,0.0,0.0,0.0,0.0,0.0,0.0,0.0,0.0,-2.2747555908037564,1.3232385297741962,-0.42085181123407445,0.0,0.8945851553958121,3.3453905920454057,-1.3006329055396981,-1.5566943478997,0.16499949245773954,-1.2226184352767615,1.153165294282696,-0.43740180307106286,-0.46258770245817127,0.5087544246507325,4.78374988396199,-1.6518350032600968,-2.238022709444942,0.4654108973161844,-0.37451274859174055,1.4304783933976473,-0.5609309733854617,-1.1657322072451413,-0.8936575496190651,4.60550557651284,-1.6745034568859647,-3.110199339885541,0.8294730450127906,2.4995074543755784,1.4207926821881676,-0.1454896291892202,-0.0792947761375849,-0.28677522648115283,4.804246336127936,-1.0803085330444202,-1.5720432851539201,0.14630167233175756,-0.18961266689156442,-0.045150959310997635,-0.13846037689522156,-0.08155180698866281,1.066359420501644,0.20701016843615613,0.4143271660429051,0.8386028297342992,0.9798356534364453,0.7390377541889908
29,3668.334867152442,0.0,0.0,0.0,0.0,0.0,0.0,0.0,0.0,0.0,-2.3221921140645665,1.138582787526915,-0.43402817445723074,0.0,1.0020657732660765,3.357918504704898,-1.2224228389551333,-1.831134977824738,0.2669004056723738,-1.2442629071962839,1.110048406367682,-0.3661043254903423,-0.5876090042045499,0.4310343759055195,4.951202454465147,-1.508074216792593,-2.1049469480641747,0.37537210378593316,-0.45679336918694013,1.1747994443623622,-0.6857353311159723,-1.1802539083567838,-1.0780723535246768,4.944423528089462,-1.672980418815525,-2.3057824158418754,0.6624756536598158,2.2709955996346904,1.3926352454066542,-0.052126379577335666,-0.013575152364808954,-0.2090265777931052,5.015685331740248,-1.091081470063344,-1.643724249408786,0.15911509709578048,-0.18821150140393822,-0.045051320289631824,-0.13109009276923925,-0.08003408638907718,1.1519470614872194,0.22832311701770946,0.3307891828498485,0.8114356299148283,1.0528759471906393,0.7392565369753278
30,3665.06128605797,0.0,0.0,0.0,0.0,0.0,0.0,0.0,0.0,0.0,-2.32530282291132,1.1650526937775225,-0.4194638210811763,0.0,0.9783792383840417,3.5617085964624047,-1.2355776323971601,-1.8803486645118488,0.2181794374919039,-1.2768318219520884,1.0031424179736201,-0.42006926984150794,-0.6481304581612888,0.5172776550365981,4.992822130282927,-1.5333551669828838,-2.015389318573675,0.34869127304685377,-0.4519725204858997,1.1283862338471105,-0.6308873215358775,-1.2647780292099755,-1.122898606886517,5.026041657941923,-1.5728923028714232,-1.745676111766016,0.7279515069076681,2.2688141395228714,1.3465908256294084,-0.04613996293585977,-0.04419023411609628,-0.14757717221950245,5.067110417261672,-1.0758864302762658,-1.6884666981434293,0.24163998813359733,-0.18343396493526257,-0.04331880677399687,-0.13040509517772622,-0.07983462420259325,1.1938930375295866,0.2618887859291336,0.3094798030333456,0.7988634618181216,1.1015871342169503,0.7542387562614459
31,3663.398975093408,0.0,0.0,0.0,0.0,0.0,0.0,0.0,0.0,0.0,-2.3676504241251073,1.170968450904806,-0.33070156407281737,0.0,0.8659811607753202,3.6285336169797566,-1.1821600887410737,-1.6194212496892644,0.25609818829336234,-1.161707868220367,1.0618882877964766,-0.3737336079646675,-0.5777232227431278,0.35837700171239584,5.020239211402976,-1.5255394699762146,-1.9809599944057983,0.5191559884401411,-0.5117676267968808,1.1308548006585404,-0.7252640040734487,-1.415551647455126,-1.002223233455367,5.17070427871068,-1.5187851708903555,-1.2594300732245007,0.7726276780711379,2.4590246038317543,1.2840913518402801,-0.1490643811563713,-0.16636712030737538,-0.2670209448739143,5.1007743198761455,-1.1253495138689953,-1.681643027252324,0.41648069799762766,-0.1785641628892103,-0.04404046281397767,-0.12695417946551565,-0.0796462955597251,1.2348358178622092,0.25939427030987644,0.39495745896055795,0.7724350647414234,1.1800207223033434,0.7978917963410972
32,3660.278533340216,0.0,0.0,0.0,0.0,0.0,0.0,0.0,0.0,0.0,-2.3123989308498034,1.1664678525567802,-0.4559876632873337,0.0,0.8079986415193707,3.704322303014227,-1.2344585779784334,-1.4582923608801428,0.31252060137580295,-1.212850086616522,1.1250540295061267,-0.375021993444703,-0.5576257064604219,0.401690242432198,4.96324026755319,-1.5350686348492781,-2.0832689548283834,0.34897322623865684,-0.48747401290446585,0.9088170571422666,-0.7996665460590944,-1.489817049010062,-0.8559923035766327,5.171300096507393,-1.4764937167527763,-1.3254386249843766,0.6992337036261032,2.511694538935086,1.2564409034134445,-0.1902781393961669,-0.29627928850449775,-0.24954265223218874,5.051653411530342,-1.1381576196485705,-1.6384034658587925,0.47907709984593444,-0.17251847066417608,-0.04137831799100486,-0.12035992241226287,-0.07851157947598024,1.269387121593537,0.28023786618483676,0.41957893774425303,0.7926389075564491,1.2699630843276464,0.7845382620527641
33,3659.0611268595167,0.0,0.0,0.0,0.0,0.0,0.0,0.0,0.0,0.0,-2.2476316038898814,0.885960232137595,-0.4433465335155766,0.0,0.8416835148649081,3.8061587628588414,-1.3013602820567554,-1.5511330690031488,0.21698625628512097,-1.2615041864151044,0.9552583030295259,-0.4939256032140345,-0.5261442894062914,0.4759228183155639,4.9536547438632,-1.5630419930976827,-2.224236697940425,0.4740458031494098,-0.3286132695266088,0.9744480759280745,-1.0555607940260585,-1.6586911874332102,-0.6271540931410277,4.791352595834515,-1.3772212590086346,-1.8195288417451507,0.4903173463801559,2.4881159228217786,1.0154732140222835,-0.3341858264316393,-0.2369392429933304,-0.0674335313649177,5.015473441762083,-1.122450890192205,-1.6347560486956911,0.3207164916368623,-0.15539710235211676,-0.03615234065186121,-0.10429265580232544,-0.07444106565209635,1.3549021787580466,0.35045042092977097,0.4326692048481537,0.8796713657892158,1.4831541608664676,0.6956062457476988
34,3657.3024252257806,0.0,0.0,0.0,0.0,0.0,0.0,0.0,0.0,0.0,-2.209281757625086,0.9921356136142061,-0.46660495444113304,0.0,0.7851525384275777,3.7899804859393678,-1.2819761160307797,-1.7047839931174171,0.19681533902364126,-1.21769863732185,0.9475640820104159,-0.5135216799491448,-0.5810644720966216,0.456854223640509,4.9078267501678265,-1.6389727046046292,-2.17271961574142,0.5500337361239321,-0.35897371144051266,0.9625248769403003,-0.9889790714521818,-1.624915853835263,-0.6054658812288274,4.7753817219071415,-1.4495696196459338,-1.933363879999883,0.4842057952727492,2.4962692141444873,1.0802152431066978,-0.3020119467889071,-0.16909535662151748,-0.1342643624963224,4.966082761554447,-1.074937523263238,-1.6359572430864604,0.2843641460183441,-0.15375143257842355,-0.03585947391226714,-0.10119659019863668,-0.07407922217256636,1.379308950360357,0.3457871376141097,0.447223607541522,0.8954260423408245,1.5241917273222,0.6791567835089887
35,3657.1164153580594,0.0,0.0,0.0,0.0,0.0,0.0,0.0,0.0,0.0,-2.138660583421953,1.1838620001930826,-0.31472590251235066,0.0,0.708708074170034,3.620497019199584,-1.4638368090580451,-1.97708372600733,0.2869316485009292,-1.1274175431599258,1.0366740424762027,-0.4970711163552389,-0.603000274864159,0.39385631718034103,4.870967322653975,-1.5752578893855467,-2.157249908932099,0.3516589814874532,-0.3858793421445357,1.2111278701870698,-0.8287165612203179,-1.4443482149972608,-0.5984294543304363,4.714789133169259,-1.5192972723903293,-2.031225644355495,0.6938761631136439,2.5128879556696977,1.2930397547808474,-0.16687656469372547,-0.03576898822293659,-0.19920527560407247,4.9394442743432,-1.1486757829674648,-1.6514807891112935,0.2667004250481349,-0.1517431552592127,-0.036236901580044154,-0.10220878305923181,-0.07414505082060983,1.4408923412162584,0.3522206813986315,0.4802160460766238,0.9106349199249233,1.59146057097106,0.6667592105307377
36,3655.268782322217,0.0,0.0,0.0,0.0,0.0,0.0,0.0,0.0,0.0,-2.1533223364106457,1.2450250318582825,-0.3549704502207849,0.0,0.7680195375631946,3.5934295197478483,-1.4963773967897422,-2.044422154597181,0.355894810616473,-1.2411229921697025,1.1842785801414912,-0.42893237882046725,-0.4675838710713467,0.43843113175321435,4.821616027452509,-1.649356391219237,-2.1812980132794055,0.42320034133014145,-0.4739451700428629,1.343687814769138,-0.7528510396056564,-1.2763121687303918,-0.64250498414795,4.6761317559209665,-1.575466718462625,-2.0198610574176064,0.7426257551860558,2.437462983662382,1.4033357481771322,-0.14166319528044402,-0.022508201381730833,-0.14650408117844857,4.870061317147764,-1.1925626677909054,-1.7384891464528378,0.35107493194461725,-0.1540497777146953,-0.035832599547998806,-0.10251542999975587,-0.07409276707282074,1.504078553054338,0.34535660500507637,0.4555603584002918,0.9033384682287812,1.6326507979743115,0.6588045721201155
37,3653.960525673153,0.0,0.0,0.0,0.0,0.0,0.0,0.0,0.0,0.0,-2.2181455863628012,1.2700796423978007,-0.32253355947439033,0.0,0.7736206246114903,3.6322395239169962,-1.4028179348367662,-1.9860256714027629,0.326553210788076,-1.3383753124953444,1.1693342525170871,-0.42183497659221925,-0.5343739766160107,0.47208122146760995,4.871643307379636,-1.5753233722633233,-2.3476244517512703,0.45571728053784655,-0.5165337852924333,1.321426013595314,-0.6606927588617202,-1.1602853129894264,-0.6009593462072372,4.665481622011522,-1.6031245403056706,-1.995958445213262,0.692295425521429,2.4438834683324355,1.4286122909942334,-0.07170734627893928,0.06443996574071041,-0.20394666960977192,4.844307675755611,-1.148311781537499,-1.8573981647531892,0.38882440704849797,-0.15861296764974966,-0.035506203989537036,-0.10809274582507619,-0.07536634215076099,1.6032103802414346,0.313435112226882,0.504216872739634,0.8539733613022894,1.6821327659692966,0.7019606156596199
38,3652.1968584888023,0.0,0.0,0.0,0.0,0.0,0.0,0.0,0.0,0.0,-2.2553996113246817,1.2819598959948373,-0.3335152710525901,0.0,0.8135285744863643,3.7577164628478275,-1.3650881405146442,-1.8429556971477594,0.1716731058278112,-1.13199423384953,1.102764954210995,-0.43821372386766116,-0.5451837381835877,0.4311624240251926,4.870249213262183,-1.667171394001492,-2.273180206284805,0.398321137599864,-0.4777373531363823,1.239475568427356,-0.6708489737568675,-1.2135210829617658,-0.6895407572366739,4.837583403357523,-1.6124968708382612,-2.021279174713423,0.6412283147383052,2.4087300056808902,1.428869138428625,-0.04295885871884681,0.023776343909664474,-0.16181766181621626,4.948822445416532,-1.2121395714082506,-1.8570866465080351,0.2729248053249358,-0.16406337735534168,-0.03868896038259449,-0.11362732602972037,-0.07618974189778466,1.7476994977484812,0.288135213708887,0.4920988506922399,0.7885608351874228,1.7476926278258065,0.739409872331781
39,3651.6066264779292,0.0,0.0,0.0,0.0,0.0,0.0,0.0,0.0,0.0,-2.2005502806554116,1.2356338007711885,-0.4821334479614043,0.0,0.7717889967450786,3.8015958614165553,-1.3331075867500877,-1.7944004738054147,0.18929047023707976,-1.201808605089457,1.0988569614863857,-0.46529916428229207,-0.5847635828917198,0.42934556665978874,5.042928638483968,-1.5638006146891725,-1.974517207928013,0.38712025943454104,-0.36907699379320347,1.2194897152410158,-0.7182825598123973,-1.4071775016139687,-0.8574653773931575,4.947596804806335,-1.598197775897427,-2.0510291089688235,0.6894670086611876,2.4685834785188536,1.404889128104793,-0.1433303397008744,-0.11788944256771143,-0.2547098988192975,5.071921910680475,-1.0712215134848733,-1.6814346337578585,0.20936222559874473,-0.16641089737843937,-0.03911865719360532,-0.11835367227761606,-0.07734189640053618,1.885478799038275,0.2757764436433488,0.46482290665900317,0.8005362920025861,1.8147014397117318,0.7125073856229294
40,3651.2823910396455,0.0,0.0,0.0,0.0,0.0,0.0,0.0,0.0,0.0,-2.2241778183052308,1.2384261584419909,-0.4366286738210319,0.0,0.7843633226279365,3.822150642868766,-1.351380818637613,-1.8457929297983071,0.24705720839937192,-1.2270043715881502,1.061297911881515,-0.4430023988924332,-0.5627915368271307,0.4442956696971311,5.065516937491085,-1.576720576814561,-1.9722464342000487,0.41510222283313986,-0.3895917947275361,1.1399989219949054,-0.7120220969605457,-1.4307976477237159,-0.8274602990902505,4.979945724740739,-1.6137105652042756,-2.044448203145887,0.7389096197781159,2.475614964744953,1.301164862384578,-0.16387336305167505,-0.12316558685419145,-0.25017230095645127,5.098294689813661,-1.0987927613224138,-1.5439094046068904,0.24139005385498277,-0.16724000711010686,-0.03912175551252713,-0.11833184526778723,-0.07750705037892967,1.9287881784187326,0.2705618751359292,0.47628942317635187,0.847860209502051,1.8495589526522702,0.6585487060993761
41,3650.7815843552644,0.0,0.0,0.0,0.0,0.0,0.0,0.0,0.0,0.0,-2.218231854544908,1.2256800371029455,-0.4673933662728065,0.0,0.8012804931308094,3.8229676701814377,-1.3554440469951594,-1.8588043003247985,0.2569841923696671,-1.195125173853109,1.0541420995176864,-0.47773750186505776,-0.598269592568215,0.44924083849784635,5.058079885473593,-1.5844495696569127,-2.0514056477701197,0.4365681679664996,-0.4204659206443777,1.1373457925395924,-0.7567843188301208,-1.373551031220144,-0.7654297648944193,4.995762673289876,-1.632643461481551,-1.9883137011100418,0.7852457649068463,2.437894442468462,1.2865369670308948,-0.20231002088131073,-0.15689332323917252,-0.2102210012962808,5.152325912303786,-1.0529460050186068,-1.5307043213461848,0.27037287048072584,-0.1668152867561037,-0.039052537634187326,-0.11677084595831877,-0.07730417830587281,1.9924715037214438,0.27438376799942754,0.49517018959275505,0.8844970741025451,1.9139639169357543,0.613025243045275
42,3649.438511909138,0.0,0.0,0.0,0.0,0.0,0.0,0.0,0.0,0.0,-2.2314695816713557,1.1898550824074505,-0.45240841078127675,0.0,0.8183962710876898,3.8629854972969673,-1.35050041761986,-1.8501987280826078,0.2411488850357964,-1.2380474834447166,1.0697490917133279,-0.4347700060870386,-0.5477925678929614,0.4551386145933444,5.084756970989471,-1.5877698828556193,-2.1269057910899134,0.44390567566862627,-0.4521264154209377,1.1172836304118718,-0.7370196449487868,-1.3085581293389683,-0.7538377456322025,5.037996660816457,-1.572559424298267,-1.8878813942062267,0.7201441876502516,2.4595192511969355,1.2839059813030256,-0.16989797990638283,-0.1295985625743459,-0.19931500035537283,5.128295893076111,-1.1114022097348644,-1.6593123043251827,0.25626009083525286,-0.16355604772130064,-0.037817922693805454,-0.11138194683484819,-0.07651455659057656,2.1635325102429133,0.306782300430279,0.49126425768751864,0.8888228391097943,2.0967819939585386,0.599118391679639
43,3649.385648944697,0.0,0.0,0.0,0.0,0.0,0.0,0.0,0.0,0.0,-2.2960724037688913,1.2729905510903858,-0.39516183818029654,0.0,0.8403377761838057,3.926429864662377,-1.3462762957192627,-1.8395788527130146,0.29411171421747095,-1.2429811031440137,1.0942186002412622,-0.4349746508246906,-0.5755441741263212,0.463882937158149,5.1004235079584,-1.5772774236842793,-2.1054131359617982,0.4342627971820805,-0.4375572658252091,1.1593744150850707,-0.7493948620086877,-1.3369887299171914,-0.7213446813396901,5.002634151252366,-1.5748557331305526,-1.8656369059215412,0.5684858688130865,2.399281024156313,1.3251906622081437,-0.15345105224402453,-0.11889347044419363,-0.16128608206856715,5.155853234972909,-1.1305198724745316,-1.6629933997072113,0.3509196528058966,-0.1634054570151063,-0.037802875168009654,-0.10935211855881519,-0.07616439691511283,2.2624730022102155,0.31959343543884833,0.49746488620423296,0.8454095588734629,2.2074634285508425,0.6331837749223795
44,3649.18806977146,0.0,0.0,0.0,0.0,0.0,0.0,0.0,0.0,0.0,-2.2827758497172828,1.2705535732765099,-0.40026498393762877,0.0,0.8366636265035471,3.930628773428644,-1.3501597411594592,-1.8657338379140145,0.2641877321456305,-1.2634147652925307,1.1130103588144833,-0.4199060705892486,-0.5493755046602227,0.4704603821763709,5.120744167382135,-1.5794367918821555,-2.1261775822563322,0.43778276628030177,-0.471808351051505,1.1687140276849814,-0.7485788302741566,-1.4010706232500945,-0.6748541218650721,5.0302631831366105,-1.560526444874044,-1.8734744276121833,0.5940850587065394,2.361228312929843,1.3371299293948544,-0.13850291986202184,-0.10701824840026712,-0.1465726938041066,5.177084128460107,-1.1167900627775564,-1.6479882681847613,0.3370312591100248,-0.1643011539667351,-0.03783004710395874,-0.10893282759978788,-0.07607090906340205,2.3504105206929795,0.31656334080784637,0.5174908901470884,0.7742601062624376,2.3097821179864906,0.6960579021179688
45,3648.5122874666454,0.0,0.0,0.0,0.0,0.0,0.0,0.0,0.0,0.0,-2.273049075923048,1.2166686747911253,-0.434398431912948,0.0,0.8398603924384425,4.0272214803913515,-1.382028920894869,-1.8650345465761364,0.33176707609625616,-1.2437807110536383,1.0850163464670275,-0.44255371344922795,-0.5515521372726697,0.461098413095969,5.188966336724779,-1.593694982920026,-2.1408142920154205,0.4698043422525805,-0.4718866319737181,1.1639280447035132,-0.7594971496570415,-1.3447746099604034,-0.6960897643950947,5.119657957654671,-1.531837380296011,-1.9096927351133786,0.6875228496085005,2.405002121504079,1.3339866289921363,-0.145238036017296,-0.09927616374975769,-0.166702612607068,5.195954492869455,-1.127763860249445,-1.6721949785527428,0.2275874174395796,-0.16264993508145423,-0.037326436477822564,-0.1077520058559778,-0.07588914898291765,2.7050418655360238,0.33075178071097106,0.5271088724682236,0.7481340320585472,2.714157438499732,0.6869480559704014
46,3648.004994777138,0.0,0.0,0.0,0.0,0.0,0.0,0.0,0.0,0.0,-2.218403303618046,1.1854790219088829,-0.4505821139437783,0.0,0.81754853665201,4.062489687573452,-1.3824336340209236,-1.8925887077067114,0.17471194920161776,-1.2390151158126133,1.0941585159309608,-0.4144626109641413,-0.49115805331114315,0.4382386543976937,5.282296035902533,-1.5924871108947471,-2.141834414623195,0.43912100628317263,-0.43024264192240275,1.1600241980311745,-0.726366986212374,-1.2678422682168464,-0.7257560962391478,5.199732848431416,-1.5649246604214126,-1.9395119198347213,0.7109652772604776,2.4642010590685732,1.2724542482685874,-0.17508177892870214,-0.11895140641187216,-0.20083856718812998,5.3040144373253195,-1.134385007643165,-1.7100912838070472,0.23918777539390867,-0.15991066915781008,-0.036702854592435365,-0.10700342282708818,-0.0758517895050364,3.0987193689053143,0.34533325177282487,0.5452037105517272,0.8177407861497775,3.149160265386911,0.5742067883370373
47,3647.863565462986,0.0,0.0,0.0,0.0,0.0,0.0,0.0,0.0,0.0,-2.2201458706397355,1.181394713431125,-0.4522173365985085,0.0,0.8190969100847302,4.079316066490286,-1.3849485006572082,-1.879005716942145,0.17261574420677683,-1.2422314789146056,1.0967448246733265,-0.4132375368168073,-0.4999617290518436,0.44271680603594793,5.30744161469997,-1.587797106812877,-2.1266875059884103,0.4366819712841303,-0.47099163695535573,1.1786355434315263,-0.7109574357036011,-1.3228823814717217,-0.6870374165470414,5.238248877440089,-1.5386276491919877,-1.9397306127229774,0.6962484393608479,2.449096947838704,1.3016151641893376,-0.1531302633490609,-0.1170019900344396,-0.1965398782736549,5.321269178393568,-1.1388052512083717,-1.726380159795525,0.21529746618384094,-0.16058098003050902,-0.03685827419261899,-0.10702120530252296,-0.07595068361114547,3.216042502365679,0.33787259904634737,0.569631451136159,0.8840923096165626,3.2789142612110114,0.4900509077709959
48,3647.019149278818,0.0,0.0,0.0,0.0,0.0,0.0,0.0,0.0,0.0,-2.3202457526762954,1.3021109023629838,-0.4010538213512278,0.0,0.8567888308596352,4.316305697338661,-1.3530440635269982,-1.8626002442041558,0.21957576847830876,-1.2617647391432718,1.1168523952597302,-0.4191483390418476,-0.5200272844889371,0.45577125550323316,5.510549144799612,-1.5456697172549516,-2.0608646373685104,0.4234245373133339,-0.37861282894926196,1.1058133936598085,-0.8469831319190184,-1.3570560103986118,-0.7154199380286422,5.417977059932882,-1.6190789562115802,-1.916500923738624,0.7693011140064964,2.396726865849989,1.34775731376278,-0.15267857969771093,-0.07307375347337906,-0.20531104008229567,5.512476973220836,-1.0957357472528841,-1.651890258138713,0.1944525266036382,-0.1635988608389473,-0.03759059128689516,-0.10943431246660447,-0.07693581650953718,4.163456490696427,0.34256181614304787,0.6257062262309744,0.780530272713688,4.163046515959764,0.4983132840793448
49,3646.5733696606394,0.0,0.0,0.0,0.0,0.0,0.0,0.0,0.0,0.0,-2.307392226984001,1.254438799215648,-0.45278868616447754,0.0,0.8584656162368948,4.4769718794647355,-1.3989197985109671,-1.8878382825512658,0.33187996566516187,-1.2080477075498013,1.0613625657448655,-0.44406692591729474,-0.6061455413721935,0.44319631146346905,5.678105440650318,-1.54810061879553,-2.058790638679359,0.42364378409032283,-0.3853092657750115,1.1460451593948922,-0.7394982329162401,-1.3851173597598,-0.765368152202236,5.59248115339269,-1.6756311000037596,-1.9172975697608974,0.6934254470753201,2.389670409943199,1.295293079045908,-0.1623084311422066,-0.14120424991013747,-0.22218243419362887,5.6938284532871695,-1.1144258350950955,-1.566834077994815,0.28005391962012816,-0.16553282850083634,-0.038244780737682255,-0.10984012178407511,-0.077653242695887,4.9555325445998655,0.345843659413756,0.66595996054279,0.6296095220656236,4.893447291245003,0.57314831686895
50,3646.41743730264,0.0,0.0,0.0,0.0,0.0,0.0,0.0,0.0,0.0,-2.3099648397933694,1.2780324258246327,-0.4414308050769667,0.0,0.8655089446344101,4.476349549595943,-1.4024014646915577,-1.9244720471670391,0.32667295610181163,-1.210708026478783,1.0623560826972853,-0.4508972506628668,-0.6062187809657947,0.45109097321860003,5.693211323712697,-1.5436176511396205,-2.033876458025844,0.41709966082302297,-0.41484018935357564,1.1472268404596024,-0.7572213234039861,-1.3557509718017167,-0.7294207379220079,5.62527074775751,-1.619393872471663,-1.9302595766885147,0.6719410886545062,2.4128780992105665,1.2731681858023487,-0.19773624528199707,-0.17021054210755376,-0.2104420363825346,5.698349195133361,-1.1153987493909716,-1.5978474758746815,0.2814361083878793,-0.16579443653167156,-0.03835617696018055,-0.10964393810771719,-0.07778586305894684,5.047199590701622,0.3468910382311488,0.680234038090247,0.6209521292371462,4.949673185917982,0.5767703462753583
51,3645.521565630449,0.0,0.0,0.0,0.0,0.0,0.0,0.0,0.0,0.0,-2.2762115676949644,1.2601699011903464,-0.4155478127055128,0.0,0.8478545695087892,4.568131730413095,-1.3965011779332437,-1.9079950165845774,0.17937649678029735,-1.283020642602782,1.14477952004891,-0.40542299587422764,-0.48658173867218923,0.4645044211068954,5.776447568844239,-1.6017295306296961,-2.161950372364865,0.4525880268419954,-0.4544128995146185,1.2099552827450077,-0.7461229125154974,-1.3557301758193674,-0.6382221977218747,5.683776234167052,-1.5396478459192695,-1.9565281621653896,0.6768167750609742,2.406285642491961,1.3310076795615753,-0.14709993937754162,-0.0914155779770465,-0.1757735998723846,5.779091219468356,-1.1351736183435517,-1.7213342518751225,0.2448824440160642,-0.1593411198900703,-0.03626004697180338,-0.10036131605354368,-0.077944852710067,6.138749364168835,0.41116360886703895,0.7291861254402247,0.7970380392078925,5.364333976138701,0.33857917525265496
52,3644.101692708148,0.0,0.0,0.0,0.0,0.0,0.0,0.0,0.0,0.0,-2.281388839800087,1.2618460147290342,-0.42704008742631394,0.0,0.8520167561393249,4.653434749634476,-1.3993161034221462,-1.9049021247833366,0.2285791520512992,-1.2549084843635367,1.1186788599219766,-0.4242186043187218,-0.5308377467819753,0.4593311077832994,5.873002881714714,-1.5888507107132703,-2.1209701521728945,0.43952174289557,-0.43506954996703917,1.1924851882165355,-0.747521506003735,-1.371473209310918,-0.6632108922462204,5.790059187286758,-1.5772155716854257,-1.9592393634674985,0.686729207146842,2.41739522547827,1.3155810033098476,-0.1629113124624279,-0.12114558169404922,-0.1925990927452914,5.879469569240275,-1.1304394800170172,-1.677821367696865,0.24840408297049577,-0.16278118297755764,-0.03736455972685786,-0.10382778842212032,-0.07931030923223523,6.795035621685993,0.40016791207722024,0.7692716870970406,0.7631250851530931,5.7506186190248565,0.3151746134716521
53,3642.3822375729237,0.0,0.0,0.0,0.0,0.0,0.0,0.0,0.0,0.0,-2.287205332870035,1.2679698116371172,-0.43632198702642166,0.0,0.8586394431893449,4.945101966660752,-1.3970655007470858,-1.902054157064722,0.27732409622188003,-1.2312756333363957,1.098826040741511,-0.4437267766445466,-0.5776183399550212,0.4568826556372532,6.1777351124676185,-1.5807596720752706,-2.0951922454435232,0.4268709893226294,-0.42305951915011897,1.1760410191592063,-0.7535655791335831,-1.3851206900938504,-0.6729699700445815,6.106199959205046,-1.6181971302426956,-1.9486528698239016,0.6974272323940963,2.440891933768935,1.2981509171596959,-0.18304972227786084,-0.1584541259634897,-0.2116171295247991,6.190741231466358,-1.1299797115957242,-1.6393149957144182,0.25154030059980953,-0.1663220501555487,-0.038464499020295584,-0.10365235069027816,-0.08277672493611615,9.29832028700508,0.4251744018555351,0.8978319663794329,0.7540485161255821,7.251089696988426,0.12237518649217066
54,3641.034505059522,0.0,0.0,0.0,0.0,0.0,0.0,0.0,0.0,0.0,-2.2873902097803924,1.2692083341374498,-0.4374140945846203,0.0,0.8577200378256966,5.26928893771853,-1.3861927967189842,-1.890003804668284,0.30121997976477827,-1.225552529587089,1.0958278310937934,-0.4522663932215442,-0.6036122034837728,0.4587231850007337,6.507389394176326,-1.5861219974433967,-2.1029982521511155,0.42503037398799837,-0.419518907891828,1.1728816032763596,-0.7475471757296575,-1.400682699234478,-0.6711363403300383,6.4386922137561005,-1.6201351286306966,-1.9279510237609467,0.6908555630691752,2.4598430726223692,1.2966073795306858,-0.1826585590931815,-0.16700462301262117,-0.21840813066089015,6.523310547943518,-1.1274392261331125,-1.6216165575543484,0.25228615203993787,-0.16805543113025123,-0.03900284234246629,-0.10057089650221139,-0.08751677419299576,12.369173388544935,0.47980224185998566,1.040824454800946,0.6672945543561485,8.848445687489486,-0.017545450744406388
55,3639.525238144718,0.0,0.0,0.0,0.0,0.0,0.0,0.0,0.0,0.0,-2.268559718927766,1.2485975034439822,-0.4309992577930014,0.0,0.8416998179180594,5.359538043243984,-1.367930634155244,-1.8578997717900236,0.2929633073437883,-1.2313212284627268,1.1042495614213537,-0.45142373697053934,-0.5982047374289802,0.4599879904651368,6.59505946721064,-1.606934561811566,-2.1319652067110932,0.4353638420446499,-0.44345435970081076,1.1824940354463036,-0.7350292675599932,-1.4165822341112981,-0.6480429857023873,6.518618354236018,-1.600330337988513,-1.9240621345834417,0.6807670536611209,2.475041682736397,1.308627836525345,-0.16486822535129808,-0.14851906273049498,-0.2105128729883209,6.612219628060277,-1.128027433396015,-1.6338538239570128,0.24670396031421932,-0.16736659368042164,-0.0389036211292124,-0.09715121469225729,-0.09154737153145441,14.263780313972307,0.51872915079868,1.1207012873291538,0.6273306836849413,9.083430134628497,-0.069241214942381
56,3638.1474293478527,0.0,0.0,0.0,0.0,0.0,0.0,0.0,0.0,0.0,-2.2301205866517066,1.2314145900217977,-0.41269192725994397,0.0,0.8161180607811409,5.453134942862519,-1.3422840638090252,-1.8277296502394207,0.23939811008980508,-1.2400084728644134,1.1263219106491775,-0.4416803287889564,-0.5517267289289558,0.45554500917268576,6.671197147497284,-1.6285014748073654,-2.162540239920144,0.44913421457764724,-0.43543286307722917,1.1911862056358624,-0.7543675374091502,-1.389126442058562,-0.600479411942336,6.563065378843293,-1.6184779838597667,-1.961756749500757,0.7073132982844682,2.520408043572178,1.312748733307437,-0.17001439289667764,-0.12722260922469392,-0.21056663846425236,6.683565826000965,-1.1431742039332924,-1.6722805239632978,0.24190289647201152,-0.16575696153988426,-0.038458840484351095,-0.0931135425532424,-0.09798724862862018,17.466660595878555,0.5709307589245609,1.269218464047678,0.5327272834326987,9.61543709398739,-0.154341507960231
57,3637.2919837486043,0.0,0.0,0.0,0.0,0.0,0.0,0.0,0.0,0.0,-2.216625039427093,1.226028067112725,-0.40643160589940225,0.0,0.8079004620202449,5.383055685103263,-1.3237552758673208,-1.8180974153057612,0.23481066969861036,-1.2503721698206536,1.12828077927762,-0.43297286903504556,-0.5456255564391336,0.4589063024097888,6.5954143067991815,-1.6216455586635177,-2.1642059567740732,0.44786409829370327,-0.44188118150032074,1.1842087937662427,-0.7529222590468386,-1.374204849613423,-0.5930947474972361,6.488370345025819,-1.60405072882751,-1.9311588622912885,0.701508239722866,2.529340534299097,1.322385533112913,-0.16227037652983053,-0.1277340512530147,-0.20893703198396568,6.600227352122153,-1.1491317105988323,-1.6873444989973747,0.23448963008901924,-0.16468233282963768,-0.03804565314462693,-0.09063602461723803,-0.10260302791302346,19.462675342934308,0.6025183548363569,1.3452194621854479,0.47712458662254537,9.349585588767956,-0.18931089254164304
58,3635.964810359009,0.0,0.0,0.0,0.0,0.0,0.0,0.0,0.0,0.0,-2.194579857107561,1.2164261351184125,-0.3924529091171149,0.0,0.7922090011651876,5.267616751201631,-1.297556513858998,-1.7938270717102216,0.22926597096357715,-1.2551781526943788,1.127859982412589,-0.4213508052948323,-0.5340659929915603,0.4562040280229308,6.464588823824661,-1.604717919075392,-2.152706782375375,0.4461645664387603,-0.4166740344814637,1.1792616147986472,-0.751656078000653,-1.3420930435026808,-0.5748070746381208,6.347660037417073,-1.5880920613497338,-1.9029220718362787,0.6957316069657663,2.560904737547085,1.328795346506485,-0.15848223891869662,-0.1300091313217049,-0.21457944094797188,6.461705107405338,-1.1600636975114438,-1.6994945243798039,0.22326997732781473,-0.16326379083990267,-0.03751354444411525,-0.08565019345401494,-0.11614243690813751,25.570438751556598,0.7007046583849469,1.595405493065163,0.32080532081617436,9.223178960456972,-0.3653174338893239
59,3633.6496190289604,0.0,0.0,0.0,0.0,0.0,0.0,0.0,0.0,0.0,-2.203747816478902,1.2162424077224794,-0.39135094939247267,0.0,0.7941140666256475,4.751491832410636,-1.3064873011547933,-1.7999448993665248,0.23724272582912997,-1.2433968949998713,1.1138159348533538,-0.4197283974121875,-0.5342555662104691,0.44759409150600843,5.941228937543175,-1.5826530795538165,-2.1197283331462597,0.4420176768791773,-0.3943213555997561,1.1777822516190242,-0.751991839226009,-1.3333868319989577,-0.5834886804410957,5.818667913354823,-1.5875195005705545,-1.9095490274552647,0.6869612105320105,2.5313159601220185,1.3163887457219496,-0.1607193757215517,-0.1346981971067145,-0.2121673795847344,5.939118242108658,-1.153805713338631,-1.6827842107429007,0.22903268953720285,-0.1617503028939972,-0.03715136933512928,-0.08656691084237123,-0.12159244275465866,27.054851435494392,0.7121421251694269,1.6299863480457206,0.2737378570132189,7.106264483523491,-0.3168376474760164
60,3633.366466050146,0.0,0.0,0.0,0.0,0.0,0.0,0.0,0.0,0.0,-2.210956924480801,1.2174127267623647,-0.39549914657656565,0.0,0.7984578126612063,4.535304468709719,-1.311307894577058,-1.807966792525987,0.24471122144714164,-1.2386866530397431,1.1049951162453324,-0.4211991923450749,-0.5419190870297911,0.44501550023649633,5.727566872981705,-1.5736900718430424,-2.1056037302563264,0.43697240669889487,-0.3993234000929942,1.1682983642503597,-0.7505250414208829,-1.330450723713374,-0.5876628828369423,5.610903388553121,-1.5857576048941688,-1.891922351854892,0.681630686820848,2.5138043640229593,1.307204529120043,-0.16143431503940708,-0.1408160036789394,-0.2115552252566199,5.726969519725039,-1.1461780329088425,-1.6711292018229114,0.23052608870964122,-0.16120657695605822,-0.03702272476161808,-0.08441336564736743,-0.12663427046120632,29.04590380581819,0.7457913424762612,1.6955929595692,0.24506308760245343,6.251953234690044,-0.3637040238647076
61,3632.9399410310016,0.0,0.0,0.0,0.0,0.0,0.0,0.0,0.0,0.0,-2.21577508263042,1.2192103661813294,-0.39910117148322827,0.0,0.8015693129847415,4.471708628146879,-1.3161553574696867,-1.8138924837272785,0.24733883313691243,-1.2372772757166568,1.1024586363317848,-0.42271625109798683,-0.545409386634873,0.4449190958977476,5.666960899211093,-1.5728687099979444,-2.1030363848188154,0.4351996312160448,-0.4043786325766445,1.1643803715919785,-0.7493897882964982,-1.3324600592094926,-0.5895289596329073,5.554066064190257,-1.5847857068900781,-1.8861296953496123,0.6806226564580574,2.5052470925823065,1.303895595241959,-0.16158465828547244,-0.1420773292281561,-0.2109946479780457,5.667864685246809,-1.142126490210684,-1.6661414354513153,0.23197281933468974,-0.1613969521601601,-0.03708806382691977,-0.08385827088501638,-0.127580529842069,29.38063992191647,0.7538042031542233,1.7040289474689734,0.24535290411034405,5.957827492001759,-0.36990495670904117
62,3632.85128390635,0.0,0.0,0.0,0.0,0.0,0.0,0.0,0.0,0.0,-2.2177179705727785,1.219918460127548,-0.40066721880153494,0.0,0.8025884267016214,4.43736446002335,-1.3187908208630938,-1.8161605666920944,0.24708588987547422,-1.2368558193538854,1.102205873241896,-0.4231119165282149,-0.5457167609790352,0.44489920076993067,5.633973922418811,-1.5734881826098723,-2.1030729997882767,0.4349887208775033,-0.40565032591206795,1.1636434029782192,-0.7488979601353379,-1.3343369003993508,-0.5886162934385734,5.5218135117510005,-1.5840817829885274,-1.886064923385482,0.6808705567386536,2.5015027738518434,1.3028853081266218,-0.1618902369949352,-0.14174469557129538,-0.21053964299088876,5.635859966540787,-1.1400726213479908,-1.6625948577537923,0.23190176080461805,-0.16160186482997274,-0.03715247533625553,-0.0837089454404249,-0.12830038504823507,29.64025440090186,0.7588353548210635,1.7133267805618417,0.2456271159904484,5.797186626740999,-0.3776199996567647
63,3632.7766488819834,0.0,0.0,0.0,0.0,0.0,0.0,0.0,0.0,0.0,-2.218751803487622,1.220447940316808,-0.4013259166314779,0.0,0.8032221211998835,4.432107748654659,-1.3198279261454047,-1.8174252760934577,0.24717633677969833,-1.2367319302488073,1.1021410100704365,-0.42339502243318194,-0.5461219178177471,0.4449261861569882,5.629335060394669,-1.573824547782815,-2.103333915212882,0.43487294955130734,-0.405929732981956,1.1632174427238189,-0.7489129521117301,-1.3348099535739824,-0.5889492804035777,5.517422540395195,-1.5841096205338696,-1.885685143226297,0.6809384508193261,2.5002137436854905,1.30226919598053,-0.16219033512522926,-0.1417339698796319,-0.2104366736635738,5.631355144834406,-1.1392390078160741,-1.6613221848716475,0.23223998539013163,-0.16167625542338754,-0.0371760463524664,-0.08365172460235844,-0.12843855681460428,29.693318101097134,0.7604213421403395,1.715072613311682,0.2438104504964118,5.773042222331618,-0.37753209352383654
64,3632.7281405749604,0.0,0.0,0.0,0.0,0.0,0.0,0.0,0.0,0.0,-2.2230740066992594,1.222452429708338,-0.4043647478066924,0.0,0.8061189655950394,4.421662927698367,-1.325105509771561,-1.8226946606952272,0.2465308953806348,-1.2361933119555428,1.102271556402676,-0.4248775597275581,-0.547556968095184,0.44527987068233155,5.622412799237638,-1.5765055712022957,-2.1053688099571097,0.43474250122564545,-0.40919425235099627,1.1623444428403487,-0.7491606691820184,-1.3390390638367355,-0.5883137744334612,5.511778358617053,-1.5861113284811006,-1.8868328528759764,0.6821206720247235,2.495358625134926,1.2992089938031766,-0.16239450243219106,-0.14134960957209844,-0.2104132171633303,5.625994124262866,-1.136799580808445,-1.6590339963023872,0.23382657096473747,-0.16206184148794386,-0.037302381868651716,-0.0835416024148162,-0.1286954685076669,29.797530263944186,0.7638315995658436,1.7200212188809725,0.25028151964595186,5.734088154362987,-0.38731231789935083
65,3632.689133528984,0.0,0.0,0.0,0.0,0.0,0.0,0.0,0.0,0.0,-2.224241269700991,1.2231261194700631,-0.40518815895713733,0.0,0.8068361015162775,4.415248863287294,-1.326727964741939,-1.824243975518443,0.24656745668372979,-1.235928832513087,1.1023547751605627,-0.4252847047159851,-0.5478603550359501,0.44532066163577,5.616751433328988,-1.5771337261482417,-2.1057467237793106,0.43474649684123146,-0.4099357439504487,1.1623702603584651,-0.7492367495802698,-1.3403511941052897,-0.5876591914523958,5.506421379838983,-1.586709603163356,-1.8876256055642646,0.6824113451930558,2.494245142608817,1.2987954277113594,-0.16244213493047097,-0.14107164932005126,-0.2104792518263224,5.6206616727404475,-1.136304259637459,-1.6583930735684274,0.23448596244659453,-0.16219531686681646,-0.037343489941735725,-0.08353308585687771,-0.12883010886135685,29.846210550844493,0.7649020943840431,1.7225408896957615,0.24969124724009747,5.711052841862908,-0.38817131557878165
66,3632.684159327269,0.0,0.0,0.0,0.0,0.0,0.0,0.0,0.0,0.0,-2.2243953242266974,1.223199586818982,-0.40530384027453026,0.0,0.8069335656559692,4.414024502511362,-1.3269440898080993,-1.8244540522898474,0.24658341821207205,-1.2359060668641557,1.1023590594250947,-0.4253352948932932,-0.547902516296516,0.44532410275922857,5.615612885629031,-1.5772166167502617,-2.1057971401506514,0.43474946946254617,-0.40999372557261565,1.1623551191554238,-0.7492261543824075,-1.3404476869948412,-0.5876383914972622,5.505313174726025,-1.5867358326739438,-1.88765640819121,0.6824200232421234,2.4941059455038324,1.2987434034639627,-0.16245325539562977,-0.1410399670294156,-0.21048149619120268,5.619561260503619,-1.1362297299760646,-1.6583077525147045,0.23453783678210716,-0.16220976709366122,-0.03734791998285897,-0.08352897702660897,-0.12885242948924008,29.854110871459795,0.7651142283739019,1.7228821286388454,0.24970465444039566,5.705854796174925,-0.38835752213662766
67,3632.6470965315584,0.0,0.0,0.0,0.0,0.0,0.0,0.0,0.0,0.0,-2.2256350341284623,1.2238082463521882,-0.4061813790076663,0.0,0.807709722712111,4.405336096435354,-1.328525041795152,-1.826097137669594,0.24669390845546096,-1.2357562363309431,1.1023960757131785,-0.42570353083034634,-0.5482531145119396,0.44535972969740645,5.607634960154641,-1.5778127541424554,-2.1062188553091086,0.434728000781926,-0.41037989630847205,1.1621109656554927,-0.7491339857323299,-1.341095982464751,-0.5875684461081111,5.497598365154571,-1.5867989503013618,-1.8876103489733231,0.6824841716445834,2.492936550262293,1.2983337518946203,-0.16257546525000144,-0.14081560434840806,-0.21045363959626343,5.611911126162577,-1.1355121672440118,-1.657442089307567,0.2348791347119115,-0.16232298450089042,-0.03738264079781023,-0.08349044931126118,-0.12901385381642397,29.911383253077634,0.7669714234219258,1.7253978241141932,0.24943564259076406,5.66775485625831,-0.38931692168563325
68,3632.646907581919,0.0,0.0,0.0,0.0,0.0,0.0,0.0,0.0,0.0,-2.2256419116421458,1.2238118478727285,-0.40618621163335156,0.0,0.8077141862399139,4.4052994336173885,-1.3285334223323424,-1.8261062556651955,0.2466940720552872,-1.2357555543053405,1.1023966289338951,-0.42570554473187483,-0.548254976860915,0.4453599998731442,5.607602278395908,-1.5778163468432986,-2.1062215363264336,0.4347278053359338,-0.41038205795873645,1.1621098550965272,-0.7491338280424182,-1.3410997234786857,-0.5875696616122813,5.4975672407936935,-1.586800025891212,-1.8876107727259535,0.6824850250153358,2.492929347274143,1.2983317993151104,-0.16257627466645544,-0.14081408007818585,-0.21045330175491278,5.611880041514248,-1.135508009068857,-1.6574363329932522,0.2348811199541821,-0.16232361075172588,-0.03738283292265289,-0.08349027353333012,-0.12901448987439343,29.91161113059443,0.7669807799448067,1.7254076303703265,0.2494321571520923,5.667607549199161,-0.3893184484323533
69,3632.6465410942087,0.0,0.0,0.0,0.0,0.0,0.0,0.0,0.0,0.0,-2.225654087934985,1.2238179943518086,-0.40619489570942197,0.0,0.8077218748432873,4.405221080442819,-1.3285492934755416,-1.826122172632453,0.24669489371100645,-1.2357541227325581,1.1023975579614806,-0.42570945436911867,-0.5482581523457272,0.44536046815923286,5.6075311678225175,-1.5778228819119022,-2.1062263131210974,0.43472780126817645,-0.4103849302317459,1.1621082123196917,-0.749132857932389,-1.341106335893592,-0.5875695103802796,5.4974983292189465,-1.586800527432975,-1.8876113610232477,0.6824860165319062,2.492918019299696,1.298328675883538,-0.16257748975653538,-0.14081119117381508,-0.2104529902020354,5.6118116967397915,-1.1355007148172083,-1.6574286780178162,0.23488515106590627,-0.16232481910839605,-0.037383201124437736,-0.0834899959983851,-0.12901584482571785,29.912076033639515,0.7670008772281433,1.7254291016631316,0.24942716862740946,5.667282559735788,-0.38932331229192746
70,3632.646079430201,0.0,0.0,0.0,0.0,0.0,0.0,0.0,0.0,0.0,-2.225669031947126,1.223825297671062,-0.4062054233830083,0.0,0.8077313596487629,4.405123235187802,-1.3285684242314963,-1.8261416988846217,0.2466959406571474,-1.2357524645910507,1.1023986125068932,-0.42571414548381853,-0.5482620159707355,0.44536092024178053,5.607441989143508,-1.5778309146225211,-2.1062321595640934,0.43472779970389375,-0.410387913197453,1.1621059229518327,-0.7491316354066362,-1.3411135532765615,-0.5875703391402739,5.497411812926702,-1.5868009868099906,-1.8876114301234113,0.6824871027989664,2.4929041641500382,1.2983245802819852,-0.1625793512868053,-0.14080795706512433,-0.2104525947420244,5.611726088719445,-1.1354918561997938,-1.6574183701571057,0.23488977960993337,-0.16232624700865747,-0.03738363643519589,-0.08348959681228416,-0.1290174692517327,29.912620804335916,0.7670279040820361,1.7254545490660633,0.2494230653154932,5.666863397461533,-0.3893298508450936
71,3632.6460092286047,0.0,0.0,0.0,0.0,0.0,0.0,0.0,0.0,0.0,-2.2256712289903904,1.2238263726370688,-0.4062069751240748,0.0,0.8077327515537602,4.405108453748761,-1.3285712357220918,-1.8261445710108135,0.24669607271710317,-1.235752216201852,1.1023987645693996,-0.4257148318064941,-0.5482625768856014,0.44536098991185685,5.607428486107713,-1.577832085045265,-2.1062329959932313,0.43472778771521753,-0.4103883370914907,1.1621055835399274,-0.7491314595178281,-1.3411146508021912,-0.5875704701618456,5.49739870392561,-1.5868010654518192,-1.887611439281782,0.6824872655587064,2.492902066189784,1.29832397908069,-0.16257961087333786,-0.14080746593422558,-0.21045253684841028,5.611713134415348,-1.135490532675634,-1.6574168754802256,0.23489045769540723,-0.16232645976719576,-0.037383701249327085,-0.08348953492796012,-0.12901771203921505,29.91270091282037,0.7670322236809746,1.725458419307378,0.2494224135173743,5.66679848709353,-0.38933074364249604
72,3632.6459444061848,0.0,0.0,0.0,0.0,0.0,0.0,0.0,0.0,0.0,-2.225673211422264,1.2238273415771777,-0.40620837509716295,0.0,0.8077340076586513,4.405095132579185,-1.3285737655233827,-1.8261471611909228,0.24669620000288453,-1.2357519940482873,1.1023988989041706,-0.4257154498170086,-0.5482630873975648,0.44536105343843835,5.607416315289731,-1.5778331390257505,-2.1062337516470024,0.43472777727194767,-0.41038869377942433,1.1621052703783785,-0.7491312949211326,-1.3411156229772716,-0.5875706629898539,5.497386890699872,-1.5868011354947353,-1.88761142938622,0.6824874076738165,2.4929001435509672,1.2983234398466188,-0.16257985600634225,-0.14080702924681135,-0.21045248463814697,5.611701467655418,-1.135489330610745,-1.6574154880477525,0.23489107169592163,-0.1623266499916133,-0.03738375924473285,-0.08348947533506941,-0.1290179262388923,29.912770249399056,0.7670363872873377,1.725461881524949,0.24942190353539456,5.666738352226088,-0.3893314982763525
73,3632.6458457757526,0.0,0.0,0.0,0.0,0.0,0.0,0.0,0.0,0.0,-2.2256761568364176,1.2238287845730367,-0.40621045579387255,0.0,0.8077358740123762,4.405075314905905,-1.3285775253877954,-1.826151010711748,0.2466963805538441,-1.235751661758061,1.102399097913039,-0.4257163685714917,-0.5482638447611851,0.44536115027805107,5.6073982111640674,-1.577834700891561,-2.1062348681751932,0.43472775881528336,-0.41038919040475197,1.1621048022105012,-0.749131049861266,-1.3411170746226657,-0.5875710173864929,5.497369316850394,-1.5868012529720696,-1.8876114141347955,0.6824876201276836,2.4928972409080803,1.2983226408019601,-0.1625802193879687,-0.14080637215422528,-0.21045240978648247,5.611684125464282,-1.1354875321207578,-1.6574134267088132,0.23489199511008108,-0.16232693283291405,-0.03738384551361438,-0.0834893828259627,-0.12901824053930736,29.912870250606268,0.767042970972622,1.7254670724379702,0.24942116171125162,5.666646732090117,-0.3893325162808422
74,3632.6458355629466,0.0,0.0,0.0,0.0,0.0,0.0,0.0,0.0,0.0,-2.2256764556788546,1.2238289312654922,-0.40621066675951606,0.0,0.8077360634795713,4.405073315515892,-1.328577906602253,-1.8261514012550508,0.24669639903336954,-1.2357516281486798,1.1023991181629242,-0.4257164618336226,-0.5482639218375391,0.44536116031077505,5.607396385675945,-1.5778348592382014,-2.106234981597155,0.4347277570415434,-0.41038923701916785,1.1621047544392573,-0.7491310246188264,-1.3411172208633984,-0.5875710618000457,5.497367545018264,-1.5868012657961508,-1.8876114118812168,0.682487641535952,2.4928969431078793,1.2983225602293869,-0.1625802569522202,-0.140806305505312,-0.21045240245918842,5.6116823780921425,-1.135487348981197,-1.6574132156400883,0.23489208975826123,-0.16232696139981417,-0.037383854232259324,-0.08348937303066203,-0.12901827169825839,29.912879979469857,0.7670436767182786,1.7254675989451687,0.24942109314647054,5.666637272939149,-0.3893326102461581
75,3632.6458297955696,0.0,0.0,0.0,0.0,0.0,0.0,0.0,0.0,0.0,-2.2256766210986942,1.2238290126715052,-0.40621078346911127,0.0,0.8077361684194988,4.405072214129598,-1.3285781176145097,-1.8261516174851107,0.2466964090501389,-1.2357516095383188,1.102399129456881,-0.4257165135048802,-0.5482639645148031,0.4453611659895387,5.607395380672348,-1.5778349468141992,-2.1062350443508895,0.4347277560611892,-0.41038926078051086,1.1621047279677086,-0.7491310105592088,-1.3411173016680153,-0.5875710903968201,5.497366569568884,-1.5868012736274764,-1.887611410611666,0.6824876534169424,2.4928967765784598,1.298322515827629,-0.16258027789963783,-0.14080626841765173,-0.21045239862538084,5.611681416757455,-1.1354872472997513,-1.6574130985612987,0.23489214273165157,-0.16232697717787434,-0.03738385905019478,-0.08348936740757969,-0.12901828858078437,29.9128851524473,0.7670440880686297,1.7254678917421498,0.24942105758633265,5.666631954046069,-0.3893326569100265
76,3632.6458235619284,0.0,0.0,0.0,0.0,0.0,0.0,0.0,0.0,0.0,-2.2256767965840196,1.2238290992375878,-0.40621090718063607,0.0,0.8077362798227999,4.405071052986993,-1.3285783414084145,-1.8261518469119289,0.24669641960392635,-1.2357515898352969,1.1023991415447527,-0.4257165683650429,-0.5482640098487301,0.44536117213794635,5.607394321835944,-1.5778350396796026,-2.106235110990539,0.43472775507770184,-0.4103892837964672,1.1621046998736033,-0.7491309955085294,-1.3411173869967423,-0.5875711250856595,5.49736554192651,-1.586801282644854,-1.887611409160134,0.6824876660122046,2.492896598439515,1.2983224689694592,-0.16258030038592589,-0.1408062290050267,-0.21045239480392244,5.6116804046055595,-1.135487139229847,-1.6574129738565426,0.23489219948477255,-0.16232699385801636,-0.03738386414639932,-0.0834893612322485,-0.12901830605276807,29.912890400147397,0.767044545742536,1.725468203325524,0.24942102312396408,5.666626239499596,-0.3893327010420471
77,3632.645816730059,0.0,0.0,0.0,0.0,0.0,0.0,0.0,0.0,0.0,-2.2256769854510887,1.2238291926329383,-0.40621104022659477,0.0,0.8077363998025293,4.405069810395268,-1.328578582249282,-1.8261520938986966,0.2466964308067795,-1.2357515686524543,1.1023991546785792,-0.4257166274599675,-0.5482640586680619,0.4453611788869718,5.607393189433247,-1.5778351395777415,-2.106235182744423,0.4347277540645375,-0.4103893062537941,1.16210466966324,-0.7491309791958225,-1.341117478534392,-0.5875711668161455,5.497364442912454,-1.5868012931659252,-1.8876114075917454,0.6824876795883306,2.4928964052679867,1.298322418770531,-0.16258032479988574,-0.1408061864666879,-0.2104523909818076,5.611679322804605,-1.1354870227467293,-1.6574128393522989,0.23489226115221193,-0.16232701175814443,-0.03738386961819072,-0.08348935436984153,-0.12901832439356054,29.91289579598463,0.7670450609208024,1.7254685403626207,0.24942098916505384,5.666620019646696,-0.38933274282275665
78,3632.64581600654,0.0,0.0,0.0,0.0,0.0,0.0,0.0,0.0,0.0,-2.2256770051069656,1.2238292023754498,-0.4062110540624642,0.0,0.8077364122973929,4.405069681805968,-1.328578607311415,-1.8261521196096913,0.24669643196127056,-1.2357515664511998,1.102399156058206,-0.425716633615057,-0.5482640637526127,0.4453611796023463,5.607393072317491,-1.577835149969881,-2.106235190216892,0.43472775396524693,-0.4103893083533349,1.1621046665226562,-0.749130977484691,-1.3411174880242491,-0.5875711716084783,5.497364329252838,-1.5868012943422696,-1.8876114074260426,0.6824876810021215,2.4928963850309733,1.2983224135705618,-0.16258032736471897,-0.1408061820314146,-0.21045239061466336,5.611679210987486,-1.1354870106115669,-1.657412825319508,0.23489226762714138,-0.16232701361510726,-0.037383870186138195,-0.08348935363350658,-0.12901832625254459,29.912896331084514,0.7670451168452012,1.7254685756294423,0.2494209859735324,5.6666193660738156,-0.38933274659519507
79,3632.645815203533,0.0,0.0,0.0,0.0,0.0,0.0,0.0,0.0,0.0,-2.225677026555501,1.2238292130304802,-0.4062110691494709,0.0,0.8077364259402218,4.405069542211906,-1.3285786346580633,-1.8261521476732159,0.24669643320714987,-1.2357515640518968,1.10239915757713,-0.42571664033669715,-0.5482640693036126,0.44536118039656186,5.607392945249679,-1.5778351613041623,-2.106235198373835,0.43472775386314133,-0.4103893103903823,1.1621046631006022,-0.7491309756032514,-1.3411174983436587,-0.5875711773092206,5.497364205936198,-1.5868012957141386,-1.8876114072456078,0.6824876825465062,2.4928963628156446,1.2983224079212712,-0.16258033018684576,-0.14080617718183147,-0.2104523902480895,5.611679089733995,-1.1354869973590789,-1.657412809977909,0.2348922747522496,-0.16232701563525392,-0.03738387080432144,-0.0834893528063572,-0.12901832822681986,29.91289688649327,0.7670451803544112,1.7254686143682512,0.24942098285132702,5.66661864682056,-0.38933275009597346
80,3632.6458143671434,0.0,0.0,0.0,0.0,0.0,0.0,0.0,0.0,0.0,-2.2256770485311765,1.2238292239707986,-0.40621108459680905,0.0,0.8077364399263681,4.405069399871949,-1.3285786626759557,-1.8261521764341258,0.24669643447135506,-1.2357515615963208,1.1023991591464348,-0.4257166472284836,-0.5482640749936399,0.4453611812235202,5.607392815749017,-1.5778351729108515,-2.106235206733498,0.4347277537652522,-0.4103893122223638,1.162104659599732,-0.7491309736601034,-1.341117508879012,-0.587571183619598,5.497364080258957,-1.5868012972070924,-1.8876114070606924,0.6824876841300718,2.4928963399312574,1.298322402157987,-0.16258033310194248,-0.14080617220450703,-0.21045238990725929,5.611678966220537,-1.1354869837730768,-1.6574127942300634,0.23489228211037785,-0.16232701769861288,-0.037383871436065245,-0.08348935193494718,-0.12901833019354786,29.912897426531856,0.7670452479323099,1.7254686543558322,0.249420980022795,5.6666179044312335,-0.3893327530675292
81,3632.645813354387,0.0,0.0,0.0,0.0,0.0,0.0,0.0,0.0,0.0,-2.2256770747179258,1.2238292370342936,-0.40621110299267615,0.0,0.8077364566013614,4.405069230990551,-1.3285786960629535,-1.826152210715531,0.2466964359634742,-1.2357515586727768,1.1023991610310702,-0.42571665544645326,-0.5482640817762294,0.445361182223953,5.607392662172757,-1.5778351867335416,-2.1062352166957514,0.43472775365641597,-0.41038931410788104,1.16210465543459,-0.7491309713257825,-1.3411175213902589,-0.5875711916801445,5.497363931215774,-1.5868012990876512,-1.887611406841172,0.6824876860185888,2.4928963125274812,1.2983223953186354,-0.16258033660202667,-0.1408061662632858,-0.2104523895423415,5.611678819811547,-1.1354869675768542,-1.6574127754340897,0.23489229094439604,-0.1623270201498231,-0.037383872186960494,-0.08348935086841035,-0.1290183324703259,29.912898035879667,0.767045331408727,1.7254687024107338,0.24942097708576294,5.666617014041199,-0.38933275589065613
82,3632.645812226084,0.0,0.0,0.0,0.0,0.0,0.0,0.0,0.0,0.0,-2.225677103440702,1.2238292513908977,-0.4062111231582644,0.0,0.8077364749000178,4.4050690464805236,-1.3285787326842982,-1.8261522483268124,0.24669643758572646,-1.2357515554685254,1.1023991631131778,-0.42571666446595535,-0.5482640892175681,0.4453611833369113,5.607392494455117,-1.5778352018852708,-2.1062352276219523,0.4347277535456351,-0.4103893158565793,1.1621046508732624,-0.749130968743983,-1.3411175350665652,-0.5875712010964348,5.497363768445922,-1.5868013012581694,-1.8876114066010838,0.6824876880913242,2.492896282335419,1.2983223878469496,-0.16258034046895806,-0.14080615973636093,-0.21045238918677237,5.611678659988107,-1.1354869498071534,-1.6574127547863244,0.23489230070280626,-0.16232702283015835,-0.03738387300848844,-0.08348934966803814,-0.12901833489416303,29.91289866714933,0.7670454261610008,1.725468755615245,0.2494209743359461,5.666616031910304,-0.38933275821671953
83,3632.6458121065407,0.0,0.0,0.0,0.0,0.0,0.0,0.0,0.0,0.0,-2.2256771064379066,1.2238292528917938,-0.4062111252613935,0.0,0.807736476810306,4.4050690272946245,-1.3285787365059185,-1.8261522522525526,0.24669643775358807,-1.2357515551343616,1.1023991633318981,-0.4257166654076883,-0.5482640899941954,0.44536118345459996,5.607392477021942,-1.5778352034652663,-2.1062352287618262,0.434727753534959,-0.41038931600644046,1.1621046503980361,-0.7491309684722829,-1.3411175364889492,-0.5875712021370921,5.497363751526601,-1.586801301495589,-1.8876114065761156,0.6824876883077353,2.49289627917205,1.2983223870703,-0.16258034087524037,-0.14080615905423205,-0.21045238915427225,5.611678643381831,-1.1354869479525904,-1.6574127526287368,0.23489230172795988,-0.16232702310899566,-0.037383873093999036,-0.08348934953962397,-0.12901833513943106,29.91289872919957,0.7670454363771808,1.7254687612245168,0.2494209740975808,5.666615928923525,-0.3893327583806477
std.err,,,,,,,,,,,0.12678570104255416,0.17297686443724228,0.15351440640191877,,0.1318716653226208,0.5770306137412209,0.1591809894405189,0.26162490831388935,0.18870279018032052,0.14373994297550932,0.14840454598556246,0.12024802078135872,0.15652619973954207,0.10095159740664289,0.5595598514510094,0.1259429919231454,0.21148115378638008,0.14011307104122867,0.18646145998017055,0.19074749258468016,0.19327261998443396,0.29302889027705764,0.2518294089795666,0.5721033300230404,0.22327489352583876,0.3457595249873095,0.2335545935568543,0.18416827720971624,0.1918017933738134,0.1604063103534462,0.19685625872398232,0.1317267622989164,0.5723242501099036,0.16729056500363376,0.25449443885014034,0.227118708790712,0.012321377205234997,0.003441845258143952,0.008597687073387731,0.017142401291781486,13.810600422029836,0.30363189984235966,0.9304712187417266,0.17852654290468345,2.7239435094848927,0.18904355599076128
t.test,,,,,,,,,,,-17.554638166104265,7.075103695938546,-2.646078207135069,,6.1251708229679105,7.634030019194357,-8.34634048434765,-6.980039721835631,1.3073279813078016,-8.597134029369354,7.428338235940192,-3.540321600650282,-3.5026985316611596,4.411630869600227,10.021077213601485,-12.528169923326212,-9.95944646154788,3.1026923491459204,-2.200933726734113,6.092371829643492,-3.876032562359932,-4.576741683118439,-2.3332112183321985,9.609039946167076,-7.10694013302465,-5.459318601983263,2.9221762582956736,13.535970021228668,6.76908366826334,-1.0135532730414645,-0.7152739768952955,-1.5976433754342982,9.805068791518476,-6.787513377863995,-6.512569626736356,1.03422700392512,-13.174422015099708,-10.861578685312146,-9.71067553715081,-7.5262696831911065,2.1659375997501398,2.526234683428906,1.854403152370326,1.3971086318001933,2.0802986219031765,-2.059487065508198
p.val,,,,,,,,,,,0.0,1.4934720127257606E-12,0.008143098756261402,,9.058636063485892E-10,2.2648549702353193E-14,0.0,2.950972799453666E-12,0.19110134500050058,0.0,1.099120794378905E-13,3.9963971966661127E-4,4.605704124087673E-4,1.0259491335373738E-5,0.0,0.0,0.0,0.0019176888177967477,0.027740715881007016,1.1124989818256381E-9,1.0617348174890573E-4,4.722740291729366E-6,0.019637062341780753,0.0,1.1863843241144423E-12,4.779653894892988E-8,0.003475947716278016,0.0,1.2960077455659302E-11,0.3107959638061528,0.4744397653414909,0.11012236731151637,0.0,1.1408207711838259E-11,7.387601641539732E-11,0.3010300527774783,0.0,0.0,0.0,5.218048215738236E-14,0.03031595560895073,0.01152924357031826,0.06368150415605545,0.16238090650233317,0.037498151131265756,0.039447602833907025
