Iteration,LL,asc_carD,b_carD_age_gr_under25,b_carD_age_gr_40_54,b_carD_age_gr_55up,b_carD_female,b_carD_hhcars_0,b_carD_hhcars_2,b_carD_hhcars_3,b_carD_hhcars_23,asc_carP,b_carP_age_gr_under25,b_carP_age_gr_40_54,b_carP_age_gr_55up,b_carP_female,b_carP_hhcars_0,b_carP_hhcars_2,b_carP_hhcars_3,b_carP_hhcars_23,asc_pt,b_pt_age_gr_under25,b_pt_age_gr_40_54,b_pt_age_gr_55up,b_pt_female,b_pt_hhcars_0,b_pt_hhcars_2,b_pt_hhcars_3,b_pt_hhcars_23,asc_bike,b_bike_age_gr_under25,b_bike_age_gr_40_54,b_bike_age_gr_55up,b_bike_female,b_bike_hhcars_0,b_bike_hhcars_2,b_bike_hhcars_3,b_bike_hhcars_23,asc_walk,b_walk_age_gr_under25,b_walk_age_gr_40_54,b_walk_age_gr_55up,b_walk_female,b_walk_hhcars_0,b_walk_hhcars_2,b_walk_hhcars_3,b_walk_hhcars_23,b_car_time,b_pt_time,b_bike_cost,b_walk_cost,g_bike_stressLink,g_walk_speed
0,14790.786546584945,0.0,0.0,0.0,0.0,0.0,0.0,0.0,0.0,0.0,0.0,0.0,0.0,0.0,0.0,0.0,0.0,0.0,0.0,0.0,0.0,0.0,0.0,0.0,0.0,0.0,0.0,0.0,0.0,0.0,0.0,0.0,0.0,0.0,0.0,0.0,0.0,0.0,0.0,0.0,0.0,0.0,0.0,0.0,0.0,0.0,0.0,0.0,-0.1,-0.1,0.0,0.0
1,14365.682108046441,0.0,0.0,0.0,0.0,0.0,0.0,0.0,0.0,0.0,-5.010805252338111E-7,-1.7280688185554423E-8,-2.2967443730807286E-7,-8.453559027143402E-8,-2.5433085449046315E-7,-6.497207132286867E-8,-1.51689136809589E-7,-5.579933886141287E-8,0.0,-4.0878111268091295E-7,-2.1025961817833743E-8,-1.8513637271141558E-7,-7.10867317088528E-8,-2.1464267794919573E-7,-4.766824004474156E-8,-1.3231779732770904E-7,-5.433990964184297E-8,0.0,-1.6949788134340539E-7,0.0,-7.017996804038837E-8,-3.109074339393003E-8,-8.962174730331812E-8,-2.1718057005022586E-8,-4.916097146818943E-8,-1.93513561088104E-8,0.0,5.579169711067945E-7,2.4929439191320836E-8,2.2290137052776533E-7,8.670614670775661E-8,2.69963222241265E-7,0.0,0.0,0.0,1.9368490475234178E-7,1.2468735961343547E-4,-8.871700404446259E-4,-0.1000005459782657,-0.09999547255320672,4.380710503864241E-8,-2.3897788908159416E-7
2,13927.456895038606,0.0,0.0,0.0,0.0,0.0,0.0,0.0,0.0,0.0,-2.8033483018124298E-5,-1.1593655782845575E-6,-1.2785028037830633E-5,-4.653124380102676E-6,-1.4362957374932199E-5,-3.6605123253507657E-6,-8.55467318497836E-6,-3.1346112818088785E-6,0.0,-5.393657938320274E-6,-1.217350767846163E-7,-2.52349555280228E-6,-1.1427451796364404E-6,-2.7892050583791407E-6,-4.0695989588980523E-7,-1.8981934198957016E-6,-9.689174201227366E-7,0.0,-8.374877933430449E-6,0.0,-3.4786203044664043E-6,-1.5274430417238171E-6,-4.410316532929302E-6,-1.088141935349261E-6,-2.42811547066212E-6,-9.513660056942808E-7,0.0,2.4467105936181297E-5,1.089897344419232E-6,9.774399010454116E-6,3.796461686700116E-6,1.1835719162894481E-5,0.0,0.0,0.0,8.488015956592278E-6,-0.0020600434335515967,-0.0013233465852061318,-0.10003158681041124,-0.09980206934452697,2.560570251142302E-6,-1.0433105034331869E-5
3,13542.518627366895,0.0,0.0,0.0,0.0,0.0,0.0,0.0,0.0,0.0,-0.0018203256732261261,-7.04747532670262E-5,-8.334292341188213E-4,-3.0415200690184116E-4,-9.2885685599487E-4,-2.3511709585176648E-4,-5.552402724078238E-4,-2.0480610684363217E-4,0.0,-2.660448667126565E-4,-2.59311249159473E-6,-1.281365560482068E-4,-6.0053802447935434E-5,-1.4099957840171825E-4,-1.246795385539968E-5,-1.0299136441669498E-4,-5.551868897007436E-5,0.0,-9.998845656262253E-4,0.0,-4.2730713142961435E-4,-1.7324679047231578E-4,-5.267254117534212E-4,-1.345019510899562E-4,-2.950833066532526E-4,-1.1144711948633531E-4,0.0,0.001675752430082655,7.39847120386731E-5,6.693316568328023E-4,2.5881847481278454E-4,8.099445409979605E-4,0.0,0.0,0.0,5.796986739182334E-4,-0.0023374794668477635,-0.0013798110822252324,-0.10872993701141642,-0.08676570503717979,7.356908603976297E-4,-6.902788237736789E-4
4,11638.201311074865,0.0,0.0,0.0,0.0,0.0,0.0,0.0,0.0,0.0,-0.7368874761414856,-0.027976785448649566,-0.3418487530675892,-0.12217447472658327,-0.37613530023925706,-0.09256756760634009,-0.2268521168375495,-0.08446076616557417,0.0,-0.06077236143181036,0.0012146428130262181,-0.031759760053616005,-0.015831695784888876,-0.03606324808372512,0.0024884424830675642,-0.03164808365480107,-0.017918004549497744,0.0,-0.23363000936131764,0.0,-0.09697847366135769,-0.042090967626812234,-0.1223472123483062,-0.03089702151016888,-0.06747401628256149,-0.02524060966988158,0.0,0.3877373783976396,0.01291775631960217,0.1502460611782522,0.05167660745501947,0.18163620318650645,0.0,0.0,0.0,0.12060470600324737,-0.015059130326872953,-0.0041448812934436075,-0.40241015887993464,-0.1918496811133405,0.3133298078150312,0.764116416770049
5,10310.144793239744,0.0,0.0,0.0,0.0,0.0,0.0,0.0,0.0,0.0,-0.8988585528992508,-0.03404636359849801,-0.4166563411321794,-0.1491475566659516,-0.4580572467701632,-0.1128679612350095,-0.2764824387716974,-0.10306111244691189,0.0,-0.07381524299817478,0.0015009708188028752,-0.038528082542438405,-0.01933557058168225,-0.043891416624746646,0.0031695473342324447,-0.03873287584814422,-0.021858436367549045,0.0,-0.28095707082283056,0.0,-0.11634261080995283,-0.050743120997185684,-0.14698838525649122,-0.03712110392753166,-0.08101634916528308,-0.030335154331012876,0.0,0.4752727014108575,0.015817946227297583,0.1839770339885958,0.06335988490532582,0.22232315605712852,0.0,0.0,0.0,0.14769411560365314,-0.013906894440612983,-0.00394243412509979,-0.3755955423657109,-0.1593452401249616,0.3773811770470006,0.9329334774307917
6,9142.452066585696,0.0,0.0,0.0,0.0,0.0,0.0,0.0,0.0,0.0,-0.9953790825096898,-0.036154434513567396,-0.4611585399904005,-0.1658076666647257,-0.5039576329814672,-0.12426483344147181,-0.30583261338515805,-0.11421873091640791,0.0,-0.08754783880278649,0.0017316364503338036,-0.045511883987024264,-0.02289278947349562,-0.05134589889137683,0.003560488137262708,-0.045768142192184176,-0.025810057678128266,0.0,-0.31705803687629003,0.0,-0.13064474846716176,-0.057594500196447844,-0.1651452625042812,-0.04165105564743893,-0.09129187813154874,-0.03437199522338412,0.0,0.5287023669756988,0.01687326833189284,0.20232706993245317,0.069572410175794,0.24296041448236874,0.0,0.0,0.0,0.16103090248140783,-0.013281744952017007,-0.003830169614484217,-0.36132947587121844,-0.1171214926373558,0.4282140945831179,1.1687050821682694
7,8196.499207564659,0.0,0.0,0.0,0.0,0.0,0.0,0.0,0.0,0.0,-1.2186636082094409,-0.0367081165747135,-0.5608043694222921,-0.20672191475952495,-0.6015406571656636,-0.1516548233972915,-0.3703360824758668,-0.13847827888989594,0.0,-0.1401876969920796,0.0019234906786242934,-0.06725135122829372,-0.039643871322282385,-0.07034921831206431,0.004129612402534697,-0.06888878901028574,-0.04017170821777715,0.0,-0.2986783503762299,0.0,-0.12077593894060297,-0.05763225626813838,-0.15478128823264653,-0.03470838879980741,-0.08723853491373304,-0.035525969901293836,0.0,0.5187663321026078,0.011095665568441816,0.1765099084682884,0.06220739430839961,0.191483897607574,0.0,0.0,0.0,0.12602872864717962,-0.011829572221651407,-0.003560133163700105,-0.3690410198174095,-0.07429036849774887,0.10083991527719455,1.428704356180061
8,7953.345089215781,0.0,0.0,0.0,0.0,0.0,0.0,0.0,0.0,0.0,-1.211004417928959,-0.019456232322599614,-0.5485734826727848,-0.21380523140204322,-0.5594081738533911,-0.14612869565303366,-0.35979651840398463,-0.13689525514341994,0.0,-0.22424430768166326,0.0010820872122429821,-0.10203199160010548,-0.06272083426150432,-0.10550932860218216,0.0019219274829519449,-0.10420525021717209,-0.0600023891850402,0.0,-0.3794842175647654,0.0,-0.1473616924846523,-0.0765209775265109,-0.1902436251789152,-0.04252854102002393,-0.10855212118967453,-0.046894191888106604,0.0,0.688259178947841,0.013358106774812048,0.2157457472543466,0.0832158031083769,0.2244337444152269,0.0,0.0,0.0,0.15172983761713676,-0.011381550561749856,-0.0034178207731453253,-0.36696560085229507,-0.07903257432979754,-0.0769058306616989,1.4935464243075718
9,7661.983095773959,0.0,0.0,0.0,0.0,0.0,0.0,0.0,0.0,0.0,-1.430385916773352,0.19570538832902035,-0.5569882096336511,-0.3407773386516554,-0.2586704730178368,-0.11850309788517309,-0.3314491788843698,-0.14972916862278263,0.0,-0.819639487976361,0.019733748874654376,-0.28619173511610396,-0.2965296720964361,-0.20403336664550728,0.040662511192469324,-0.38502881058677546,-0.2833102630491026,0.0,-1.126596969171268,0.0,-0.3440253773245932,-0.27463129924254553,-0.4143014401274888,-0.10874709258561678,-0.2823573584237788,-0.16447309099090768,0.0,0.9920845327786267,-0.053742343776022085,-0.1640544350678445,0.025904955818844173,-0.48993903545205486,0.0,0.0,0.0,-0.30945100073971127,-0.010969461653946863,-0.003064875547160574,-0.3067247509503673,-0.06781719792407609,-0.12969142826465302,1.4861417543214424
10,7474.940513565884,0.0,0.0,0.0,0.0,0.0,0.0,0.0,0.0,0.0,-1.7591858868749561,0.8348056773073804,-0.4392528300938392,-0.5232467321412899,0.18491934496084927,0.05913041460154349,-0.2138921542343411,-0.19136730210810324,0.0,-0.9506624907167148,0.20270624153731903,-0.02648803077441414,-0.68518166083174,0.4930812363999476,0.37891099758059443,-0.6193425436600395,-0.8432909910693025,0.0,-0.9244680804849105,0.0,0.06476137682292032,-0.3846368078930301,0.10302275661457672,0.13204993655743735,-0.18611974647815072,-0.3270476710539826,0.0,2.1031236075852755,-0.2469393917503688,-0.6286088815916602,-0.4912998777102711,-0.8504317809910318,0.0,0.0,0.0,-0.7360212242216146,-0.010738111440578684,-0.003074061876639605,-0.3359105361856064,-0.0758526423525984,-0.01815657940606652,1.578692129168673
11,7301.215149577477,0.0,0.0,0.0,0.0,0.0,0.0,0.0,0.0,0.0,-1.8423078101998211,1.2767954142908409,-0.24197747940225534,-0.4691632994676641,0.11597449593107666,0.30996240081141796,-0.1733527274802267,-0.29186601495276515,0.0,-0.9225529753138884,0.46479449098555053,-0.025559404357426995,-0.8512384398947731,0.7077959193934209,0.5909492889565399,-0.6436946302799086,-1.3446780576400212,0.0,-1.0750963537273082,0.0,-0.10012155766453784,-0.4614934471189971,-0.038933372775368125,0.34518905133582956,-0.35935324514278155,-0.539273997798196,0.0,2.1671224051256655,-0.5092718330121797,-0.792127434549035,-1.2436417220164981,-0.48043416987268817,0.0,0.0,0.0,-0.7359774605262579,-0.010734544410579444,-0.003101047565323257,-0.31622416109094,-0.07019129493140319,-0.039489156301391104,1.6485376805118503
12,7172.14848625681,0.0,0.0,0.0,0.0,0.0,0.0,0.0,0.0,0.0,-1.9315716748576135,1.623553019437629,-0.0459280151243176,-0.255219733193326,0.031657341092043906,0.6112428939613509,-0.19433092379135958,-0.5184992847237497,0.0,-1.3570811704281467,0.9098119972017459,-0.5497806817114949,-1.0198160529076745,0.12430569877172948,0.5958243444873225,-0.7002549481062377,-2.0546867567654212,0.0,-0.7261328917014934,0.0,-0.10877703745630568,-0.646164104925208,0.21707235480861664,0.680202838508484,-0.40307175159143466,-0.8207490674050205,0.0,2.2111377167938144,-0.8860535004969338,-0.8701486628708496,-1.4291240190462875,-0.3176987831890249,0.0,0.0,0.0,-0.20902499109569161,-0.009441072735795464,-0.0024689989584528427,-0.3122675654359872,-0.06751488807321765,0.18830909131859463,1.750234839424566
13,6961.711197038236,0.0,0.0,0.0,0.0,0.0,0.0,0.0,0.0,0.0,-1.9087406823129693,1.5562371934201384,-0.04763308047197211,0.2267376245451192,0.06767417392186406,0.6112245057109632,-0.11486743185363174,-0.781476065360285,0.0,-0.6690458835872939,1.63185074001928,-0.5251184644952994,-0.9657708431218988,-0.06627411776072117,0.5776474518339949,-0.3273571923295323,-2.855687084970375,0.0,-0.7575589454716608,0.0,-0.5266244404131731,-1.127814402895604,0.18798929911397982,0.7170079790902437,-0.3496009430466185,-1.1907013167329992,0.0,2.4107382719484014,-1.2789904685597546,-0.5457227457663252,-0.33262374808338735,-0.6629855480775695,0.0,0.0,0.0,0.21946618068534668,-0.009461880719987307,-0.0026778144546098152,-0.2905068182773823,-0.06248894549782448,0.2023461543263819,1.9818809761462524
14,6878.810192272135,0.0,0.0,0.0,0.0,0.0,0.0,0.0,0.0,0.0,-1.8677892203680158,1.2301481874958806,-0.07804445153734005,0.2547923636505997,0.13380290601447978,0.25076492516687215,-0.049357460008720544,-0.7092334814262811,0.0,-0.6297757646802655,1.5865205770454762,-0.4188242400487551,-0.744934213198078,-0.4424433698967285,0.332794646039268,-0.3889094779910416,-2.977976045425452,0.0,-0.6212726757133072,0.0,-0.5143889497840822,-1.2370712143648694,0.08546540374994395,0.5036546578308086,-0.11251036638933007,-1.2637640318615313,0.0,2.5296495357346496,-0.9911470593349244,-0.24355319360957117,-0.10718518262456836,-0.294968341140257,0.0,0.0,0.0,-0.5442176851950435,-0.009079412009596537,-0.002542154109907912,-0.2869785782258497,-0.060424856647461916,0.2778412051946635,2.0722358823457223
15,6800.4507686638835,0.0,0.0,0.0,0.0,0.0,0.0,0.0,0.0,0.0,-1.7427601398913224,0.7275561957802622,-0.003617457104913957,-0.10206117526237601,0.2324281870678157,-0.08603777358126091,-0.3824454396621546,-0.43158524667524434,0.0,-0.6348232843510012,1.1203297704150201,-0.11238695235129442,-0.3220513404878087,-0.4265529711045573,-0.010650798188197252,-0.8485718444616326,-2.7800560347588936,0.0,-0.5918195426380125,0.0,-0.3321792626439068,-1.2382692506972721,-0.16421891400747562,0.19253290648785298,-0.1364813947983432,-1.2927877765535025,0.0,2.6172311487104447,-0.05705671701724169,-0.32471847298424517,-0.27206928772261274,-0.34755004543964974,0.0,0.0,0.0,-0.24723040996087442,-0.00880705484350611,-0.002484853425082094,-0.27762242876941196,-0.05879917896591783,0.30189040107126364,2.161410990104967
16,6766.992455608992,0.0,0.0,0.0,0.0,0.0,0.0,0.0,0.0,0.0,-1.6026649335578569,0.7235722576441816,-0.30420549985425455,-0.17260471804850938,0.1358443463012753,-0.05075992309640956,-0.23804280202049743,-0.34513136905085445,0.0,-0.6940942261920451,0.9780294955100242,-0.22940260127907433,-0.19525667549752995,-0.24997420096705514,-0.1441441873469192,-0.9829862048651588,-2.527563514117201,0.0,-0.5585741385833671,0.0,-0.26269000904548123,-1.1907329305541796,-0.20983223120828348,0.11113587278282043,-0.2730779512354072,-1.2766885146222675,0.0,2.6552687527740835,0.052216274178137984,-0.03537755367925716,-0.42741409063689345,-0.5224750089130894,0.0,0.0,0.0,-0.21791381480665506,-0.008562942852935778,-0.0024181993509165946,-0.272585762439945,-0.05873282778324378,0.312703682270994,2.184894662931035
17,6687.425877791641,0.0,0.0,0.0,0.0,0.0,0.0,0.0,0.0,0.0,-1.449843226120839,0.7467419302263877,-0.519207641622073,-0.5223926122072294,-0.1627216775905651,0.25930195325600514,0.028354261197633512,-0.2867424452894323,0.0,-0.7726958277677206,0.7718194232950162,-0.5227330382233042,-0.12567417128069885,0.08071295635715375,-0.32245560442880317,-1.0364926361427274,-1.7540824403136868,0.0,-0.5202553870619663,0.0,-0.062178062812406426,-1.0711526959938138,-0.38088874412794554,-0.016598757746881895,-0.7075766839404287,-1.2238695404703195,0.0,2.7953710512508905,-0.03563474843730613,-0.34369793121990894,-0.16426894603395037,-0.3714151741236513,0.0,0.0,0.0,-0.3126760516300028,-0.00802551477641782,-0.0023059591900960004,-0.25896836359928627,-0.0588078921740563,0.3054611267805691,2.233389729709464
18,6544.857668582464,0.0,0.0,0.0,0.0,0.0,0.0,0.0,0.0,0.0,-1.6954425449070343,0.6117091232009758,-0.38294627072033605,-0.8007457101426168,0.25915515213726037,0.5636308562730723,-0.30171757528201953,-0.24893745790192362,0.0,-0.7040397649222783,0.5665711407253456,-0.5969154355301892,-0.3531953198207589,0.008923268947409219,-0.20988601070799312,-0.7901950312053854,-0.6116292323409633,0.0,-0.46493318994330307,0.0,-0.03474149215096442,-0.8219686484419533,-0.46110179655264866,-0.13101712606363702,-1.271548245353977,-1.1560591039668326,0.0,2.938853648494993,-0.5025998634361544,-0.17312377429219503,-0.2611622660082017,-0.3942187531114066,0.0,0.0,0.0,-0.422847724071337,-0.007400435174648343,-0.0022290696315598255,-0.2431120336031677,-0.06154416005193995,0.2911487738304228,2.295086093999069
19,6418.346084283477,0.0,0.0,0.0,0.0,0.0,0.0,0.0,0.0,0.0,-1.8780477654109315,0.5726002525234661,-0.3886913339761558,-0.36832191570767847,0.22640441131491595,-0.04031127383345123,0.12712613340191992,-0.18391252976732586,0.0,-0.6889139616668043,0.2166447419346345,-0.25134309145635964,-0.8056387966576741,-0.3861342412280543,0.32166032554357343,-0.6578628573518058,-0.054442905955711995,0.0,-0.5887459564991492,0.0,-0.08107197462920032,-0.653606516224696,-0.36134220327996647,-0.18270190536364586,-1.568012940629115,-1.1562496805195273,0.0,3.1081032356002716,-0.7674888988881782,-0.3786040467597562,-0.47478424102945943,-0.43627747635811653,0.0,0.0,0.0,-0.217238557525032,-0.006586748954998255,-0.002070144986422848,-0.22283857421587866,-0.06370433246904286,0.2609819053754852,2.355409844833839
20,6329.6467985483105,0.0,0.0,0.0,0.0,0.0,0.0,0.0,0.0,0.0,-1.7256015931920703,0.7209611378468546,-0.1986099307104059,0.08389985256665872,-0.22872043961572003,-0.050300758843707806,-0.4140756163654028,-0.029321104699182254,0.0,-0.6476895848424444,-0.08301475263593788,-0.5217970326174078,-0.7922960512928833,-0.2705019887963166,0.6315876038534904,-0.504206077395935,-0.9089919091132335,0.0,-0.9701743653065723,0.0,-0.13414208406528846,-0.7669563450318685,-0.11215770936467714,-0.18576336323688944,-1.0356511654146017,-1.2279991649701536,0.0,3.1935284155097756,-0.5645615011222103,-0.3321568951547519,-0.43689343121885793,-0.4820634028655407,0.0,0.0,0.0,-0.32398345529653494,-0.005634233797716327,-0.0018546726865773036,-0.2017640015755327,-0.06481683527815132,0.2114605315687526,2.3921201699527828
21,6251.497913613909,0.0,0.0,0.0,0.0,0.0,0.0,0.0,0.0,0.0,-1.9754698367155754,0.958073391075809,-0.3699885271694642,-0.17310500738789036,0.22699868062435025,0.04343860782248913,-0.1847943257831915,-0.528926900791569,0.0,-0.37561132073587566,-0.08882212687652906,-0.7040544083090572,-0.5424291340458942,-0.2479887494127318,0.46746587731812994,-0.6685643048656008,-2.0268173754532297,0.0,-1.3587017431133512,0.0,-0.15059857428250564,-0.9770619239774553,-0.04506980417777763,-0.029964451415978283,-0.31525791091720856,-1.334257316613547,0.0,2.934756632104527,-0.2687868508283591,-0.2703361582819305,-0.3725121816573369,-0.25914440148627227,0.0,0.0,0.0,-0.16806955616714445,-0.005163768468484498,-0.001768060380374824,-0.1874406375915489,-0.06598417338573019,0.16329021650067016,2.4100246237730962
22,6230.631305961995,0.0,0.0,0.0,0.0,0.0,0.0,0.0,0.0,0.0,-1.9812906141522661,0.9557956348311082,-0.25710184687072546,-0.3291650724096896,0.07562097237338794,0.13971729342727374,-0.1202516897856896,-0.5109165274065585,0.0,-0.35365021285680326,0.24333110868621238,-0.35204725287331384,-0.6193230339161963,-0.3366943539268419,-0.011091293316132067,-0.863321839464999,-2.3644364103372775,0.0,-1.4333950022969153,0.0,-0.12567627011793642,-1.0642433516114715,-0.0830379139963757,0.20389687129480144,-0.22196648077470682,-1.3589844056406202,0.0,2.925120685275131,-0.30601340055622855,-0.1645973444264307,-0.3837837344829009,-0.31685490369200103,0.0,0.0,0.0,-0.17416900169999647,-0.004989937636016867,-0.0017217798135210122,-0.18298921802536103,-0.06637741786381365,0.1514683628536041,2.4158602415238795
23,6219.355973419739,0.0,0.0,0.0,0.0,0.0,0.0,0.0,0.0,0.0,-1.9540693767938155,0.9253921033395407,-0.42089846466055914,-0.2824351032988084,0.16027752916202997,0.07172179269097406,-0.21999655748083613,-0.3166942926513846,0.0,-0.29906011697516016,0.6222858108470563,-0.33073262285480326,-0.5563701856442538,-0.36821144695048047,-0.10737450681857601,-1.0188354473643384,-2.4990660401920475,0.0,-1.424744008720221,0.0,-0.054023781894633166,-1.1037608963897008,-0.18918119282349916,0.39067360772287485,-0.3043688582741144,-1.3464720299483222,0.0,2.948435295907558,-0.3248975457985401,-0.24138294275776984,-0.40132656393384225,-0.2815522518390404,0.0,0.0,0.0,-0.19765400433566035,-0.004926860378320966,-0.0017063441814320554,-0.18079261164943394,-0.06636454927495312,0.14520675847388057,2.4169027394333233
24,6209.990692707075,0.0,0.0,0.0,0.0,0.0,0.0,0.0,0.0,0.0,-1.9919614839372841,0.7943269097462657,-0.3056603383389357,-0.35078454457322306,0.12480071197697165,-0.012940121710545482,-0.16231926934775118,-0.3185077853977608,0.0,-0.29950110397319796,0.9281592270945898,-0.4280124492276324,-0.43064911824260177,-0.33667879695432174,-0.004768904030727161,-1.065561930954768,-2.5676005562269304,0.0,-1.3803614936498816,0.0,-0.0432516406716965,-1.1026497322001534,-0.26713238033788955,0.48592727172680783,-0.4113607471971871,-1.3045589262037909,0.0,3.004890766368777,-0.28525560851865034,-0.22891180269526296,-0.45389887263062834,-0.34342815713913594,0.0,0.0,0.0,-0.2375512492372155,-0.004885538448066039,-0.0016937206737705937,-0.17965877741955408,-0.06678808716311277,0.14141673714359315,2.420901593032942
25,6162.318458835677,0.0,0.0,0.0,0.0,0.0,0.0,0.0,0.0,0.0,-1.9276463785348812,1.0149573857596743,-0.5839815885596971,-0.6564800777868067,0.09956219544860172,0.3375046660423912,-0.2326672500401892,-0.6481179903827515,0.0,-1.0157423778010863,1.6366205749042355,0.1801785192093126,-0.07427424850832298,-0.4158769893911824,0.7251950691493001,-0.5667457803565573,-2.794410766326619,0.0,-1.0563002520924014,0.0,-0.36687610483115163,-0.9280836655198252,-0.6202126861193704,0.4601458368704495,-0.9885666610302564,-0.9100811265002997,0.0,3.180750857204779,0.06131200742779003,-0.3019793831675333,-0.498498044921277,-0.475566230559507,0.0,0.0,0.0,-0.38792818371158844,-0.004477439829432774,-0.0015103390627246266,-0.16585099117708,-0.06639061719431259,0.10231919027811723,2.4555066739901212
26,6081.318645759683,0.0,0.0,0.0,0.0,0.0,0.0,0.0,0.0,0.0,-2.7859517260326054,2.2148780743895005,-0.016309502551707156,-0.21123356536290383,0.5263750848502775,-0.16761779914072256,-0.36022707554122846,-0.6071228418572856,0.0,-1.9454727468515676,1.654386417537264,0.11648445271186403,-0.2153967863000453,0.6392626060412518,0.2514928172630934,-0.34495569296558215,-2.4232239721849136,0.0,-1.1118995019386704,0.0,-0.8922966315250858,-0.8115581555742721,-0.6981531077944279,-0.22473639673601353,-1.5247613178619277,-0.3423987123565366,0.0,3.0995963879683806,-0.616502521455824,-0.3934414097417197,-0.5565131917069601,-0.26997279855777057,0.0,0.0,0.0,-0.3052721020457022,-0.0037520052348967536,-0.0011309049492017995,-0.12832659590195208,-0.06388912694998158,-0.034110595879447286,2.549173272676597
27,5995.39718613849,0.0,0.0,0.0,0.0,0.0,0.0,0.0,0.0,0.0,-3.1101127347639586,2.419537703018775,0.11199565659451591,0.18844475784809367,0.4699082614978815,0.42429522166258277,-0.34535187046234994,-0.7704313749110231,0.0,-1.4289937137270483,1.2173977492263546,-0.03684478614638595,-0.35278931548161896,0.3818848958004766,0.35372185033590575,-0.8576672099707887,-1.9047689447901286,0.0,-1.609622756483311,0.0,-0.6788990981290097,-0.9526123448211125,-0.5181372927351727,-0.35410296775675415,-1.5544826630143787,-0.4143919212838398,0.0,3.303412706319457,-1.0114199582242143,-0.5730178753394098,-0.8502116108868099,-0.3118217407038152,0.0,0.0,0.0,-0.40822303527615217,-0.0038343167345254066,-0.0011476650171213059,-0.11182969884802052,-0.06255085971188391,-0.15996462197911326,2.6016485465006456
28,5975.855695086637,0.0,0.0,0.0,0.0,0.0,0.0,0.0,0.0,0.0,-3.142443896328566,2.4033373100073314,0.07122077031475324,0.11853218636853838,0.4636527013872942,0.4705126222219782,-0.28330784876341236,-0.6679088081215357,0.0,-1.2592830298698725,1.0562323160483849,-0.20076265050285208,-0.5234850376430634,0.2679924544628627,0.24913685259877613,-0.5262281588367936,-1.7831053536206207,0.0,-1.7805080663224238,0.0,-0.5474861757704064,-0.9273827312973095,-0.5618686165853791,-0.14631006642916047,-1.451719575932357,-0.5856466108835737,0.0,3.411392382636352,-0.9851394671085463,-0.6573301234395528,-1.0035319040149817,-0.38169733447576537,0.0,0.0,0.0,-0.40542251036664206,-0.003871571408605893,-0.0011764357733819108,-0.10795913281566195,-0.06244591460462841,-0.19040974857048365,2.6161605149351557
29,5963.050482721183,0.0,0.0,0.0,0.0,0.0,0.0,0.0,0.0,0.0,-3.0996606471189314,2.273924370045229,-0.0020435383467597296,-0.1515519133262113,0.45193728587074344,0.4675170899527438,-0.26315700095262545,-0.471465951245035,0.0,-1.237957231529309,0.8264550769017347,-0.2983218268159065,-0.9073258676892642,0.30947206711027253,0.45207215584634697,-0.5574483388605578,-1.6820065288690424,0.0,-1.882653568430296,0.0,-0.5473724799868026,-0.7501551691594306,-0.7000761461785521,0.26637969353367297,-1.1730953372200705,-0.8302214417756898,0.0,3.3588322405762496,-1.0521386174432532,-0.5779596369002479,-0.9198450909237652,-0.3724721224148546,0.0,0.0,0.0,-0.38272343134628406,-0.003822832027598352,-0.0011397740544998852,-0.1049378178067769,-0.06223662944485064,-0.18800379218254173,2.625085971552739
30,5961.699706386268,0.0,0.0,0.0,0.0,0.0,0.0,0.0,0.0,0.0,-3.0016561116688925,1.75036190260512,-0.18918988813177123,-0.1409750657560448,0.4692434946113231,0.5247026560935989,-0.2673704172471072,-0.5235806325230443,0.0,-1.3771807296234708,0.686939020329509,-0.26102489689727476,-0.6408030336113457,0.4116011786183802,0.35179615888781546,-0.5454166560366389,-1.511593799132024,0.0,-2.074795989237792,0.0,-0.9014687066133167,-0.36648130755654806,-0.49206685718164533,0.6617367707660928,-0.7307734181161665,-1.027828546805944,0.0,3.4875404284502474,-1.3213891407770064,-0.7622728375141776,-1.0170657012189903,-0.35800233582053853,0.0,0.0,0.0,-0.35458365381947055,-0.0037876396874805336,-0.0011142711269266363,-0.10405491076328868,-0.06289653539405603,-0.18456565023539973,2.6362698712930133
31,5957.051023415563,0.0,0.0,0.0,0.0,0.0,0.0,0.0,0.0,0.0,-2.8356744397874984,1.888423365760951,-0.22317107568491495,-0.5357786454311289,0.3481979444289902,0.33045507884496206,-0.3159132006447774,-0.3541942200826321,0.0,-1.266401935000079,0.6170255458381368,-0.1746240446362397,-0.08405882772748785,0.11836317140101854,0.4297580729179026,-0.5464364874260744,-1.3327184240228642,0.0,-2.3936840467913574,0.0,-0.7711941355314983,-0.2085911391211,-0.31861750999538174,0.7451830201742422,-0.36352607075939003,-1.1064655907018126,0.0,3.5249651343017554,-1.6071177486529145,-0.722017978764151,-0.9945880440884773,-0.3929850689560103,0.0,0.0,0.0,-0.28191007425217696,-0.003935750319693152,-0.0011662680413068913,-0.10521498875544548,-0.06414672289368803,-0.18419983180567018,2.650612089258769
32,5926.245992408816,0.0,0.0,0.0,0.0,0.0,0.0,0.0,0.0,0.0,-2.5973030906313843,1.4523672726225947,-0.393588655962342,-0.5597107112593771,0.2630724087657268,0.31266158863256793,-0.3983632757604246,-0.6532854892616758,0.0,-1.1349329151383523,0.7803847025975756,-0.1716679755302757,-0.2903915790128862,-0.07931764093077681,0.38469501917262733,-0.5380270716306732,-1.1352446999998649,0.0,-2.9221439059610366,0.0,0.14153187651044707,-0.36052573589616144,-0.20921543790168626,0.4901683245400755,-0.0714992931578714,-1.0298756777955025,0.0,3.3769182320466653,-1.2221990891251162,-0.45130234150344917,-0.8981921396204193,-0.26872489309776404,0.0,0.0,0.0,-0.19072483626310618,-0.004068406123668259,-0.0011718742759132595,-0.10727779252244388,-0.06666323873311171,-0.1526765903097898,2.679788649817104
33,5913.760369311512,0.0,0.0,0.0,0.0,0.0,0.0,0.0,0.0,0.0,-2.6558211320180933,1.5056091193139878,-0.35191658917832674,-0.46135715366167535,0.28205961094116166,0.3790269647500669,-0.35382738248625334,-0.6521313891910894,0.0,-0.8480256256319215,0.5108893641982473,-0.2778383152131162,-0.33209205633274974,-0.2439609255826033,0.24447795343556458,-0.6523833303954963,-1.2506318918083927,0.0,-2.7041854453578313,0.0,-0.01412572200234058,-0.36805291898676645,-0.2744661721073051,0.6756350951415464,-0.3688485582446891,-1.005542724046804,0.0,3.438518876432505,-0.8781079292081667,-0.3938169444627462,-0.7654453173693736,-0.32105490175145696,0.0,0.0,0.0,-0.2894418343282543,-0.004148635564598255,-0.001197788787874223,-0.11063628104015166,-0.06840153890178748,-0.12719684095441883,2.687591714421951
34,5909.275165501735,0.0,0.0,0.0,0.0,0.0,0.0,0.0,0.0,0.0,-2.6756364816966918,1.4589951337317184,-0.38382781723679926,-0.5078831475649717,0.2812782458221625,0.4463532580245042,-0.2994687921030714,-0.5374413312416719,0.0,-0.794830889467214,0.4969356616432129,-0.33039068236514185,-0.4024286150162106,-0.27389167821805166,0.2392314432972028,-0.6728394287033373,-1.2570933127530015,0.0,-2.355434082643561,0.0,-0.2505806964280793,-0.7568146769000261,-0.4604894005507299,0.45233879065932303,-0.28368671534691836,-1.2173668920959642,0.0,3.5061722306137235,-0.88725104221418,-0.45785296862867186,-0.8402130269979269,-0.366365170918994,0.0,0.0,0.0,-0.2716892268074681,-0.004084847397213758,-0.001180985378983779,-0.11266804014007754,-0.06838262207546589,-0.11695821530268097,2.6892326452448976
35,5906.734221555147,0.0,0.0,0.0,0.0,0.0,0.0,0.0,0.0,0.0,-2.6601777265186053,1.3517104073815045,-0.4230735536613829,-0.5796863499638765,0.31947687098234084,0.3744271780670043,-0.32474257532391976,-0.5720598979737318,0.0,-0.8850483200119826,0.3214531142762738,-0.27982417389646697,-0.35470594623032625,-0.18402432435154636,0.2671515167664321,-0.6347800771086554,-1.3068370967008898,0.0,-2.095630565433988,0.0,-0.33088681674274756,-1.4601793430995456,-0.4257062584465224,0.5005848814439204,-0.5996587486583541,-1.7016016536027743,0.0,3.4529706335708035,-0.9413079112719438,-0.42266965962442954,-0.8281177577224498,-0.31185047013222067,0.0,0.0,0.0,-0.3112269257993155,-0.003970734697104818,-0.0011540660988308526,-0.11161614121972878,-0.06691909569411524,-0.12358489366143016,2.691769561180905
36,5902.870074060438,0.0,0.0,0.0,0.0,0.0,0.0,0.0,0.0,0.0,-2.63824973094003,1.5140854802565358,-0.4306557125067019,-0.5938134249514203,0.31565309681867587,0.30122377899464003,-0.3885794377615998,-0.6997882551938095,0.0,-0.8454890402045547,0.4783374682142183,-0.3233004204926371,-0.48114744290947137,-0.17188500370542345,0.2432541957827476,-0.677195116760609,-1.2277358567993943,0.0,-2.046832126261666,0.0,-0.44058709265369195,-1.3894239641884338,-0.3252997736320659,0.4405906303173056,-0.7030153615670164,-1.9631266227613742,0.0,3.4257267550253268,-0.7547184151467045,-0.41781021306163896,-0.7937008514506801,-0.3014046043653113,0.0,0.0,0.0,-0.35137769544144304,-0.003870399353998953,-0.0011373841268197179,-0.11129956472933862,-0.06548509451932653,-0.13422173640538046,2.6955924982313726
37,5899.554449653021,0.0,0.0,0.0,0.0,0.0,0.0,0.0,0.0,0.0,-2.802194185783812,1.623142971772949,-0.35968217505058503,-0.39425716182943693,0.3771625786108729,0.3864241073735538,-0.33346634585726587,-0.7417269335772921,0.0,-0.8873091829592056,0.4920141649018095,-0.30280802125100753,-0.4903264525788604,-0.13969544509067844,0.22359914664295996,-0.6656711343598858,-1.396565829789659,0.0,-1.9423876527336064,0.0,-0.1891630104122916,-0.9244379776832798,-0.6628536496455779,0.311974242136667,-0.8273907085042759,-2.1296176733823713,0.0,3.402825070696157,-0.7612110630011986,-0.38078217652031354,-0.6964882228424409,-0.3719365420487043,0.0,0.0,0.0,-0.3579625862185084,-0.003691374976060846,-0.001090456506863171,-0.11271034202223296,-0.06357714402148362,-0.13676317206767336,2.7002908245244783
38,5898.479035395508,0.0,0.0,0.0,0.0,0.0,0.0,0.0,0.0,0.0,-2.891214525130096,1.564129654884688,-0.3649344537781818,-0.43736449374925424,0.4125369487039541,0.495617916692762,-0.22456921344739122,-0.526710044539469,0.0,-0.8922115055386082,0.5039039873523348,-0.310056213397692,-0.5420123807377378,-0.1358181651997951,0.2567131842846357,-0.6235874027440739,-1.468638299622377,0.0,-2.0187596374472023,0.0,-0.22651855188409042,-0.8769462866206592,-0.5457719815506311,0.27914905009995766,-0.8690233000600048,-1.8928128869686658,0.0,3.3555169876671993,-0.7334703159013388,-0.37427183110131995,-0.6867895986849911,-0.33692984387793,0.0,0.0,0.0,-0.33360670865077013,-0.0036761157617660064,-0.0010854223696388637,-0.1126008362186835,-0.06308190992266557,-0.1426347113171901,2.701865015662031
39,5896.6737534834965,0.0,0.0,0.0,0.0,0.0,0.0,0.0,0.0,0.0,-2.887847259492651,1.6052241019418279,-0.374957151344563,-0.44357521167505654,0.4097745046102479,0.4859720097124939,-0.22723967057657934,-0.5469024380182373,0.0,-0.8964739429497603,0.4911155378310139,-0.3278885014978691,-0.5822446287958719,-0.1182488487071707,0.2662315482961294,-0.6009967281532729,-1.3862637570702752,0.0,-2.057250511251772,0.0,-0.28244873522965985,-0.9878707982183734,-0.6033086567646733,0.45489774149193396,-0.7499770750412662,-1.4351039705025812,0.0,3.3666555009461967,-0.7197976265960532,-0.39458415860496177,-0.7148364613169225,-0.3489261189267264,0.0,0.0,0.0,-0.31711085323855825,-0.0036853071927660766,-0.0010864873713225056,-0.11311190108263472,-0.06303142554935204,-0.14326209676932358,2.7027327744967176
40,5895.638104892187,0.0,0.0,0.0,0.0,0.0,0.0,0.0,0.0,0.0,-2.7980909624208037,1.5770828542414583,-0.43684300489008615,-0.5346631421996815,0.39458742393437274,0.3995456017900638,-0.2786366769435511,-0.6229408784152874,0.0,-0.8552465170973138,0.48279589146225077,-0.3496484973158516,-0.6311683013607423,-0.11804589787827348,0.23376775964166208,-0.6073114727755816,-1.4394802296352127,0.0,-2.033306221482425,0.0,-0.3351176898824149,-0.9504558700813354,-0.6067473547174345,0.3794335008733197,-0.7972871265540765,-1.373940758263903,0.0,3.3958591614781275,-0.7829277514053234,-0.42205366341910894,-0.7399424064862228,-0.36006957091777986,0.0,0.0,0.0,-0.31557940570006904,-0.0037314607639826547,-0.001093736772653017,-0.11292094076326437,-0.06359828287218317,-0.14103937724200408,2.700361960047037
41,5894.643489286524,0.0,0.0,0.0,0.0,0.0,0.0,0.0,0.0,0.0,-2.8341996786709975,1.6346611502433954,-0.42190892211777514,-0.4914136510304659,0.4047533244027845,0.42458855648940275,-0.25690649824192585,-0.5990088111689382,0.0,-0.901271885756192,0.5511468729600673,-0.31503666747854076,-0.5714517268650922,-0.08738689864691401,0.2394866293564731,-0.6039720752516196,-1.349925506093256,0.0,-2.0306653179416156,0.0,-0.37549574882747944,-0.9599874502098704,-0.6196720282560161,0.37433168884385404,-0.7680462395072769,-1.4773569817908976,0.0,3.3797945414312,-0.6992891630886028,-0.4093881281768603,-0.7143508397411493,-0.35829505538642586,0.0,0.0,0.0,-0.31280403169987947,-0.0037925667119432685,-0.0011043447486284183,-0.11236100739337222,-0.06425690758116759,-0.13889047424612574,2.698079247090542
42,5893.9533412766,0.0,0.0,0.0,0.0,0.0,0.0,0.0,0.0,0.0,-2.816034114037093,1.626913381479854,-0.4558563424221896,-0.5166372930711886,0.4041002205771501,0.40396506175944497,-0.26982929158298585,-0.6353374147466768,0.0,-0.8721902645932885,0.5417450190068935,-0.3118925887181764,-0.5216287006551066,-0.11447342487299297,0.23956174434733096,-0.613921699761566,-1.257610910649881,0.0,-2.064983565668509,0.0,-0.38466785463810055,-1.0082361647084823,-0.6104047686446135,0.41719673590994144,-0.736981429622602,-1.4376532736904548,0.0,3.366655107417179,-0.7138957655874759,-0.40903079486291244,-0.7157652926793256,-0.35484908517009967,0.0,0.0,0.0,-0.3093198960373108,-0.0037878624352286573,-0.0011087676452410868,-0.11287352739802219,-0.06394188769116918,-0.13851941439642793,2.700453248779521
43,5893.694600210112,0.0,0.0,0.0,0.0,0.0,0.0,0.0,0.0,0.0,-2.820448857289031,1.6225111886612735,-0.47109717016987734,-0.5203302387966743,0.4143150168523279,0.4034754855508334,-0.26255072974215854,-0.6405686627718691,0.0,-0.8791517062966571,0.5381823581861946,-0.3039705966536682,-0.5148799169027007,-0.10995945865636322,0.23803396365665375,-0.6073067298645907,-1.2749740408658878,0.0,-2.0623769264429184,0.0,-0.38642562223534016,-1.030945483079859,-0.623770944764321,0.4216625164733247,-0.7528178645317126,-1.480512579711887,0.0,3.3457493578984936,-0.709137238800556,-0.4004467504813632,-0.7062780124148605,-0.35144870337242606,0.0,0.0,0.0,-0.30893266683639037,-0.003776551631612782,-0.001105165578262423,-0.11288382641863115,-0.0636847151988181,-0.13454839276063743,2.7000609658569736
44,5893.515989095258,0.0,0.0,0.0,0.0,0.0,0.0,0.0,0.0,0.0,-2.827754370565295,1.6159181334666914,-0.47689572207238445,-0.5150703685506482,0.4215482028261782,0.40953066530497634,-0.25301464095618426,-0.6341034043244349,0.0,-0.883867080691665,0.5315982556563063,-0.3056358576321867,-0.5186435535570678,-0.1059124371921891,0.24013251496529928,-0.6022459760697406,-1.2810708615918802,0.0,-2.0651684129843795,0.0,-0.38507235147656427,-1.0433883418440233,-0.6419215688085442,0.41734437362612664,-0.7809384142524838,-1.5550950720186059,0.0,3.3321311926932142,-0.7113945579282743,-0.39607036854868594,-0.7021914135811096,-0.35045408803190525,0.0,0.0,0.0,-0.3102317122562339,-0.003767091565011538,-0.0011013500959873245,-0.11203104050939972,-0.06345045003999343,-0.12657168646783057,2.701349803165878
45,5893.404733894057,0.0,0.0,0.0,0.0,0.0,0.0,0.0,0.0,0.0,-2.8255968215052976,1.6137172804971052,-0.4733006469554607,-0.5098112887918833,0.4192866889999136,0.4119495983784866,-0.25081618908705816,-0.6289916570055882,0.0,-0.884569362236327,0.5333911387046608,-0.3044947695309537,-0.5222946797479399,-0.10671269309256017,0.24030061990795956,-0.6017578015168791,-1.28992299143891,0.0,-2.0754779195647384,0.0,-0.3875055281163148,-1.0556033668808265,-0.6551164334237223,0.42114963029799113,-0.7970360202989734,-1.6146734808307046,0.0,3.331293845814125,-0.7124708064597617,-0.3969483656370339,-0.7044640853158514,-0.35170794838718555,0.0,0.0,0.0,-0.31085135789590096,-0.0037664895688954616,-0.0011008847493037736,-0.11058203989909549,-0.06336992081585607,-0.11649944102063406,2.704089184371557
46,5893.323497792419,0.0,0.0,0.0,0.0,0.0,0.0,0.0,0.0,0.0,-2.818771440915949,1.6122536881013834,-0.46334863520621106,-0.5048368391138427,0.41151387108157683,0.4124103320816922,-0.2534347857397914,-0.6232660658678253,0.0,-0.882339446049097,0.5320656105061614,-0.30886842501933487,-0.5259753555248872,-0.10678078936753373,0.24162659809807296,-0.6033249651037641,-1.2894264102810178,0.0,-2.0912479207776666,0.0,-0.39210506661703004,-1.067922063047447,-0.6663001829601429,0.4260655258808276,-0.8094278545083666,-1.6617419943032874,0.0,3.3377591044252752,-0.7141402793676864,-0.4008865407986191,-0.7092211625609687,-0.3531116959191496,0.0,0.0,0.0,-0.3111719564252209,-0.003773220242791066,-0.0011027982257858446,-0.10844797798751499,-0.06336426866213823,-0.102864610819491,2.708517273961045
47,5893.299422695027,0.0,0.0,0.0,0.0,0.0,0.0,0.0,0.0,0.0,-2.814160920518163,1.6134556912298998,-0.45761687156294184,-0.5049393731616336,0.406119078796818,0.411343179743475,-0.257089312062282,-0.6226999411949217,0.0,-0.8803210596285147,0.5346585968934804,-0.30829434148821333,-0.5267251265275442,-0.10893132045874113,0.24121773851156988,-0.6052880438480582,-1.2894431601107537,0.0,-2.0987224435082172,0.0,-0.3956100716437972,-1.0714477564429383,-0.6691579354077397,0.4304949851563009,-0.8088663232563676,-1.6657545894645132,0.0,3.342788405725306,-0.7140980907384006,-0.4030137568899678,-0.711514356436051,-0.35365232387204737,0.0,0.0,0.0,-0.3108414580298491,-0.0037790339983069516,-0.0011047323904848486,-0.10725455942814309,-0.0633951099961097,-0.09483067553981342,2.7108939250326354
48,5893.278762912895,0.0,0.0,0.0,0.0,0.0,0.0,0.0,0.0,0.0,-2.8116433318419385,1.6144183968409844,-0.4539583848627647,-0.5059982449455421,0.4026959880049214,0.4103989473067555,-0.26021528641370484,-0.6232062692706739,0.0,-0.878686031820177,0.5349634570306672,-0.30977956340000556,-0.5264050287820833,-0.10933418211908665,0.2412193721082698,-0.6066188054578487,-1.2875662292869368,0.0,-2.1033855538752393,0.0,-0.39808716158255303,-1.0717604405993106,-0.669849772074142,0.4323021517067794,-0.8064761415666458,-1.6569075160060154,0.0,3.346249971818243,-0.7136597499237511,-0.4042907485492109,-0.7126050867745525,-0.3534533723396719,0.0,0.0,0.0,-0.3105773002032903,-0.0037845107949139424,-0.0011065750614026803,-0.10608346353208269,-0.06342191801081377,-0.08543375403637513,2.7128427257594168
49,5893.240771683789,0.0,0.0,0.0,0.0,0.0,0.0,0.0,0.0,0.0,-2.8099201512186585,1.6166348026455157,-0.450467389362074,-0.5085235224721101,0.3992528138849953,0.4095647096825214,-0.2641211952623575,-0.625064242640443,0.0,-0.8768112885367322,0.5365324208679655,-0.3098521339508329,-0.5259302771757465,-0.11065116518175919,0.240746509860086,-0.6083829303361532,-1.2863473345602152,0.0,-2.1081492886028927,0.0,-0.4011914217592846,-1.070352291375797,-0.670200548097005,0.434489029323074,-0.8016726492041183,-1.6373743669598924,0.0,3.349903156303402,-0.7128680495477421,-0.40528077727581435,-0.7135213944022571,-0.35301534668077034,0.0,0.0,0.0,-0.31024848844802505,-0.0037920214574786075,-0.001109124282587505,-0.10376609288826402,-0.06344544678857393,-0.06457916080672596,2.715829904341117
50,5893.184983196899,0.0,0.0,0.0,0.0,0.0,0.0,0.0,0.0,0.0,-2.8106730495593846,1.6189109688313617,-0.44977942040736213,-0.5116049567301136,0.39828902463564514,0.40921328064924795,-0.2668008511222191,-0.6279210088978107,0.0,-0.8755493642479124,0.5371274636694497,-0.3107032003950547,-0.5247856527380895,-0.11087162060893133,0.24044846286208016,-0.6095590863412049,-1.285422608688635,0.0,-2.110993655648641,0.0,-0.40281413834832436,-1.0659016648785846,-0.6688421087806871,0.43455831763183494,-0.7965404615527975,-1.613446826395795,0.0,3.3515412576994748,-0.7116876253051325,-0.40535694334254657,-0.7135312941254669,-0.35224046003744436,0.0,0.0,0.0,-0.31017948953436675,-0.003799155865619057,-0.0011115600126701184,-0.10013757695818085,-0.06343822426439061,-0.028080988772663053,2.7194308577560147
51,5893.118964740871,0.0,0.0,0.0,0.0,0.0,0.0,0.0,0.0,0.0,-2.814567074465285,1.6203481257440093,-0.4539459150439822,-0.5136220358055995,0.4015786520362899,0.40984014748564396,-0.2657739588462441,-0.6305923189740649,0.0,-0.8758583776761404,0.5371751906811791,-0.30999230634378677,-0.5239739960942087,-0.11062287037631392,0.24019801493718715,-0.6093885619425119,-1.2861055687365983,0.0,-2.1089080284216735,0.0,-0.4010838752738181,-1.0590901689764216,-0.6648507109433125,0.43244355538150225,-0.7927798730763512,-1.5975476534019981,0.0,3.349109671782852,-0.7109594867888714,-0.4040739189739089,-0.7123909059757538,-0.35180919210641665,0.0,0.0,0.0,-0.31041531125017213,-0.0038020307342628316,-0.0011125491454698562,-0.09641797014130365,-0.06337768019808722,0.015967255637848204,2.722088334331522
52,5893.054671090868,0.0,0.0,0.0,0.0,0.0,0.0,0.0,0.0,0.0,-2.8204356116604083,1.619869586745173,-0.46156377724534514,-0.5127456891497425,0.4084248164703723,0.41136099332831805,-0.26058011296659533,-0.6311303433804298,0.0,-0.8780017966259488,0.5358833198855791,-0.30908982918788974,-0.5237938305911373,-0.10912021728378625,0.24051363966316414,-0.6073956734901773,-1.2880428562985489,0.0,-2.102413386629227,0.0,-0.39592440137663276,-1.0534232855595813,-0.6593875199868524,0.4285810634931317,-0.7932410370343729,-1.6016883405054412,0.0,3.3433172891087253,-0.7111933020545604,-0.40209645517715625,-0.7106074665422979,-0.3521110599294656,0.0,0.0,0.0,-0.3110000654842668,-0.0037960879766478846,-0.0011105858092595568,-0.09375815521898713,-0.06327084396972067,0.05588102943640919,2.72303925045562
53,5893.029796413011,0.0,0.0,0.0,0.0,0.0,0.0,0.0,0.0,0.0,-2.822836117513895,1.6187161141753192,-0.4639643723687416,-0.5098176280544051,0.41161693788701303,0.41270019125163004,-0.2567483805546988,-0.6285749468136717,0.0,-0.8801880629949724,0.535061907035102,-0.3081805457636292,-0.52502649419258,-0.10820395473634183,0.2410185795023309,-0.6055622456300723,-1.2897092921221998,0.0,-2.1012693582066704,0.0,-0.3929101679545975,-1.0555530145713337,-0.6589474232487033,0.4279026915320696,-0.7985866184556452,-1.624917716349819,0.0,3.340828074926919,-0.7125827820452626,-0.4016942921251498,-0.7102634388152413,-0.3529986083234065,0.0,0.0,0.0,-0.31129646582790477,-0.0037841374314558536,-0.0011066338666088033,-0.09163417927093112,-0.06319234123928578,0.08342314718394768,2.7241797871949056
54,5893.021536709378,0.0,0.0,0.0,0.0,0.0,0.0,0.0,0.0,0.0,-2.8216283362030254,1.6175322364841924,-0.4631090292950785,-0.5079135611108964,0.4114565955380322,0.4124465399907573,-0.25605052879850304,-0.6269514462487197,0.0,-0.880591969330334,0.5345249723226614,-0.30830139892354513,-0.5255398342794206,-0.10780046117788314,0.24130712640844737,-0.6049954336803015,-1.2892487787076525,0.0,-2.102248685226648,0.0,-0.3919882417464884,-1.056379920830812,-0.6581495549195456,0.42843367417015443,-0.8004542699650494,-1.6350429273666522,0.0,3.3402840127305837,-0.7134304994787738,-0.40221044447246307,-0.7103618948269383,-0.3534231277591916,0.0,0.0,0.0,-0.31114148059262403,-0.0037811105627410285,-0.0011056176980201232,-0.09056243100464449,-0.0631547264632344,0.10007289022877654,2.7250577291001634
55,5893.018847160252,0.0,0.0,0.0,0.0,0.0,0.0,0.0,0.0,0.0,-2.820161534194392,1.6173115414025336,-0.46079008975898766,-0.5069690814320009,0.4100908207275385,0.41219570320758175,-0.2567141286932813,-0.6258995927833833,0.0,-0.8805957347059722,0.5347944969592754,-0.3083797279447255,-0.5258337642562039,-0.10798431650149186,0.24140435449913178,-0.6049711394291244,-1.288746314601159,0.0,-2.104721561452014,0.0,-0.39243491202721487,-1.0574315098124356,-0.6585048016365533,0.4295540123655925,-0.8014156934264784,-1.6393516508086443,0.0,3.341073637188915,-0.7137394085229092,-0.40290365953378615,-0.7108010338060506,-0.3536575301013585,0.0,0.0,0.0,-0.31099550704992207,-0.0037777778781230044,-0.0011045518993200935,-0.08868942801153856,-0.06312376931528371,0.12247680847340275,2.7270091176322007
56,5893.017472893063,0.0,0.0,0.0,0.0,0.0,0.0,0.0,0.0,0.0,-2.8191932038555194,1.617488371386621,-0.4595182997531991,-0.5073035470160464,0.4089927612250542,0.4118060498332238,-0.2577523325020277,-0.6262255461007882,0.0,-0.8800655586177181,0.5350189912898785,-0.30844827814050607,-0.5256225931837483,-0.10829150822379555,0.24126522709623727,-0.6053318421107566,-1.288052125654498,0.0,-2.1048083879361674,0.0,-0.39317966592871334,-1.056874489672604,-0.6583703958710739,0.4298293015703921,-0.8000604572837845,-1.6336486307787448,0.0,3.3415656892434265,-0.7134475321252619,-0.403124785253828,-0.7109485437061633,-0.3534914916356239,0.0,0.0,0.0,-0.3108979188540598,-0.0037793267561624035,-0.0011050803808343097,-0.08887789096970852,-0.06312666777983879,0.12274914147682915,2.7273134735853204
57,5893.0172590824095,0.0,0.0,0.0,0.0,0.0,0.0,0.0,0.0,0.0,-2.8193928480103327,1.6177330928474658,-0.4593289712007672,-0.5076551876480334,0.40889969682715716,0.41186484370375276,-0.2580546262635977,-0.6264935374940731,0.0,-0.8800130850920763,0.5349844641742842,-0.30850107816690087,-0.5255482501728315,-0.10823038182523777,0.24121349922558444,-0.6053723963646808,-1.2880135464775668,0.0,-2.104666550009872,0.0,-0.39337103781110344,-1.0567404404309715,-0.6586421832784395,0.42965409465927595,-0.7999409455098188,-1.6318526759323473,0.0,3.3416086014586446,-0.7133321774961348,-0.40304495972782617,-0.7108962012426417,-0.35332805518513427,0.0,0.0,0.0,-0.31092802792282337,-0.003779757124468449,-0.0011052319847939186,-0.08878354994475952,-0.06312616981063726,0.12392137994169833,2.7276429945552634
58,5893.017050431036,0.0,0.0,0.0,0.0,0.0,0.0,0.0,0.0,0.0,-2.8197488289229327,1.6181342899516649,-0.4591276844692286,-0.5082210287513135,0.40882623225163345,0.4120267156225111,-0.2584463055592199,-0.6268789173830964,0.0,-0.8800061809121715,0.53513427750727,-0.3084370944982218,-0.5254396349399808,-0.10823703734914225,0.24113729586463012,-0.6054357091057647,-1.2881969121139858,0.0,-2.1045155304944827,0.0,-0.39361509157326174,-1.0566409565147878,-0.6591646242581053,0.42952615421594775,-0.7999772996385691,-1.6302816371365187,0.0,3.341663038244993,-0.7131745857157723,-0.40293463054008105,-0.7108406795015595,-0.3531163926084621,0.0,0.0,0.0,-0.3109603610077263,-0.0037801465263661675,-0.0011053695963957324,-0.08865693132339585,-0.06312275454126179,0.12557759575561087,2.7282794093471927
59,5893.016865228392,0.0,0.0,0.0,0.0,0.0,0.0,0.0,0.0,0.0,-2.820054274929885,1.6183665975353054,-0.4591112964694603,-0.5085976209325137,0.40888801872170283,0.4121911065987026,-0.25862011205896623,-0.6270968875795688,0.0,-0.8800338349378583,0.5351534577391073,-0.30844460006728575,-0.5254059937877797,-0.10819411941367713,0.24111293368301512,-0.6054571741697764,-1.2883183439255903,0.0,-2.104497826418236,0.0,-0.3936947756151361,-1.0566271082797554,-0.6595138089941703,0.4294583096102617,-0.8001896446109711,-1.6301358487801065,0.0,3.3416832763748725,-0.7131138481408036,-0.40287296677630663,-0.7108085088092125,-0.35300084265505305,0.0,0.0,0.0,-0.3109591499464142,-0.0037803834974584945,-0.0011054502930348503,-0.08857127451474534,-0.0631176804266086,0.1267544465741233,2.7288937601748056
60,5893.016320567951,0.0,0.0,0.0,0.0,0.0,0.0,0.0,0.0,0.0,-2.820762864746971,1.618825838315838,-0.4592863708700497,-0.5093923104645021,0.40918498200851844,0.41259606760250944,-0.25883761638177366,-0.6275142083832261,0.0,-0.880137425097055,0.5352529168199717,-0.3084182474772069,-0.5253862407603432,-0.10813725447919754,0.24109207498755916,-0.605497433427531,-1.2886862866262325,0.0,-2.104635841730004,0.0,-0.3937656507437807,-1.0566797877778984,-0.6601682841961847,0.42945723337596586,-0.8007703608303749,-1.630967695849526,0.0,3.3417550706763333,-0.7130457598758445,-0.40277714799578823,-0.7107753001491978,-0.3528459893251377,0.0,0.0,0.0,-0.3109187256046526,-0.003780827308308546,-0.0011055956838703998,-0.08838091844153674,-0.06310000988290006,0.12943549919726333,2.730665840419506
61,5893.01533579267,0.0,0.0,0.0,0.0,0.0,0.0,0.0,0.0,0.0,-2.821651309655538,1.6192940808388843,-0.4597207352874758,-0.5102565159563578,0.40973125495858037,0.41310238084486084,-0.2589052474869131,-0.6279298187633786,0.0,-0.8802838121012353,0.5353325193209169,-0.3084368182433137,-0.5254281848598591,-0.10805818509811282,0.2411166664026975,-0.6055392723781012,-1.2891313987221846,0.0,-2.1050245627638278,0.0,-0.3937320159345769,-1.0568606236619706,-0.6607602715220734,0.4295638835231625,-0.8015312811246628,-1.6329751001791135,0.0,3.341894412853991,-0.7130413341842085,-0.4027061030743508,-0.7107670464102964,-0.3527784675527232,0.0,0.0,0.0,-0.31083891138885306,-0.0037812867404420783,-0.0011057410465639525,-0.08814816232415106,-0.06306626461763294,0.1327830760581889,2.7336444904895356
62,5893.012971635831,0.0,0.0,0.0,0.0,0.0,0.0,0.0,0.0,0.0,-2.8230286040117947,1.6199133965040695,-0.46065157297242476,-0.5114186498679708,0.41079689908347294,0.4138572374325808,-0.2587597162660446,-0.6284568505304607,0.0,-0.8805261849062038,0.5354744175056999,-0.30846489380182796,-0.5255828527532145,-0.10797309381296999,0.24120804807943158,-0.6056067530238223,-1.2898423431458474,0.0,-2.1059196156936197,0.0,-0.39354856220127976,-1.0573453353961348,-0.6613674319500435,0.42988318516640844,-0.8026581909711317,-1.6370550506482164,0.0,3.3421833400194827,-0.7131284953891222,-0.4026439551491195,-0.7107814319186188,-0.35285029282735964,0.0,0.0,0.0,-0.3106899046118991,-0.003781880562224478,-0.0011059227496878533,-0.08777997760189643,-0.06298407534902407,0.13816313233280988,2.7402823711222752
63,5893.0076763459265,0.0,0.0,0.0,0.0,0.0,0.0,0.0,0.0,0.0,-2.8248930165294226,1.6206109631225254,-0.46221065393274446,-0.5127233210580916,0.41251849303417126,0.4148011968718509,-0.25825292987661363,-0.6290194171149309,0.0,-0.8808708310720492,0.5356584587763551,-0.3085550258223736,-0.5258896094394404,-0.10787784341659061,0.24140514625371187,-0.6057029518062877,-1.2907932327237932,0.0,-2.1075293609857306,0.0,-0.39314025908830297,-1.058311066532061,-0.6617705282534124,0.4304512964895916,-0.8040523592750501,-1.64354609871405,0.0,3.342618625425731,-0.7133351662413734,-0.4025890898866523,-0.7107872351622037,-0.35316562570977256,0.0,0.0,0.0,-0.3104711270159208,-0.003782458898741189,-0.0011060920338631175,-0.08724453427564033,-0.06279909929640068,0.1460798613731319,2.7542940639132265
64,5892.995495296973,0.0,0.0,0.0,0.0,0.0,0.0,0.0,0.0,0.0,-2.827293387552377,1.62132433780151,-0.4646125032535702,-0.5140031360472177,0.4151202565430514,0.41587120287401985,-0.2571789962338464,-0.6295386041387365,0.0,-0.8813602274039678,0.5359149821120115,-0.30869950148889636,-0.5264167746228018,-0.10780741883757376,0.24175212429744916,-0.6058360394296912,-1.2920172528980938,0.0,-2.110201882467297,0.0,-0.3924117948293506,-1.0600332989234447,-0.6617141624473215,0.43134773899088147,-0.8055771640577765,-1.653032431152013,0.0,3.3430746701659406,-0.7136637997881266,-0.4024801900117461,-0.710678034766804,-0.3538620590985232,0.0,0.0,0.0,-0.3101604787192862,-0.0037827159419833237,-0.0011061513997856712,-0.08643460193268757,-0.06237002335240609,0.15816533335008215,2.7854470755529777
65,5892.970146136884,0.0,0.0,0.0,0.0,0.0,0.0,0.0,0.0,0.0,-2.8296069421325787,1.6216849905053616,-0.4675861552562956,-0.5145708515454105,0.41825537070088187,0.4166254977647703,-0.25545992050426275,-0.6296997893301517,0.0,-0.8819620251992789,0.5361697994025567,-0.30891144871824405,-0.5270850062448798,-0.10779544213602424,0.24224367076897194,-0.6059621453473327,-1.2932291618566847,0.0,-2.113831845564868,0.0,-0.39141101586204896,-1.0624480200627566,-0.6607801242843837,0.43241800908897754,-0.8065270318000993,-1.6638401287094107,0.0,3.342936207083041,-0.7139196088580797,-0.40213510365631594,-0.7101732078137513,-0.35494429270911226,0.0,0.0,0.0,-0.30977009177448644,-0.003781759447495871,-0.0011058289668969858,-0.0853281933086127,-0.06145609156013976,0.17483092025327812,2.850349113562582
66,5892.928784609638,0.0,0.0,0.0,0.0,0.0,0.0,0.0,0.0,0.0,-2.829926306555677,1.6208847375232218,-0.46972094460342473,-0.5131369889786017,0.4201658279092245,0.4160558009025752,-0.25357299715113824,-0.6289068827615022,0.0,-0.8824108436009644,0.5361684302899532,-0.3090490134753817,-0.5274642627563845,-0.10790032078815975,0.24267050795724684,-0.6059390581989096,-1.293653256389542,0.0,-2.1168220368814024,0.0,-0.390656403543977,-1.064381859519233,-0.6588092311157454,0.43299648798699536,-0.8053271768411159,-1.6691645746006818,0.0,3.3409243861959377,-0.7135410370890354,-0.4011912287354621,-0.7088327573680457,-0.3559354765319188,0.0,0.0,0.0,-0.3093862667421464,-0.003778396492308507,-0.0011047866682578386,-0.08431190114883624,-0.059881830300461646,0.19046338824303272,2.9625148980922957
67,5892.879808316857,0.0,0.0,0.0,0.0,0.0,0.0,0.0,0.0,0.0,-2.8260694205501333,1.6183116682962995,-0.46882843744931346,-0.509040714163528,0.4181307994640578,0.41340592125250636,-0.2527744149234557,-0.6268459694268943,0.0,-0.8822075284409898,0.5355824471137113,-0.30888427353952286,-0.5268919608260837,-0.10809695429229063,0.24261894150152785,-0.6055858918176013,-1.2924326146108456,0.0,-2.115709855770128,0.0,-0.3910348458822862,-1.0634845096303704,-0.656745103444208,0.43206163879352694,-0.8010028178189711,-1.6596730834689508,0.0,3.3367475059254113,-0.7121616209773974,-0.3996582888961096,-0.7068479942220963,-0.355850292066065,0.0,0.0,0.0,-0.3092609391635414,-0.003773380559101611,-0.0011032868431063664,-0.08457849821463975,-0.05826368782953555,0.18693971532189824,3.083086977337095
68,5892.827957497119,0.0,0.0,0.0,0.0,0.0,0.0,0.0,0.0,0.0,-2.8189027714684176,1.6149974108124994,-0.4643470440672913,-0.5035055647193828,0.41182514820755717,0.40970677702581165,-0.25379518390486866,-0.6242230666199933,0.0,-0.8817297199743844,0.5347204529412753,-0.30841090974248625,-0.5255982798157522,-0.1084251803729362,0.24201531088433348,-0.6048936339787604,-1.289245144516957,0.0,-2.108621977886592,0.0,-0.39255234823074997,-1.0592455447747406,-0.655840640644232,0.42958916876999087,-0.7956377486618417,-1.6359170483226557,0.0,3.331008399069145,-0.7104951177261882,-0.39811548221517595,-0.7050267246466685,-0.3542804831618486,0.0,0.0,0.0,-0.3095483423912634,-0.0037676908059409973,-0.0011015060538463438,-0.0869538774217345,-0.057107184883037454,0.15025780614966006,3.177351908983736
69,5892.816307834478,0.0,0.0,0.0,0.0,0.0,0.0,0.0,0.0,0.0,-2.817415402812621,1.6157135060140733,-0.4608982163617116,-0.5034007001974571,0.40835028362034237,0.4099330510981444,-0.2558297544033736,-0.6245497343567112,0.0,-0.8824634325857352,0.5348406307939372,-0.30843404003769936,-0.5253044736600267,-0.10858382983483993,0.24167009501643105,-0.6045965483639413,-1.2870854567510002,0.0,-2.1024401217361355,0.0,-0.3933722882292958,-1.0569382473207038,-0.6574976491093057,0.4285139981757142,-0.796573972600598,-1.6249260032538433,0.0,3.3267758212353264,-0.7100330965145205,-0.3976779068616019,-0.7045698888807446,-0.3525551971208844,0.0,0.0,0.0,-0.3095593745492246,-0.0037639958792401867,-0.0011001772267393154,-0.08932770217666947,-0.05621255855427429,0.1128461880282419,3.246010027675743
70,5892.815057361037,0.0,0.0,0.0,0.0,0.0,0.0,0.0,0.0,0.0,-2.8175481733824874,1.616411259939568,-0.45959103685861585,-0.5053903190117642,0.4077442104942604,0.4108135440783645,-0.25717063803305956,-0.6253487848855125,0.0,-0.8821003532238764,0.5346856428126845,-0.3085128532352999,-0.5250496682353452,-0.10836638165177068,0.24151179679611678,-0.604710190614463,-1.2874297121923446,0.0,-2.1021694055905873,0.0,-0.39357754182828325,-1.056286259120244,-0.658273951401166,0.4289466304115847,-0.7975960863612404,-1.6253270056343656,0.0,3.327593957042746,-0.7096692841991155,-0.39810436586296194,-0.7049686964549177,-0.352158477151376,0.0,0.0,0.0,-0.309159585916808,-0.0037658276364371194,-0.001100836448339874,-0.08949814791152469,-0.056553552175043695,0.11080511973552154,3.2238640163660652
71,5892.8137184377965,0.0,0.0,0.0,0.0,0.0,0.0,0.0,0.0,0.0,-2.8180782520244745,1.6169152371488316,-0.4591917020187561,-0.506608933083915,0.407989123417312,0.41150441251721204,-0.2576637965894722,-0.6257930558022423,0.0,-0.8822352412673395,0.534785878429886,-0.3085423100359816,-0.5250842783875787,-0.10831085324535407,0.24155380763219886,-0.6047596485736064,-1.2875799238542847,0.0,-2.1029094696992225,0.0,-0.39348454137194655,-1.0562734700363474,-0.65848371787803,0.42951399169723686,-0.7984563879804324,-1.6277742342511725,0.0,3.3276276956623785,-0.7095844851587155,-0.398273468064838,-0.7050386612891031,-0.35212303852303745,0.0,0.0,0.0,-0.3088146572997347,-0.003765743182364572,-0.0011008116800451954,-0.08899177279031102,-0.056421259713320404,0.11841530809679637,3.233126724277498
72,5892.813468641172,0.0,0.0,0.0,0.0,0.0,0.0,0.0,0.0,0.0,-2.818396933194475,1.6171155080698885,-0.45900236057205973,-0.5073199256203238,0.40810973663300004,0.4119633441746388,-0.2578945673974331,-0.626040468734312,0.0,-0.8824356612331076,0.5348201893686444,-0.3085045358168159,-0.5250653280173134,-0.10826284808784148,0.24156702753437204,-0.6046986384733323,-1.287559923911854,0.0,-2.102500319166316,0.0,-0.3933661322382399,-1.055961899460314,-0.6586985469952708,0.42965283792257064,-0.799004411856018,-1.6286286614257173,0.0,3.327207952323779,-0.709530376129202,-0.39825321383206996,-0.7049978765733576,-0.3519959888900357,0.0,0.0,0.0,-0.30861924507659716,-0.0037653743989796134,-0.0011006704442186534,-0.08908872757249707,-0.05629843767101877,0.11678049008637684,3.242907320069283
73,5892.813357367401,0.0,0.0,0.0,0.0,0.0,0.0,0.0,0.0,0.0,-2.818684807430611,1.617230642664009,-0.4589571944022219,-0.5078278293092819,0.40836255280221573,0.4122765773651834,-0.25799010403665174,-0.6262188464010834,0.0,-0.8825523933805898,0.5348260875603077,-0.3085132933560678,-0.5250801475987478,-0.10821298738635222,0.24159202369619945,-0.6046663826082621,-1.2875682476995105,0.0,-2.1024414017337603,0.0,-0.39325150444729834,-1.0558079006388286,-0.6587512480366633,0.4298031949114835,-0.7993336239426515,-1.6295879327003482,0.0,3.3270418223794103,-0.7095265831903173,-0.39826774496362044,-0.7049963075306509,-0.351973920560067,0.0,0.0,0.0,-0.3084799399545472,-0.0037651757456332786,-0.0011005967267937776,-0.08907107740645305,-0.056232824741262476,0.11697129138857879,3.248706431641422
74,5892.8133019697025,0.0,0.0,0.0,0.0,0.0,0.0,0.0,0.0,0.0,-2.8188429747105763,1.6172430103644746,-0.4590404053106432,-0.5079425333286098,0.4086026794184556,0.41235169247841147,-0.25792623505078827,-0.6262726661451233,0.0,-0.882607808320749,0.5348290713186247,-0.30852404818020923,-0.5251192843599065,-0.10820257598520908,0.24161616295406171,-0.6046551137936561,-1.2875851847324682,0.0,-2.1025390878110684,0.0,-0.39317850730017473,-1.055850060294599,-0.6586732715296001,0.4298631817669048,-0.7993705473283297,-1.6300685304103015,0.0,3.3269439354736794,-0.7095361957950881,-0.39825144354611947,-0.7049695194979376,-0.35201758072313605,0.0,0.0,0.0,-0.3084460591131112,-0.003765004661177709,-0.0011005400083063277,-0.0890396340645588,-0.05617381258891307,0.11741662015951125,3.254035836660442
75,5892.813291380187,0.0,0.0,0.0,0.0,0.0,0.0,0.0,0.0,0.0,-2.818827783149245,1.6172116112584878,-0.4591122609350592,-0.5077947143693368,0.4086399950184135,0.4122645321756096,-0.257846184961414,-0.6262295221882613,0.0,-0.8826017873344087,0.5348343550433012,-0.3085309822799567,-0.5251371961300338,-0.10821901132576234,0.2416219844257335,-0.6046655385774375,-1.287591976243939,0.0,-2.1026412032429613,0.0,-0.39318087334335655,-1.0559781879433605,-0.6586151384207857,0.4298283030599266,-0.7992698135827115,-1.6299648697677924,0.0,3.3269330514023863,-0.7095363502150301,-0.39822785198393584,-0.7049403841590315,-0.3520527670715726,0.0,0.0,0.0,-0.3084879819174593,-0.003764959575767506,-0.0011005271238794306,-0.08902495292208823,-0.056150237878872494,0.11763648583278012,3.256155316102988
76,5892.813290104549,0.0,0.0,0.0,0.0,0.0,0.0,0.0,0.0,0.0,-2.818793180264091,1.6172000804859612,-0.4591407320264259,-0.5076938774574427,0.40860536668595626,0.4122056742812359,-0.25781643445887076,-0.6261962359879802,0.0,-0.8825907569303064,0.5348399416898444,-0.30853029185020303,-0.5251400122510966,-0.108231165388704,0.24161932976445558,-0.6046745362579852,-1.2875986201003935,0.0,-2.1026800435318034,0.0,-0.39319536484857553,-1.0560490633131194,-0.658610012760547,0.4297955605377841,-0.7992207625387495,-1.6298291241131844,0.0,3.3269424712802675,-0.7095331509010327,-0.39821568203668295,-0.7049260253225555,-0.35206160637762585,0.0,0.0,0.0,-0.3085174196563179,-0.003764968280627725,-0.0011005309164642768,-0.08902053102102918,-0.05614598465081324,0.11770003605365452,3.25654003112438
77,5892.813289987416,0.0,0.0,0.0,0.0,0.0,0.0,0.0,0.0,0.0,-2.818781381437161,1.6172013314158065,-0.45914904458009537,-0.5076680825197208,0.40858164766848426,0.4121927754873956,-0.2578129603461108,-0.6261866945502977,0.0,-0.8825879313856215,0.5348413336870304,-0.308530480119862,-0.5251384377475428,-0.10823348866699918,0.24161767817261126,-0.6046769480508489,-1.2876028964464068,0.0,-2.1026832435423617,0.0,-0.3932011739420846,-1.0560635544716206,-0.6586188150869758,0.4297847247592803,-0.7992176589290333,-1.629789969582184,0.0,3.3269458173030877,-0.709531435435479,-0.398212072502949,-0.7049222575956359,-0.352059831140974,0.0,0.0,0.0,-0.30852437229434587,-0.0037649771324123624,-0.0011005339296288224,-0.08901950356404519,-0.05614626175957938,0.1177118828887147,3.256518520386524
78,5892.8132899681395,0.0,0.0,0.0,0.0,0.0,0.0,0.0,0.0,0.0,-2.818778258191541,1.6172038236626691,-0.4591530169633321,-0.507663141041777,0.40857027176112815,0.4121924220266636,-0.2578134831682621,-0.6261843147165589,0.0,-0.8825878954070986,0.5348414673007111,-0.3085302212712891,-0.5251375264207887,-0.10823376588921195,0.2416170300304067,-0.604677189066124,-1.2876052543399426,0.0,-2.1026802270243317,0.0,-0.39320342166890737,-1.0560628054650905,-0.6586250793324068,0.42978274240778236,-0.799222440504723,-1.6297852601570881,0.0,3.3269453041750876,-0.7095311399863827,-0.3982106435033455,-0.7049213994507098,-0.35205752390917944,0.0,0.0,0.0,-0.30852454049686434,-0.0037649806433689456,-0.0011005350328288834,-0.08901905533337351,-0.05614645230763529,0.11771662844374806,3.256503031547975
79,5892.813289966131,0.0,0.0,0.0,0.0,0.0,0.0,0.0,0.0,0.0,-2.818778045277465,1.6172046200651122,-0.4591543370829219,-0.5076636538633919,0.4085678158674105,0.41219405973308154,-0.257813919592847,-0.6261842170774384,0.0,-0.8825883369077145,0.5348411680521654,-0.3085304418917178,-0.5251372061468623,-0.1082334466375313,0.2416171119962064,-0.6046768188552096,-1.2876057567734798,0.0,-2.1026781337474647,0.0,-0.3932039986899203,-1.0560595433167463,-0.6586266142600221,0.4297835972701498,-0.7992253574626956,-1.6297894383409117,0.0,3.3269441422443546,-0.7095313380323038,-0.39821032239466797,-0.7049215687189642,-0.3520565826366311,0.0,0.0,0.0,-0.30852344187328135,-0.003764980410849204,-0.001100534922609633,-0.08901892237298821,-0.05614639757853625,0.11771833210157198,3.2565079088353666
80,5892.813289965949,0.0,0.0,0.0,0.0,0.0,0.0,0.0,0.0,0.0,-2.8187779881289443,1.6172046559466606,-0.4591546605270652,-0.5076638942550554,0.40856755950460477,0.41219471020446563,-0.2578139643708096,-0.6261842229701752,0.0,-0.8825884968750696,0.5348409974954978,-0.30853043522273843,-0.5251372305642329,-0.10823337987270654,0.24161719321625938,-0.6046766235971631,-1.2876057025784764,0.0,-2.102677434736058,0.0,-0.39320422276683387,-1.0560579840509856,-0.658626653980398,0.42978427077026193,-0.799226142927552,-1.629791721257421,0.0,3.326943587672027,-0.709531551069033,-0.3982102564676478,-0.7049217530238251,-0.35205637062807543,0.0,0.0,0.0,-0.30852290856781445,-0.003764979947540794,-0.001100534762922346,-0.0890188963953476,-0.056146348747274276,0.11771889328256484,3.256512005272358
81,5892.813289965935,0.0,0.0,0.0,0.0,0.0,0.0,0.0,0.0,0.0,-2.8187778955399856,1.617204574014829,-0.45915472029952453,-0.5076638044382947,0.4085675607954631,0.41219477920539876,-0.25781393260077734,-0.6261841800697909,0.0,-0.8825885165588576,0.5348409506058828,-0.3085304820046867,-0.5251372231074154,-0.10823335800197373,0.2416172343551641,-0.6046765669033091,-1.2876056573682595,0.0,-2.102677311574026,0.0,-0.39320431094680736,-1.0560575888567276,-0.6586265496199708,0.42978444707234786,-0.7992262460977057,-1.6297922440212746,0.0,3.326943454955632,-0.709531607576892,-0.3982102467027212,-0.7049218169280055,-0.35205634609897957,0.0,0.0,0.0,-0.3085227976060182,-0.0037649797426208683,-0.001100534696648741,-0.08901889737335997,-0.056146337886933795,0.1177189800680658,3.2565128320435193
82,5892.813289965935,0.0,0.0,0.0,0.0,0.0,0.0,0.0,0.0,0.0,-2.8187778548437064,1.6172045472196142,-0.45915472509028893,-0.5076637359182379,0.40856755343925344,0.4121947620470915,-0.2578139204350028,-0.6261841533866596,0.0,-0.8825885104547417,0.5348409413732547,-0.3085304686542564,-0.525137234887632,-0.108233369595224,0.24161723559823045,-0.604676562373621,-1.2876056386258035,0.0,-2.102677303488119,0.0,-0.39320433699865737,-1.0560575438172015,-0.6586265239681937,0.4297844719645569,-0.7992262430958772,-1.6297922855693503,0.0,3.3269434387142987,-0.7095316241815292,-0.3982102423667875,-0.7049218281884713,-0.3520563478268927,0.0,0.0,0.0,-0.30852278849397513,-0.003764979721499017,-0.001100534690265289,-0.08901889940297224,-0.05614633853822134,0.11771897929357326,3.256512739046102
83,5892.813289965935,0.0,0.0,0.0,0.0,0.0,0.0,0.0,0.0,0.0,-2.818777847922617,1.6172045431577333,-0.45915472639674015,-0.5076637228667662,0.40856755079103213,0.41219475375975184,-0.2578139209781615,-0.6261841486230599,0.0,-0.8825885093604249,0.5348409428500835,-0.30853047466776873,-0.5251372304011342,-0.10823336813179676,0.24161723686284853,-0.6046765623890095,-1.28760564115153,0.0,-2.102677306206929,0.0,-0.3932043390855368,-1.0560575472308844,-0.6586265231366432,0.4297844675882092,-0.7992262444115841,-1.629792276926398,0.0,3.326943440392593,-0.7095316212064176,-0.3982102423087515,-0.7049218282287307,-0.352056348131428,0.0,0.0,0.0,-0.3085227915553599,-0.0037649797184863528,-0.001100534689416222,-0.08901890002380494,-0.056146339235764064,0.11771897071168842,3.2565126730699614
std.err,,,,,,,,,,,0.1400140404447413,0.16709342693562781,0.1373191946949768,0.19668082269882628,0.11761304140532367,0.16061175545205514,0.1371099208039018,0.19743813429457727,,0.11625404706269345,0.16637298578021398,0.09443147838602099,0.1344769675738793,0.08398890264932915,0.11435755294095043,0.10117642821040061,0.18936136740074333,,0.2036280065823802,,0.1888732462925823,0.3332053035906597,0.1841228393751713,0.21929992228565529,0.2402138822557676,0.5172156720544658,,0.10658841753331716,0.17232084381649918,0.09196870841361164,0.11277433360287854,0.0788240922708091,,,,0.08078025223197488,1.9161949346527374E-4,6.337564037845095E-5,0.02526328593513856,0.011023026357661246,0.3462009958657602,0.9324398919930702
t.test,,,,,,,,,,,-20.132108458330585,9.678445004187722,-3.343703896725053,-2.581155172632882,3.4738286325153958,2.5664046358225487,-1.8803447589098512,-3.171546119296258,,-7.591894920307272,3.2147102508374283,-3.267241813228263,-3.9050347421957814,-1.2886627246898703,2.1128227270446214,-5.976456898948432,-6.799727203208164,,-10.326071258553844,,-2.0818424356217533,-3.16938997023962,-3.577103880060292,1.959802188294355,-3.327144280365147,-3.1510883466709245,,31.212992156044205,-4.117503173104136,-4.329844891567654,-6.250729272416093,-4.46635461302743,,,,-3.8192848255707563,-19.648208281944246,-17.365263417368592,-3.5236469338293426,-5.093550302248993,0.3400307108224902,3.4924639121876644
p.val,,,,,,,,,,,0.0,0.0,8.266792043596372E-4,0.009847030982965022,5.130886142825641E-4,0.010275887709566334,0.06006110694389344,0.0015162978930141069,,3.1530333899354446E-14,0.0013057625135552975,0.0010860087494477533,9.421184929325754E-5,0.19751536667416714,0.03461594368181453,2.2804285126909463E-9,1.0481837620091028E-11,,0.0,,0.03735686420227946,0.0015275928422406881,3.4742213274818745E-4,0.050018915384681506,8.774093167147612E-4,0.0016266327971172778,,0.0,3.8299925780194144E-5,1.4921440473436576E-5,4.085405347353799E-10,7.956368803796465E-6,,,,1.3383915110320999E-4,0.0,0.0,4.256510191396057E-4,3.514197552956233E-7,0.7338334005168161,4.7858625995100823E-4
