Iteration,LL,asc_carD,b_carD_age_gr_under16,b_carD_age_gr_40_54,b_carD_age_gr_55up,b_carD_female,b_carD_hhcars_0,b_carD_hhcars_2,b_carD_hhcars_3,asc_carP,b_carP_age_gr_under16,b_carP_age_gr_40_54,b_carP_age_gr_55up,b_carP_female,b_carP_hhcars_0,b_carP_hhcars_2,b_carP_hhcars_3,asc_pt,b_pt_age_gr_under16,b_pt_age_gr_40_54,b_pt_age_gr_55up,b_pt_female,b_pt_hhcars_0,b_pt_hhcars_2,b_pt_hhcars_3,asc_bike,b_bike_age_gr_under16,b_bike_age_gr_40_54,b_bike_age_gr_55up,b_bike_female,b_bike_hhcars_0,b_bike_hhcars_2,b_bike_hhcars_3,asc_walk,b_walk_age_gr_under16,b_walk_age_gr_40_54,b_walk_age_gr_55up,b_walk_female,b_walk_hhcars_0,b_walk_hhcars_2,b_walk_hhcars_3,b_car_time,b_pt_time,b_bike_cost,b_walk_cost,g_bike_grad,g_bike_stressLink,g_bike_stressLink_c,g_bike_stressLink_e,g_walk_vgvi,g_walk_speed
0,30320.955757936834,0.0,0.0,0.0,0.0,0.0,0.0,0.0,0.0,0.0,0.0,0.0,0.0,0.0,0.0,0.0,0.0,0.0,0.0,0.0,0.0,0.0,0.0,0.0,0.0,0.0,0.0,0.0,0.0,0.0,0.0,0.0,0.0,0.0,0.0,0.0,0.0,0.0,0.0,0.0,0.0,0.0,0.0,-0.1,-0.1,0.0,0.0,0.0,0.0,0.0,0.0
1,30006.20306985376,0.0,0.0,0.0,0.0,0.0,0.0,0.0,0.0,-4.3695460318843833E-7,0.0,-2.2786995426932906E-7,-2.5643998921882466E-7,-1.683934690364373E-7,-5.573816643602191E-8,-1.0528403241996536E-7,-6.662315029476454E-8,-1.2840136250747552E-6,-3.0317763158164744E-7,-3.05751973003261E-7,-3.804202027081612E-7,-6.610199902799017E-7,-1.649862131451269E-7,-3.9758208464807156E-7,-1.4785327355468625E-7,-4.303797306477828E-7,-6.989715807130328E-8,-1.0123025747837854E-7,-1.5722152357363273E-7,-2.6152469524871334E-7,-5.6385664816357747E-8,-1.2633341168341965E-7,-4.851111555529532E-8,1.8393966706166344E-6,1.7375417428268237E-7,5.037177435569713E-7,6.617027318931525E-7,1.0053450640493514E-6,2.7195792071409936E-7,0.0,2.1399971863097363E-7,2.6688167922259506E-4,-0.002677782600890813,-0.10000099089490273,-0.09997190434429672,1.5004784936754698E-9,7.390180073726855E-8,3.450823075523178E-8,3.412685738847823E-8,-1.8864547628177024E-6,-1.7170346773513386E-6
2,28882.325973514955,0.0,0.0,0.0,0.0,0.0,0.0,0.0,0.0,-3.6099412319310376E-5,0.0,-1.2220724753867053E-5,-1.4328110270135839E-5,-1.6331587510983256E-5,-4.8969588288521E-6,-1.0015108893751092E-5,-4.5290280785182755E-6,-6.789787527769359E-6,-2.2121151977197852E-6,-1.8473475232250518E-6,-1.9694912275999767E-6,-3.420911062876394E-6,-5.370184816523932E-7,-2.306067259441672E-6,-8.682749702448695E-7,-2.0824085495521316E-5,-4.000650254395866E-6,-4.799620648642034E-6,-7.190849925423416E-6,-1.2220496241430302E-5,-2.8181705194132736E-6,-6.111165715487127E-6,-2.265674470020478E-6,6.55042797831807E-5,5.968484071422424E-6,1.8006550931133112E-5,2.3648275543549272E-5,3.5826304978513356E-5,9.674232309933024E-6,0.0,7.655319120051889E-6,-0.0055893980122634565,-0.003632279144739104,-0.10007191792879602,-0.09899563488435895,9.532744344358911E-8,5.552988023391387E-6,2.261491827908496E-6,1.9665267282249793E-6,-6.741003398631304E-5,-6.137239170887806E-5
3,24535.172750254427,0.0,0.0,0.0,0.0,0.0,0.0,0.0,0.0,-0.0015434645272548568,0.0,-5.925299191532301E-4,-6.857619365436061E-4,-6.740410084483236E-4,-2.064295343073636E-4,-4.156683042714788E-4,-2.039894740242269E-4,-2.746704644569028E-4,-1.0051315320703474E-4,-7.885345663736483E-5,-7.855546612287411E-5,-1.3640333472680164E-4,-1.5092579764452992E-5,-9.763647492123623E-5,-3.7374541735131714E-5,-0.001959937634273889,-4.0334699658429996E-4,-4.513488235681537E-4,-6.338134529415834E-4,-0.001090545578831335,-2.630740817443251E-4,-5.858501482493632E-4,-2.184157162920737E-4,0.0035744107795890856,3.202711319793052E-4,9.842768872897103E-4,0.0012922059069174986,0.001955939384369993,5.282871783044507E-4,0.0,4.182592732535816E-4,-0.006523403311364592,-0.0037821883135617023,-0.12201267997043888,-0.04541860934643136,2.4327994510707523E-5,0.0018322242100266635,5.197610782124382E-4,5.193234373307221E-4,-0.00364760035693521,-0.0033212018531759684
4,22850.6329532854,0.0,0.0,0.0,0.0,0.0,0.0,0.0,0.0,-0.04302017721824041,0.0,-0.018256054715652177,-0.020725092396504077,-0.017687555348176523,-0.005671493990278315,-0.01129884623504537,-0.006032975266080334,-0.009061842863621645,-0.003419075062650592,-0.0026417844667469426,-0.0025749460268318083,-0.004467844163469712,-4.2332242011825004E-4,-0.0032842171946156893,-0.001266117981377101,-0.04096955099155345,-0.007041308288076455,-0.009665883554507234,-0.014325787414286686,-0.024011856914706232,-0.005418593998301416,-0.012093937420733007,-0.0045410269476796605,0.07683795729354598,0.0012812571538725983,0.02290112843964917,0.030300051564067496,0.043183424452827614,0.01191342447388264,0.0,0.009254557925049077,-0.016443618883487294,-0.005489964693820037,-0.29989639549221747,-0.10172348842387202,5.794813402910498E-4,0.04293221207040484,0.01231427453595021,0.012985569088771383,0.016455635478238414,0.018782363596754975
5,21786.409446586073,0.0,0.0,0.0,0.0,0.0,0.0,0.0,0.0,-0.28575075317269094,0.0,-0.12074119336348271,-0.1366070656671986,-0.1142220181485941,-0.03762341101024996,-0.07486356930453349,-0.04008033278478868,-0.04428875309754356,-0.019370995068850996,-0.013793166357617346,-0.013029573498902769,-0.020951255020648422,1.1351968486355906E-4,-0.01819447550348373,-0.007089808523181083,-0.26720980269692385,-0.04307050313446826,-0.06479629039666734,-0.09295605500396595,-0.15663052592555748,-0.035510338265727005,-0.07780442654322078,-0.028939322473774003,0.49032629525631855,0.003111842092146053,0.14744710377173237,0.1940583656356873,0.2740448384365703,0.07619164232501,0.0,0.05912372918055964,-0.029819842967372327,-0.007844353492597036,-0.48529808671660574,-0.18104251519121894,0.00877534278462339,0.6334802763891367,0.17053748909566555,0.18148342166254852,0.0740856234495073,0.09585029479215709
6,17836.947411981433,0.0,0.0,0.0,0.0,0.0,0.0,0.0,0.0,-1.1402267785788447,0.0,-0.462574761285961,-0.5201664197690903,-0.4411726097891189,-0.1527015391613057,-0.29517128030397993,-0.15447215362367367,-0.11061461162528723,-0.058852445241062035,-0.03991191117695837,-0.030091335801474092,-0.04708496862029096,0.010642214259918901,-0.05467227140467013,-0.02167873798337979,-0.7782292732818392,-0.11874750520989183,-0.18976449124607148,-0.2715773685839674,-0.46396133140817686,-0.100447188898037,-0.2252726158859577,-0.08614472377996604,1.7949103962470596,-0.006825514633705074,0.5446629038178412,0.7042574218001099,0.9785427714028472,0.2758090963125329,0.0,0.2192166465504258,-0.01892068443395823,-0.006235219366025315,-0.30051641284292774,-0.16899485954097052,0.00677391190186809,0.49970798083131174,0.15433922051340643,0.15598258414230595,0.2246497868312975,0.29027871080503453
7,17133.33236189717,0.0,0.0,0.0,0.0,0.0,0.0,0.0,0.0,-0.8691206856165155,0.0,-0.4931709959725409,-0.4972036665062363,-0.12947597420413604,-0.11593952212262648,-0.1638968435079134,-0.13246850178372757,-0.1824669094210036,-0.11272669929425036,-0.06271162850710851,-0.04647228568477533,-0.07122120759110569,0.021787772162419384,-0.0948642974391257,-0.037232536412976455,-0.9837923809909929,-0.19008143928671314,-0.22122892286140353,-0.3064352322454456,-0.5427922463955406,-0.11675208058089048,-0.2823137118847463,-0.1097871463481041,2.1544867675004777,-0.12079805281936849,0.6702246552816801,0.8261735710314129,1.0148582098353622,0.31406403230817814,0.0,0.2794915619629948,-0.017759356402360815,-0.005885077558375596,-0.2582734170166391,-0.1608304691043454,0.009593340042985782,0.44282328423752776,0.2606479072541864,0.07375933000868391,0.25443328591416703,0.367113192252264
8,16834.785581920754,0.0,0.0,0.0,0.0,0.0,0.0,0.0,0.0,-0.9827273700609085,0.0,-0.679186784727629,-0.5951183281140582,0.1644283016482619,-0.11961538379816745,-0.12732934647132105,-0.1517541611887556,-0.26541371119940543,-0.2163194649374917,-0.10137292422787197,-0.06296609152565694,-0.07693940047204731,0.06361409598105602,-0.16701400179451126,-0.06828093085146797,-0.9638360088262462,-0.1558518512062816,-0.1938661619002165,-0.2619961295943248,-0.40038896999360246,-0.072407524920481,-0.24519319961764874,-0.12501610921668427,2.3672706876788103,-0.37404262673599237,0.729394433736455,0.8115801057882133,0.7295062606098925,0.3022456476707862,0.0,0.3379695592066233,-0.017297845112758586,-0.0057432132539024785,-0.2552202588145633,-0.14767669371710998,0.030824948240056625,0.48956722768077504,0.1804826167541566,0.03162541312922184,0.3140899883633276,0.4624900570984989
9,16755.300595381228,0.0,0.0,0.0,0.0,0.0,0.0,0.0,0.0,-1.050450895500855,0.0,-0.7899279373865579,-0.6431553153736879,0.21941489692554605,-0.1024125821077555,-0.09336760826740216,-0.1500395967990554,-0.32700505608038244,-0.3279768342848739,-0.1416219668150084,-0.07331222762159513,-0.06456983198046808,0.11662388520993565,-0.23616645903707328,-0.10246301236522148,-1.0260909419544353,-0.24075490950672535,-0.13022456411979488,-0.254077321578672,-0.3527924900430353,-0.04945213907358346,-0.2381803586282331,-0.1256278364219922,2.4153671629597295,-0.539696942362946,0.6215145732172302,0.6729373525769813,0.6622390175112023,0.27286837526910585,0.0,0.33732946120513907,-0.01666478313361664,-0.005604145784054524,-0.2435751636199886,-0.12281195447910831,0.0541684446308424,0.446086776356842,0.30971884576618547,0.06935149220160639,0.4727779994478399,0.5753495080759574
10,16657.22905655963,0.0,0.0,0.0,0.0,0.0,0.0,0.0,0.0,-1.176714753606104,0.0,-0.9849736666268772,-0.7255962116541588,0.302679396628018,-0.06819396327638054,-0.022143122224588432,-0.13723221275488348,-0.42214565236250473,-0.5530768793158218,-0.21870300233788859,-0.08600383584156414,-0.021609158518535086,0.23207884709984616,-0.36992848169475206,-0.17092365407925683,-1.1748473390067675,-0.4013203532753882,-0.02575711459819971,-0.24006627490164156,-0.2935492259634588,-0.006905235968006969,-0.23095212255812836,-0.12679891841629318,2.5354055581032635,-0.8611107234746292,0.39456067372922826,0.3966062751268547,0.6022615060369891,0.22245949383327795,0.0,0.3282514314007808,-0.016813102750690173,-0.005587249575094935,-0.24481465369907804,-0.13329336253134672,0.10206490628542562,0.36617167484818475,0.5102857340146467,0.14575712713848488,0.46533755218663153,0.4314196813733726
11,16519.46713346917,0.0,0.0,0.0,0.0,0.0,0.0,0.0,0.0,-1.2135014978570644,0.0,-1.0901525569709511,-0.7283855780421165,0.3464009561603942,-0.007125845354049136,0.09387831369328564,-0.05851014802385608,-0.5509150427267534,-0.9103230747264335,-0.3402644947147778,-0.1075597476402567,0.05755421480873619,0.41489485000578563,-0.5647843525653127,-0.2797883271185045,-1.346853544758444,-0.4627030355714692,-0.007714884705749162,-0.19516686618565482,-0.27112426399205636,0.06256376102809708,-0.19252896221864582,-0.12579749885186295,2.692370773227683,-1.335551748490409,0.029601742412836307,0.039025993399773196,0.7594673989007904,0.17251339755659978,0.0,0.27152931767468164,-0.01655586910241907,-0.005438977153129079,-0.23517166690540647,-0.12983694134676832,0.18499912795638354,0.38419920689838444,0.31402088800662853,0.2087366217547259,0.5809062135995363,0.3163818439384079
12,16479.29457998105,0.0,0.0,0.0,0.0,0.0,0.0,0.0,0.0,-1.2223204125630933,0.0,-1.070051497507845,-0.7250145303152232,0.3258196442575629,0.022124301077271626,0.09870757433003807,-0.010288563049898655,-0.577070682044681,-1.0736434786214406,-0.3971638842958958,-0.11794104188799781,0.11563322578202678,0.5047976883691809,-0.6403828689923916,-0.3313758066234781,-1.326554679356325,-0.518591811246428,-0.024527658561460438,-0.10199648049822983,-0.21559642232644402,0.08869728162356756,-0.1350743623541421,-0.10383814363253549,2.78759989385696,-1.479163663145912,-0.10301344588189343,-0.03926394329448779,0.8184376005562553,0.18563812417718656,0.0,0.2287385955902292,-0.016438959119794833,-0.005388576364453096,-0.23634951171110957,-0.1300740756890787,0.23030010871000275,0.4227261716709095,0.32303504973020103,0.08580259122062715,0.625615793912145,0.2694553202042662
13,16418.25153220223,0.0,0.0,0.0,0.0,0.0,0.0,0.0,0.0,-1.2287302383327807,0.0,-0.8222786690163653,-0.6176539104882206,0.2806709259754854,0.09691069484188772,-0.0016989649586736655,0.1496341859069012,-0.5607671440882889,-1.571460185460364,-0.5825643472887034,-0.15366017962772935,0.3526702999141399,0.7933712135038822,-0.8245687075106318,-0.4959964523135251,-1.2138453875372341,-0.6768679224975491,-0.10193260965062699,-0.05627331170375917,-0.07511920953759024,0.14217974739315836,0.022450398702771157,-0.0037803498356499127,3.068274771905581,-1.6888963093861387,-0.330517949345287,0.007574938973134361,0.7427093345546977,0.31454237802267665,0.0,0.0736150077556513,-0.016179737005817752,-0.005298639717238668,-0.2392209527961951,-0.13109450779249243,0.3870778134446296,0.38568319071081864,0.336815665015058,0.26347507163275774,0.7360452902053587,0.16091823612992773
14,16353.175798810764,0.0,0.0,0.0,0.0,0.0,0.0,0.0,0.0,-1.3690562742466148,0.0,-0.535034930415161,-0.45270306096215124,0.2362112239152531,0.149704708548382,-0.08196713856271703,0.2481171403701054,-0.4782352559958139,-2.241135095143313,-0.8524316463170705,-0.224137135203667,0.6839767430536455,1.1813214965907675,-1.032284965247682,-0.7266424513416045,-1.2929816768237812,-0.9116881980500265,-0.3959501522576277,-0.02086680278678648,-0.21355929439436455,0.21467767344132738,-0.011869693032289227,0.10076612721202971,3.1709155988868862,-1.802833635714656,-0.28519426759558913,-0.11761061763864031,0.47565596165154966,0.4329099643066735,0.0,-0.056788522453632306,-0.016231296620171462,-0.005327265552971494,-0.23302985792701564,-0.12880087241214036,0.618391950694921,0.37763985004480616,0.30477698975947304,0.25052884486698046,0.8561995476291552,0.06210757232190636
15,16278.521394284075,0.0,0.0,0.0,0.0,0.0,0.0,0.0,0.0,-1.5991438558569255,0.0,-0.3609720964648898,-0.12886332557199714,0.23266503340008382,0.2188744659368516,0.1854831820581363,0.13569838153604336,-0.2969263013792546,-3.6328595076464563,-1.4612157056251283,-0.5163983695841287,1.200933916780332,1.8883729568270469,-1.3602120711550596,-1.2259375905270515,-0.8856379442054468,-1.2946011236715145,-0.3866638696836237,-0.11983814367412815,-0.469625867711716,0.5171574053670751,-0.16094460195193783,0.2260715920341455,2.995562581800941,-2.0839770170351835,0.1346442078688307,0.06121922299816024,0.5525434010243061,0.4493581326257585,0.0,0.0984176853615058,-0.01593551900439883,-0.005213411474866911,-0.2364603130161939,-0.1261405630716093,1.1666793856720683,0.3785760746410722,0.31982387182575445,0.26771301273859277,1.0520554232351869,-0.13002293333304263
16,16213.084319948803,0.0,0.0,0.0,0.0,0.0,0.0,0.0,0.0,-1.8203760513756813,0.0,-0.2633249612562716,-0.037086408350941166,0.42655820752278106,0.38331616643262023,0.08503707649556833,0.11751598202554414,-0.3834059802655814,-5.092751804979864,-2.140430491028661,-1.0645317469292634,1.2731859637818939,2.2698751992471338,-1.5663572410877902,-1.7591310471222106,-0.9297001327084456,-1.7288064313988327,-0.17423989601220496,-0.44278510362317663,-0.5588968420093806,0.527864812440212,-0.1773187377977254,0.06438649434825611,2.6046719918611196,-1.9391510937119962,0.05291264698920989,0.49022241980088066,0.5602338187303729,0.606271181059399,0.0,0.32863895812535904,-0.014966957138508145,-0.004751275775716255,-0.21465481901718866,-0.12259435712776304,1.8119614324307955,0.44243911454406304,0.14764369378081985,0.04589065698516695,1.076503942135256,-0.21071569188869985
17,16199.30483682804,0.0,0.0,0.0,0.0,0.0,0.0,0.0,0.0,-1.907778654009741,0.0,-0.23203378978886585,0.1221238675989267,0.5316912856114555,0.5608252596357913,-0.0518680909073245,0.23412355350039266,-0.6005931264998298,-7.032686213201086,-3.050152245898081,-1.8468869128507286,1.0158793865964317,2.380763224666666,-1.64866523598619,-2.465963125797131,-0.9002172380016763,-2.1525173532663655,-0.0847240912169601,-0.7196830255040532,-0.07199216512026974,0.42600631700077496,-0.07209669193353051,-0.16190606148081826,2.3290635356375193,-1.5744415957697409,0.596776252602945,0.2371460950758088,0.8363427782477542,0.9766762731860095,0.0,0.48106463870507765,-0.013039262477075276,-0.003849176633793907,-0.18966727256799928,-0.12434685732392999,2.7832639295108605,0.4550845768511877,0.004601780328909982,0.02655294204578203,0.863344413360483,-0.11487420468955246
18,16118.044156852966,0.0,0.0,0.0,0.0,0.0,0.0,0.0,0.0,-1.8577058160191668,0.0,-0.1748962663399891,-0.22159595562097462,0.4484236242759978,0.5289012760374953,0.14653342726701113,0.2778148219291726,-0.45975840927645295,-8.104502934272539,-3.4706196402361567,-2.1772169954415848,0.7733490314288909,2.081025029089189,-1.3928941863329953,-2.8407477231384686,-0.934739419049354,-2.0625397979518247,-0.33037056328543063,-0.6998667825517577,0.10613767493462783,0.46947194883720383,-0.2660988155547058,-0.15486785009231865,2.218348676336193,-1.6070190058483296,0.6105244513346652,0.34667077472688335,0.8473968100976833,0.9085102213408806,0.0,0.3563056246333447,-0.012421290246700621,-0.003560607783659445,-0.18092081387298548,-0.12435556074063757,3.494875661593097,0.40056297811648195,0.06219011780992798,0.07829746534311278,0.6751738820377832,0.018758881018666698
19,15939.4295058145,0.0,0.0,0.0,0.0,0.0,0.0,0.0,0.0,-1.7743382878241074,0.0,-0.48839478987350915,-0.2279910325028152,0.583897514600521,0.4723013441128718,0.09793978009242758,0.31187797827823954,0.23142541570613517,-9.94471311256487,-4.044313279287868,-2.5226644415915334,0.4330065293786415,1.3351697038105996,-0.6723067077668238,-3.4508632658313916,-0.8429557661883508,-1.657306487689382,-0.45348386810239083,-0.5249145233904513,-0.23483784771979055,0.4470460761379049,-0.0968590587511157,-0.1364695219565864,2.3774401716866738,-1.4550538397453845,0.4131313571236211,0.24758515819405952,0.8059897594735002,0.5754298392365538,0.0,0.2065862395686453,-0.011884239177236728,-0.003403601249271458,-0.1780886965825384,-0.12500562636190926,4.9382514697843565,0.3115886122080655,0.2054996306683629,0.1585953854299152,0.4546779778443183,0.2172773339259913
20,15862.156386902656,0.0,0.0,0.0,0.0,0.0,0.0,0.0,0.0,-1.5051128560846658,0.0,-0.6315419817433179,-0.04660038136801298,0.19364406894857555,0.2643319344714925,0.2614792611059172,0.02040913120510396,0.8341755823065772,-10.987523506187348,-4.09018072317558,-2.3611359287636366,0.2849611893795301,0.9352822155942935,-0.3744213604987087,-3.720643097294962,-1.0423918275062722,-1.4716650966935345,-0.1546887318896059,-0.6114816805231214,-0.09240532649780966,0.21682114953245393,-0.16020539451028837,-0.12572103193271253,2.640449093824624,-1.4544232677279254,0.24548736550429184,0.15129474311671512,0.48557603096507923,0.5819766696256533,0.0,0.443489307188737,-0.011904598611019819,-0.003526316553953154,-0.17684488762305062,-0.12705113719710634,6.09212345880737,0.33407874241427127,0.12830762863462153,0.041279252159116736,0.30739639539837743,0.3687675078882978
21,15716.955958829634,0.0,0.0,0.0,0.0,0.0,0.0,0.0,0.0,-1.2582917302688819,0.0,-0.4252570464061323,-0.3500098131309944,0.19050974066382156,0.06021168478212788,-0.07524834010210629,-0.23919490183900277,1.0341700630011155,-11.651018658909589,-3.714682505061933,-1.893790860519612,-0.04609897731625645,0.7040004658429083,-0.5745195093832005,-3.781726040271569,-1.0457785828470916,-1.3500729275743961,0.0883397239975949,-0.710006517462936,-0.22312193214597562,0.0062622212932582355,-0.1584233245776302,-0.09593231554505972,2.672390590807708,-1.6890962330664057,0.31134368687590913,-0.005065422560036115,0.42736844119563705,0.5433706604735615,0.0,0.5846048929015885,-0.011635908828132266,-0.0034650068009123196,-0.17374620774912886,-0.1254946343856336,7.329324471479077,0.3160904606186017,0.13096764383977796,-0.004602356962525249,0.23175020778866745,0.43647651554245964
22,15459.463649002095,0.0,0.0,0.0,0.0,0.0,0.0,0.0,0.0,-1.20989903608361,0.0,-0.5466660518018424,-0.13880370714962886,0.38374031096931793,-0.4596612475475238,-0.09402373906374223,-0.4311846406210613,0.7443724158345929,-12.439391680813866,-2.6265277014795583,-1.2633164691510654,-0.6462910246131256,0.36534841357424913,-1.3205393695772156,-3.6658660457009895,-0.9438626968462103,-1.2442729254222067,0.06356710747538198,-0.7566808928117739,-0.21904376192007688,-0.07058741796446805,-0.4836742727466676,-0.09223603429954008,2.797119705796664,-1.5254132345389124,0.12659595799825427,-0.02378958576840379,0.3437534202685746,0.3740388250922135,0.0,0.3344664894845798,-0.010254374210492783,-0.002939012660245477,-0.15653218343383762,-0.12189241452191266,9.647137477764272,0.26892049648990357,0.15318184348949226,-0.04806267086756381,0.22960904727674367,0.4127112598783661
23,15230.745747952753,0.0,0.0,0.0,0.0,0.0,0.0,0.0,0.0,-1.0754132045683955,0.0,-1.0022519664354974,-0.1252376373712946,0.31120073875698734,-0.10308661254896617,-0.016654158192180413,-0.21568670674201543,0.400541627473996,-12.848676917913439,-1.2201107312559434,-0.9969584189345266,-0.3718654472884734,0.08133624887271423,-1.8145005580408913,-3.285188316416895,-1.2019067484108579,-1.2632246669044707,-0.2866945741908166,-0.7271007454206244,-0.03758870427816485,-0.33503432577035475,-0.16282547454227708,-0.5804323211878814,2.6641470750749705,-1.6790159035689312,0.28180928732418403,0.19798415379293735,0.24935479156468693,-0.10775282427150601,0.0,0.2835179638091137,-0.00968429256121918,-0.0027912629667787925,-0.14459818683559536,-0.11630087922866815,12.233271388988387,0.185176095943281,0.15971523813945385,-0.013568490015866123,0.2896964839628253,0.3489509499110086
24,15086.293234216739,0.0,0.0,0.0,0.0,0.0,0.0,0.0,0.0,-1.2554094422385573,0.0,-0.8081984673558836,-0.569967522240276,0.6926303657883799,0.12505378414936844,0.5406208749787779,0.05128191371998461,-0.04662222657257076,-12.741409391442462,-0.40140715405086225,-1.0431185231000342,0.4499480094465617,-0.1095236228498877,-1.6786196707224652,-2.7417062968412336,-1.270607270456621,-1.2606105840861712,-0.06798990895094487,-0.5416843763976891,-0.08993655880052859,-0.28612568854452075,-0.06946858104837053,-0.9057321905943065,2.7589025350430063,-1.4549166308886747,0.15231115305817788,-0.06917505417865757,0.24520403670746568,0.21001611937845605,0.0,0.3967235611954137,-0.009295292204152683,-0.0027730246665523244,-0.1413668240057757,-0.11185913951447839,14.303616550636118,0.14718633669626371,0.0796996186464767,0.06346508896013356,0.3513963527024623,0.3457927994116808
25,14909.91137671457,0.0,0.0,0.0,0.0,0.0,0.0,0.0,0.0,-1.2905209555854702,0.0,-0.656286478178464,-0.3287533204992975,0.7425521271624811,0.5336500084615287,0.20191382935572738,0.3026002256866177,-1.2260270508201145,-12.053204590143649,-0.5736354270256447,-1.2558289976787942,1.1296036712259303,-0.11182786188406259,-0.9525429298538984,-1.8784405499358372,-1.4625764534105092,-0.9386704873077134,0.30316717079703265,-0.45523537670045405,-0.09610785473832349,0.28686764589560393,-0.5687350162381554,-0.8487254190348481,2.8546494027754385,-1.9260066367439466,0.0836668138306911,-0.19401335166944264,0.1200491021806365,0.4439603426744059,0.0,0.48950506829098384,-0.008181622881741474,-0.0023541631797908288,-0.12644756631049636,-0.10846301931298813,16.398371324167847,0.09074391972283219,0.16788159843493794,-0.006841910970787415,0.3256885465893983,0.3372054923978457
26,14819.369848170345,0.0,0.0,0.0,0.0,0.0,0.0,0.0,0.0,-1.2924413130327146,0.0,-0.6359870252075404,-0.29211870576786364,0.7508534659338879,0.2755031217511831,0.4012904389356494,0.0307699326939449,-1.9150942967420899,-11.482366395360174,-1.230879596033592,-1.237561901046094,1.1895644391996574,0.3796819880588139,-0.5882374790729095,-1.3399227438493782,-1.72933992433477,-0.7890841293249687,0.14833625753490431,-0.3646612983099995,-0.16543084106784872,0.33066407251200103,0.01110829791027479,-0.5970644724823234,2.7984789720719596,-2.08227524076939,0.002942030131506998,-0.17120632828384805,0.07108786197337366,0.52160059175592,0.0,0.5394756302622538,-0.0074484235814563935,-0.002030227550592956,-0.11613772663488313,-0.10602684069288773,17.36582595428272,0.026389918206017465,0.24838255718457564,0.031154246809310372,0.23117441280413598,0.3993869957239071
27,14776.82477386597,0.0,0.0,0.0,0.0,0.0,0.0,0.0,0.0,-1.1869419011576723,0.0,-0.749947560199226,-0.4839839209088609,0.8557362159856259,0.24743634963127692,0.38355194647870733,0.07627398387420065,-1.967110671967443,-11.155619096317979,-1.6696390900314113,-1.1193856433381595,1.2526860158770428,0.9866942653806017,-0.4601544936323064,-1.079916006467399,-1.8746313960670022,-0.8076881392648796,0.1921216305700511,-0.3143714151133609,-0.00564356405604316,0.34596372121432084,0.04560626198809614,-0.3481032195466983,2.8745152641517646,-1.845051964922009,-0.0590134874465116,-0.22763545202283586,0.1277233097863287,0.13921490901987338,0.0,0.4868950921105347,-0.007386910462165229,-0.0020502298252655067,-0.11525239154433056,-0.10665197417806456,17.760062584405343,0.0316393281528684,0.160927251262574,0.0528114263105474,0.10167862817100876,0.5406328206830127
28,14765.305810229122,0.0,0.0,0.0,0.0,0.0,0.0,0.0,0.0,-1.108620265294926,0.0,-0.9553995707608839,-0.5625140379742816,0.8521573051945808,0.2115126730790458,0.36651021484564894,0.24161463716870632,-1.857865620955592,-11.053161060797875,-1.7685737980754994,-1.1556419132016302,1.2115723368596971,1.276306825845248,-0.4859308001155421,-1.0263141333667667,-1.8558146383602252,-0.7198648907159143,0.19213112294800272,-0.31000826824990824,-0.0475339969991604,0.26194459506983925,-0.006999294115796979,-0.3040927876814198,2.835803003906693,-1.8636770826587115,-0.09066419622245535,-0.2267160192606847,0.13933182441529465,0.303308032915813,0.0,0.40523719585685813,-0.007488074789391655,-0.002106511235692157,-0.11710889072791285,-0.10631271362747517,17.817518507482287,0.02536474778560592,0.17090736609933527,0.053196720990973945,0.023718320780911517,0.6236220679910811
29,14747.087922586237,0.0,0.0,0.0,0.0,0.0,0.0,0.0,0.0,-1.0888163000747748,0.0,-0.9793314987581914,-0.5935716640118481,0.8205352664391492,0.4425778536265851,0.3898992100968702,0.21245677691134804,-1.7066494564157506,-10.952558042302789,-1.8252824884536332,-1.3609421872389205,0.9802433056144026,1.5995072777934543,-0.624405997383549,-1.007116371524804,-1.7504171169931304,-0.5105787565562867,0.07786596754017815,-0.29842909150464614,-0.10369622682093757,0.18035497957058144,-0.09865603081469515,-0.35197769265293444,2.9124050329150593,-1.8489913503863002,-0.21919148570463554,-0.3065347154314473,0.10963161407835693,0.38753291606380424,0.0,0.515969041153616,-0.007333719220049884,-0.00205524721001835,-0.11719831919726766,-0.10627536362786462,17.78143463400184,-9.863631168720056E-4,0.2448717505382511,0.07883980105412872,-0.04071805351606013,0.6882674574010249
30,14711.95131631755,0.0,0.0,0.0,0.0,0.0,0.0,0.0,0.0,-0.9935603833400684,0.0,-0.8498720593270992,-0.6619731895246387,0.7322348028428497,0.2779024831107371,0.34798284677816005,0.27892499761463985,-1.2570005960008475,-10.83493675119293,-1.8959569999158186,-1.871795528140674,0.559481306149078,1.8065531431922905,-0.8628917955395653,-1.0769460214157254,-1.7699176185658543,-0.4420674155988309,0.10256835664305378,-0.41026184611722005,-0.10041172065487051,0.5266647956684662,-0.034393942829915106,-0.7192901238891554,3.0553251288259546,-1.9257280012130429,-0.21483925999759915,-0.4124077765955875,0.016435610494668476,0.3492815214356894,0.0,0.4080849383480539,-0.006951603310736532,-0.0019730318399775477,-0.11201380726430687,-0.10123245897747464,17.45710227763931,-6.096984335482794E-5,0.2854737323653392,0.03860557097660426,0.20580700367335947,0.47736562290429463
31,14664.98682557621,0.0,0.0,0.0,0.0,0.0,0.0,0.0,0.0,-0.9896461797502111,0.0,-0.848547362901459,-0.639960869235057,0.9307804884664511,0.4882701441609076,0.2014998365334131,-0.2339703613735319,-0.5680096788934746,-10.792721266745124,-2.114469407453725,-2.1828708794762184,0.2320047463156077,1.5179705893527529,-1.1778380806028046,-1.2937909206744105,-1.7807533636825428,-0.8679100599794813,-0.02641885979180872,-0.3691636954243255,0.06681688063652007,0.6085826202525708,-0.12943239927305808,-0.730755246096797,3.056521231467844,-2.173392271883653,-0.2456113889821227,-0.4194980023865336,0.12157034408788017,0.5854286610449106,0.0,-0.0996079745418128,-0.006480512324203424,-0.0019308228872988945,-0.10508378831741005,-0.0910375889628724,16.684004593826913,0.02455562502995913,0.1563962344728276,0.07270580671958454,0.5688819831294869,0.19160199711597992
32,14532.285853938383,0.0,0.0,0.0,0.0,0.0,0.0,0.0,0.0,-1.003347292878076,0.0,-0.7863116172556419,-0.5928542249146331,0.8282069112915982,0.368502752505013,0.15856577212379303,0.24769977163297752,-0.5549432519187042,-11.242519905637828,-2.573903812020235,-1.8306166917720983,0.12018084157355675,0.49840150606293476,-1.9105115026035842,-1.9909127637273816,-1.4593286616393093,-1.3632724774445946,-0.3631094196752557,-0.3914437698074708,-0.0619702323201322,0.4370079176499785,-0.22583556296194046,-0.4276426950129169,3.1016497171784523,-2.4028320171042554,-0.4091254040226049,-0.4246731831172177,0.08711725528464767,0.4896137194967257,0.0,0.3183261196355451,-0.004429336187884428,-0.0012355789052650732,-0.08112304135350522,-0.07852956116455541,15.06922295975334,0.03478781317972755,0.06628632808626045,0.12205899761775815,0.7145581467714717,0.0741435363654581
33,14470.199840925476,0.0,0.0,0.0,0.0,0.0,0.0,0.0,0.0,-1.058017737019187,0.0,-0.6711125875445205,-0.5351257330859933,0.7898558085702105,0.3766811129010835,0.18523874282752867,0.1659148678811156,-0.832113222720618,-11.669105526292974,-2.4104938684326185,-1.5863794763108123,0.31280597285904005,0.4063139010161938,-1.955166220987311,-2.2610050229986784,-1.4305988402574719,-1.1426133348090535,-0.3013166904789428,-0.7054267157542673,-0.10666950493903501,0.45251113771720114,-0.1324427300269866,-0.44886434011540294,3.1221790088774752,-2.4616437023481854,-0.4343944087986406,-0.4456392988919308,0.11638388019792442,0.37503445405355723,0.0,-0.008120893840955434,-0.003774854915435427,-0.0010007814011270925,-0.07483110676906835,-0.07804753559262917,14.450751390928806,0.038442682258802485,0.16477406637807168,-0.004254751108949795,0.44176695132036325,0.32096752282892943
34,14432.757222989607,0.0,0.0,0.0,0.0,0.0,0.0,0.0,0.0,-1.0007978225060923,0.0,-0.6971341981101357,-0.5047515636408212,0.846515396324593,0.1985855766186751,0.010232839553587503,-3.8970389041595443E-4,-1.0699319638489515,-12.100534522466463,-2.0045383654327567,-1.3735281888876563,0.42126524810441524,0.6059927728517861,-1.6132753397421622,-2.38126960851411,-1.4840172507014564,-1.0658361407321342,-0.4599067139668269,-0.6417749766574568,-0.016688182920291006,0.6363464301233601,-0.1434823088584219,-0.5139270788058266,3.0581551375597558,-2.4472078179108037,-0.5255252037367336,-0.4300941188360842,0.22156451204931193,0.41192195956329875,0.0,0.09345644691972863,-0.0034798785648436424,-9.242653666275092E-4,-0.07238606362876307,-0.07702377438799865,14.02860236201406,0.010109908812919951,0.22886724897115324,0.03558592177891729,0.33021854877862145,0.43283848075370124
35,14409.182297135976,0.0,0.0,0.0,0.0,0.0,0.0,0.0,0.0,-0.9693748778929404,0.0,-0.7087646800471272,-0.5322103213987404,0.7637717277183034,0.26398077897177574,0.03697454727465373,-0.004404389580637806,-1.3144914475868315,-12.396405185671728,-1.734269171008107,-1.2084764983115703,0.2581130873256934,0.7863391640941938,-1.2849503018303756,-2.3522500582517125,-1.4944022445414087,-1.1010206044986162,-0.38485639037477837,-0.5016479507442383,-0.086678463172898,0.6564140515752048,-0.1322206849707983,-0.47409648565505014,3.062314150301835,-2.4093046625790904,-0.472919394398592,-0.39011546136824216,0.16617010963337644,0.42031834462983414,0.0,0.04080786073399908,-0.0030748125644954293,-7.740686345103176E-4,-0.0670513424549748,-0.07486460004157833,13.79153073398727,0.010347846886467005,0.1925198281321927,0.06993008451420216,0.3860992646360007,0.37620235912777095
36,14399.18222684565,0.0,0.0,0.0,0.0,0.0,0.0,0.0,0.0,-1.1460748160762424,0.0,-0.5808377717513675,-0.4192891237434479,0.8594860037922244,0.2795206761224113,0.10094182511064673,0.14991964378907918,-1.2992483290583021,-12.581188295840771,-1.5893351483427258,-1.0608383202091891,0.1113423450360953,0.8890677742975901,-1.0452696991819441,-2.093730246695483,-1.5719584078019249,-1.0486387766993581,-0.36366070122391214,-0.5263028644494997,-0.007294042026980543,0.5542195222990157,-0.13281851423109406,-0.4134288800917354,2.995620873173939,-2.4811562826757627,-0.4272840691104414,-0.34961699552300635,0.2253986292016483,0.39483889560748636,0.0,0.06227322646357704,-0.003126702378698261,-8.216376448315933E-4,-0.0679686725975061,-0.07371485575976838,13.640377697748747,0.006056993723568844,0.24331141648691762,0.04353379275426235,0.44092233552361876,0.3337776834925793
37,14377.512446936036,0.0,0.0,0.0,0.0,0.0,0.0,0.0,0.0,-1.1650918473868475,0.0,-0.5570218462995806,-0.3660023796868041,0.7836135664146423,0.22892655607678408,0.07673634288183644,0.208739324884405,-1.3502415929743956,-13.34212108354869,-1.329887625326453,-1.10573050408736,0.08164480400206091,0.7973315000110738,-1.0858940157787482,0.0029542644732512002,-1.6826094734013912,-0.9741189918634559,-0.2594110756199489,-0.42654668197926415,-0.0850102480386416,0.6544033733977316,-0.05219705505145815,-0.05120435171305232,2.91535284719419,-2.4096438285537944,-0.36120542102030273,-0.27115188494079984,0.24389916777208684,0.3376446275345155,0.0,0.14304797282381196,-0.0029718808861133113,-7.693294228454158E-4,-0.06793789563060904,-0.07507367092586092,13.089912190282108,0.002119631671218824,0.2579232679276171,0.049820375927707536,0.2387768953177138,0.5118097267906787
38,14341.227127713284,0.0,0.0,0.0,0.0,0.0,0.0,0.0,0.0,-1.0679159997019516,0.0,-0.6974261285248448,-0.47521697084087644,0.744587967292158,0.28799341648493376,0.08452202610892513,0.1590106667737739,-1.5082924869745646,-13.009590676391245,-1.465174464845398,-0.7000769095360542,0.19995036889918277,0.7961011252916429,-0.947622885820327,0.11339123685727924,-1.5152249520190888,-0.8343155910167063,-0.41927163221724,-0.7224334820214706,-0.08904770595542186,0.6501701837956565,-0.0953486298316705,-0.2448148132387723,2.9399848481310356,-2.233699785390227,-0.3683930858601346,-0.31028458502789946,0.23261481222660726,0.3806738665854834,0.0,0.13413955330603972,-0.003011569463092178,-7.789596320069868E-4,-0.06900473882763179,-0.07332856922614932,12.737380987417477,0.017968515145957285,0.3143800722276658,-0.02907327663593519,0.4273663064657435,0.33087756661845125
39,14271.358333748592,0.0,0.0,0.0,0.0,0.0,0.0,0.0,0.0,-1.0093995829711915,0.0,-0.6357519034037764,-0.27433746423063127,0.4299897611655207,-0.4075060959094808,0.07399658699432651,0.04280201745844109,-2.522739194160968,-9.212204888702914,-0.8749662625164812,-0.46242936627565856,0.769285155259589,1.109141860481217,0.3132558653834294,-1.2100310503482148,-0.6133737526168066,-1.5755985987679844,-0.5932944546082835,-1.434286112947507,-0.6743006150857884,-0.3959226657697851,-0.2977321682710735,-0.14802683322748475,3.1653048829355357,-2.28211220610103,-0.38228277865764104,-0.412925368230329,0.1760998507064278,-0.331192935441585,0.0,0.0749389265463779,-0.004122281245889607,-9.76905120596106E-4,-0.09188349506585292,-0.08585802022470103,10.273233443434815,0.1529143628598152,0.16176791847781052,-0.22861900441420707,-0.1691636729729612,0.8075953297838477
40,14250.345987829602,0.0,0.0,0.0,0.0,0.0,0.0,0.0,0.0,-1.2436694829980186,0.0,-0.5738885212381064,-0.08650656217607386,0.409739819109581,0.06998892343039903,0.178676560363859,0.2704108501322728,-2.6238298752178686,-7.353443071958583,-0.7000595835191551,0.013905054437339026,0.8955802463382815,1.105158306345087,-0.36161343728823137,-2.672536443730034,-1.9448745468769615,-0.3770296534597415,0.17536335669552272,-0.31354795965724613,-0.5398404266710686,0.5223131733702285,0.16864101592584113,0.9389921865517419,2.6570985760412364,-1.7714640620564008,0.05076274930404301,0.03366690287487034,0.3285548025594905,-0.02739995264539563,0.0,0.3314627846162076,-0.004579097031724664,-0.0010162571664242249,-0.09869005486429817,-0.08909494885797961,9.420921526065763,0.05374063604357113,0.4018518817525405,-0.08615253584718763,-0.23879994652172193,0.8288546969131815
41,14189.587806286652,0.0,0.0,0.0,0.0,0.0,0.0,0.0,0.0,-1.1181122181707923,0.0,-0.6219497391492071,-0.20564487413500754,0.45818101089586577,-0.1530264125897805,0.07295616719867375,0.12203278921495259,-2.6940074966157486,-6.392837568863154,-0.8166106518010138,-0.42028066162673905,1.0835686849893729,1.10371805183462,-0.5093442136586788,-2.808085000860122,-1.9927476673822804,0.06841313456962689,0.23457610107193447,-0.24676066735043709,-0.45325757954006973,-0.06448639433594949,-0.03143098664580826,0.9742860787478143,2.6603927168612502,-1.6520121412805024,0.11105284063011153,0.009667477356176946,0.3265408354815432,-0.13056297064204292,0.0,0.30195074858914395,-0.004170944048693857,-8.762340994568198E-4,-0.09239111065051814,-0.08360178169423538,9.667850716484297,0.019536132742435874,0.5124881452064525,-0.09538761504086275,0.324315829608059,0.26514145380076526
42,13947.762593208234,0.0,0.0,0.0,0.0,0.0,0.0,0.0,0.0,-1.1778716789112917,0.0,-0.600178955399696,-0.1573923062603742,0.47248921228285634,0.010736488672611677,0.16010031449579937,0.09138148314630594,-2.213270922245732,-3.342667683471959,-1.5922524342428814,-0.20967365005965335,0.643299874615531,1.0492016118725673,-0.7772017762833316,-2.8790801806219966,-1.8056103552012337,-0.2627802127933487,0.11165003439531258,-0.026911980910207273,-0.5964463526761187,-0.012497761216248772,-0.2902293196116371,-0.49015875982244195,2.6703690520262646,-1.739239560889601,-0.00884145974758209,0.031545722657540826,0.28321698090786446,0.03985210009539339,0.0,0.18611265554658965,-0.004051149933551713,-9.540370584833224E-4,-0.08980306182520092,-0.08452564091880518,10.577155567867557,-0.031118217432740042,0.49592764267790035,-0.01070462056190434,0.5785908611591128,-0.05874401363438109
43,13892.285317611382,0.0,0.0,0.0,0.0,0.0,0.0,0.0,0.0,-1.1222034870442918,0.0,-0.8020987043283792,-0.32060204751067845,0.471778968680732,0.309121551939142,0.23130025856944775,0.19883405625900924,-1.9736101520995328,-2.5504172583082227,-1.382766179470056,-0.36210176109930886,0.35522155114130705,0.9860079813983623,-0.6236947168725628,-2.9458747847429967,-1.639223850778549,-0.5731077854318932,-0.23491130268659233,-0.925919296207973,-0.615040422299517,0.5619330774777368,-0.032850802381987065,0.11374065170984426,2.7181915939162615,-1.7292282980986364,-0.14350181836215092,-0.14013141369638576,0.2481921822760765,0.25795761579293913,0.0,0.34186648290488664,-0.003995603261218353,-0.0010008581883325757,-0.088358361459435,-0.08401890809763424,10.848257995669236,0.03501666631588997,0.433888711575978,-0.2412114499776845,0.6885532058790944,-0.1855598303712432
44,13866.246588770826,0.0,0.0,0.0,0.0,0.0,0.0,0.0,0.0,-1.057099044080253,0.0,-0.7736232419874309,-0.5409936156583854,0.9002762398084174,0.31101887497025155,0.13792386398356765,0.059359271913132006,-1.5921545498265965,-3.9287780022791416,-1.1306255687799702,-0.34716724675596594,-0.058052945401546374,0.6725311412667118,-0.08365268326708297,-1.6129370493596942,-1.03166353971838,-1.1843517137617225,-0.7263191968902737,-1.4632807807380268,-0.6123672549101401,0.5088481117676608,-0.35935825931147286,-1.0990053076646253,2.91566136490757,-2.165029821223483,-0.41726074501469557,-0.33503987889676257,0.19972325947771952,0.46812119075143277,0.0,0.23848221997035035,-0.0014561662186643636,-2.5147887839364446E-4,-0.054178845512925476,-0.08167242893375093,11.705666165265399,-0.01726751660273336,0.45383868839699393,-0.3076142843642906,0.4961190861369362,-0.10942803892808448
45,13757.778575650034,0.0,0.0,0.0,0.0,0.0,0.0,0.0,0.0,-1.0390258656316014,0.0,-0.7235133481008598,-0.5407250706552559,0.9016723862659016,0.20275841912733858,0.09862529230032997,-0.0286624445090978,-1.491359872709831,-2.821772133513213,-1.0941321161065896,-0.5618920774398675,0.1374303343676804,0.6618784093027108,-0.2630016981451254,-1.2844452813533336,-1.079937883084834,-1.066456459109441,-0.60338729438114,-1.3311174412042712,-0.6348305933152073,0.4004363217022038,-0.38637774164758365,-1.193015212083221,2.972561557378051,-2.246279977064684,-0.41520970412176733,-0.3413518096561248,0.1896292383627998,0.39521997585720303,0.0,0.12352248649941938,-0.0019190788574803437,-4.200708321122027E-4,-0.061240761664544945,-0.08142554583749413,11.51220377519832,-0.0236530921050927,0.5035812490125062,-0.29017847857349377,0.44495657591241516,-0.0207074628642354
46,13684.469726881543,0.0,0.0,0.0,0.0,0.0,0.0,0.0,0.0,-1.1568884068031493,0.0,-0.6952428755609963,-0.34427672448658425,0.5829905734896212,0.2164757503853806,0.1727875640574968,0.16626812173126637,-1.576712194095901,-2.71182629886908,-0.7365603926683963,-0.32448168856493487,0.3515445616436671,0.6191001647868515,-0.23581129524193423,-0.5724813237666934,-1.4818844703478835,-0.871976397491185,-0.21129795677391416,-0.8297935481564697,-0.6401066406575232,0.46238865989235955,-0.19333842939895363,-0.49223660921947754,2.859152282304314,-2.0159740917582596,-0.1815778260816888,-0.19224604930241718,0.24568830528892358,0.22847002539332206,0.0,0.22581481290999036,-0.0032564043870601483,-8.807486422408385E-4,-0.0794750931175692,-0.08738979567026414,10.661738780838416,-0.009763851801914332,0.5420665312851607,-0.21160616899034487,0.4291529439017984,0.010830848955080588
47,13670.481705947588,0.0,0.0,0.0,0.0,0.0,0.0,0.0,0.0,-1.1502980539699934,0.0,-0.7030708656166538,-0.3608119972290098,0.6128229363967224,0.19996569038314518,0.17238140260451584,0.15343497396528824,-1.5523916626369123,-2.2558816204429353,-0.8560423219349912,-0.4295460181322,0.33688092037250883,0.6250277767313327,-0.3319982671796602,-0.5726311923137059,-1.4841881690680956,-0.8212010990806885,-0.19520963014574777,-0.8314946837847378,-0.6432215922459097,0.44581065855624114,-0.19072055738234361,-0.5131392481658402,2.8716716846479433,-2.0151172127913766,-0.1909023645092864,-0.1996540173866447,0.2404223868193333,0.2141335077652708,0.0,0.21613534506148305,-0.0031403771860605183,-8.15528047109186E-4,-0.07811784069692107,-0.08681758692419993,10.694869281660733,-0.020918960377186182,0.580836807545548,-0.21537421149858013,0.3907965348934779,0.04964509186778725
48,13661.744682526129,0.0,0.0,0.0,0.0,0.0,0.0,0.0,0.0,-1.1203124530112532,0.0,-0.7147654268164122,-0.4178903243189971,0.6796649590325754,0.19491584202426562,0.15655941599615986,0.09825833293682526,-1.404739775055641,-2.5114420090106253,-0.9127873960160426,-0.643393929837479,0.32207071473903703,0.6080450541133962,-0.4761578751033768,-0.47891905115537187,-1.487113756356991,-0.7635740002173479,-0.1945681400271742,-0.8695502846922626,-0.6089002019690748,0.48368457115080143,-0.17627864853641814,-0.5483324335852461,2.905413488091683,-2.0512905926112692,-0.22894105485857255,-0.22935665754609824,0.223194628537736,0.24136051712732287,0.0,0.1712262384792305,-0.0029846326221137243,-7.712842788083318E-4,-0.07544308563670254,-0.08448278875099628,11.039432950606514,-0.037386007221940284,0.6310462910466711,-0.21663385867156376,0.3249006951472024,0.1549637508319063
49,13657.701629101537,0.0,0.0,0.0,0.0,0.0,0.0,0.0,0.0,-1.0990712021292508,0.0,-0.7023740228608155,-0.4518135825570643,0.7223518894665449,0.20198698731348877,0.1389939163024163,0.08355742033221576,-1.412140326606105,-2.3568516271648323,-0.9608534977890013,-0.633145163010506,0.34871225299642433,0.6411737829894717,-0.41825044271386735,-0.765681896949907,-1.5486858892866064,-0.6339427254503123,-0.17291796454375766,-0.8407641004273151,-0.5654023028855847,0.47454538964464305,-0.16461554002624973,-0.4208747319042846,2.881825497814744,-2.02725875857863,-0.22408039253600842,-0.20511402473674395,0.22460843452862678,0.28127996316221004,0.0,0.1888294224870254,-0.0028332771736675902,-7.353489961729957E-4,-0.07285595763171979,-0.08446708250679452,11.508666636169888,-0.06862746194992823,0.7177201855994726,-0.20548589510049475,0.2326200969644316,0.2530984754752471
50,13653.919137737985,0.0,0.0,0.0,0.0,0.0,0.0,0.0,0.0,-1.1139287639023159,0.0,-0.6947058996418445,-0.43377099074506303,0.7200165771919145,0.20196142392800692,0.14464366783045782,0.09521620545443993,-1.4282194460155124,-2.4006107694551906,-0.9566555106839516,-0.6093185824216087,0.32963978083842693,0.6569235029134622,-0.3925170065554882,-0.6509119279124371,-1.5520253749758701,-0.6624466346483402,-0.16590699971251835,-0.8129199173995661,-0.5465941726454083,0.47481085358670516,-0.16030584165621603,-0.3657153702000609,2.885793412832845,-2.051698199998044,-0.23293405513840265,-0.21505978954207516,0.22150494427474893,0.2772268854252881,0.0,0.1923339727668425,-0.0029192684125941785,-7.476274978869418E-4,-0.0737836702293115,-0.08414680831093976,11.642936861953572,-0.08157112280823535,0.7661513372127803,-0.1876573649701306,0.17744373154431486,0.32568751691996745
51,13650.843221742978,0.0,0.0,0.0,0.0,0.0,0.0,0.0,0.0,-1.1239199368966857,0.0,-0.7013645464100783,-0.40178077624136055,0.6843752410835939,0.19534970109737598,0.15344203587602775,0.10632665693256829,-1.4536307629314484,-2.396232425931687,-0.87548019499479,-0.5525869035384058,0.3111831257626579,0.5993053636201132,-0.40528535751023254,-0.5508581111991263,-1.557385948883829,-0.6538773000681997,-0.1583065815604715,-0.7458819517011684,-0.526901571209045,0.4584993882519336,-0.1721232093895201,-0.32186005813036717,2.876009190386811,-2.0377498253798128,-0.22051197907501918,-0.2115567181074013,0.22685053414247836,0.2531690903278099,0.0,0.19907753502057685,-0.002823797450436765,-7.233366480766798E-4,-0.07236949762048286,-0.08302128561088293,11.985161597337042,-0.11903843787800669,0.878526910871849,-0.1472899953314859,0.1298778564335024,0.398218282489209
52,13649.133940392874,0.0,0.0,0.0,0.0,0.0,0.0,0.0,0.0,-1.126439166168106,0.0,-0.7070034366504372,-0.4088504754083035,0.6831784350429602,0.21625809582466055,0.15790308789440374,0.12056805043450611,-1.4724289696931068,-2.4486273653960424,-0.8921697568561823,-0.5425516332067591,0.304724169417427,0.6296334137616365,-0.38104269468170854,-0.600557981291326,-1.564562973276252,-0.6216739750804393,-0.182791857140645,-0.7224756462162965,-0.48314752119750237,0.4738611491467939,-0.1767274473594147,-0.3204242033858563,2.860170435633386,-2.0217417503910684,-0.21705032443411693,-0.20668557222140538,0.2295277145823544,0.268173701625022,0.0,0.21251442433487175,-0.0028594294355171273,-7.235220453130377E-4,-0.07263404016215959,-0.08202192776703582,12.330034754980566,-0.1553628553885435,1.0001287524923173,-0.11366835221269952,0.13083308748959194,0.4235471457442795
53,13647.532461101717,0.0,0.0,0.0,0.0,0.0,0.0,0.0,0.0,-1.1191072905601924,0.0,-0.7000923642858614,-0.42003632604265667,0.6854487125254304,0.21916372825376035,0.15373999067197358,0.12264615755575911,-1.495159113954912,-2.4072112046017793,-0.8947766760219042,-0.5277554422149778,0.3226310767220207,0.6588091302919847,-0.3397188005760583,-0.550787037641075,-1.5555810655839193,-0.5772901507693486,-0.21458116556753795,-0.7215207783413488,-0.45411674894041987,0.4555835978991985,-0.19334002489844582,-0.36117872640229814,2.85807996928654,-2.0180341937641133,-0.21522852477581755,-0.20320913656386888,0.22616666971442745,0.27730748555684254,0.0,0.2134508110185792,-0.00280715644111803,-7.136245085143273E-4,-0.07225804831109496,-0.0808353009058057,12.691744990303073,-0.19702090878845535,1.139761768178749,-0.08521914948572062,0.17222009225554205,0.40554014622000045
54,13645.847841171057,0.0,0.0,0.0,0.0,0.0,0.0,0.0,0.0,-1.1091060795233396,0.0,-0.7039671507773331,-0.43226660284154766,0.6908841882760995,0.2102818645936308,0.15108632469512126,0.1109799641062973,-1.4750976191681957,-2.397415046873462,-0.9062478324220882,-0.5814733288508125,0.31189037894848004,0.6310635949612192,-0.3931272610352663,-0.6831106853045111,-1.576447891563972,-0.4302142760807047,-0.22851182973025247,-0.7025378848688204,-0.42708815449609805,0.4568372933023301,-0.18839803034373895,-0.40415530105920217,2.8569314743415366,-1.9943921993276932,-0.20539374796398208,-0.198942976388104,0.21758549752515008,0.2704296082618927,0.0,0.1994816159905841,-0.002692158547732545,-6.801840729695359E-4,-0.07198272594853372,-0.07734284452215666,13.06018128777867,-0.27136951476457716,1.4082921687414578,-0.03351746121807103,0.23842504852533872,0.40666017437738333
55,13643.85748977295,0.0,0.0,0.0,0.0,0.0,0.0,0.0,0.0,-1.1095956487306928,0.0,-0.6999579709599515,-0.4302863391797741,0.692069950909311,0.2021739164647838,0.14917541429083886,0.11458946653285286,-1.4864987809878825,-2.39256905341021,-0.9125690228896364,-0.5740774091844794,0.3251415676497077,0.6340187548970476,-0.4009353572335338,-0.6352225622946144,-1.5755298761879235,-0.39324020325176784,-0.22960764034593306,-0.7047038507344289,-0.4468965680265322,0.4325530011834939,-0.19115115106126424,-0.3935245124996024,2.860732286799886,-1.9983198025933866,-0.21039705003646367,-0.20105573898008805,0.2208913383867335,0.26681099742244047,0.0,0.2052484554339542,-0.00270410952760286,-6.850863976424977E-4,-0.07355504899535169,-0.07747307274158297,12.913867160220326,-0.2915202790687368,1.5008313231386652,-0.020438441416244194,0.2695349926122076,0.3846279982144232
56,13639.201120115944,0.0,0.0,0.0,0.0,0.0,0.0,0.0,0.0,-1.1135518211690294,0.0,-0.6957992827131284,-0.4239227930422393,0.6976470875843346,0.1918697228779488,0.14724134638831574,0.09457309851748669,-1.4821843049478842,-2.3765808134806847,-0.8701386392019371,-0.5741151069167877,0.33346996876519003,0.6270158453491472,-0.35282701703939534,-0.5606751780111113,-1.601293758399915,-0.2561673137905755,-0.19621469052634521,-0.6939111726910443,-0.5148197311038545,0.45241967414276935,-0.1771961707168367,-0.39613597172184917,2.8789305117437616,-2.0157239332546686,-0.22526364810876695,-0.20991980958021716,0.22458673306086546,0.26382253212290374,0.0,0.18018645196507926,-0.0027691227754307116,-7.096224832714744E-4,-0.07881928887249974,-0.07555760990332364,11.929312688337415,-0.336179864056577,1.7684164137728096,0.0058579522691820304,0.3634698092756171,0.35240888183016406
57,13637.47424959081,0.0,0.0,0.0,0.0,0.0,0.0,0.0,0.0,-1.1186763241227387,0.0,-0.7003724988131091,-0.41883857701895877,0.6940685986995796,0.19236218032949096,0.15297565305305644,0.10500577397589186,-1.4757123121614406,-2.421454029745339,-0.9298571623881097,-0.5661293848302578,0.3282726865032616,0.6326482918217877,-0.4077795292604633,-0.589958029045647,-1.6121233247200673,-0.14500178750508552,-0.17752194881392802,-0.6996516695887575,-0.5493265399897563,0.4565306127664833,-0.17088939385872298,-0.3537669894315582,2.8890914596463966,-2.011807659029983,-0.22845942639280592,-0.21739920333862592,0.22414210351024308,0.2541618598689035,0.0,0.19223885695625667,-0.0027846135543606212,-7.083404148487548E-4,-0.08212447548847321,-0.07422531850174681,11.127632760467856,-0.3633051930013778,1.9683999221254622,0.014106013192907847,0.39856109003000306,0.3666088122391616
58,13636.569781026794,0.0,0.0,0.0,0.0,0.0,0.0,0.0,0.0,-1.1179857939186026,0.0,-0.703666443165763,-0.4213633953074194,0.6930740259827685,0.19569851896363769,0.15326239355050783,0.109398472903867,-1.4739070531119247,-2.420937354524028,-0.9096554451093278,-0.5787383230362706,0.3126881539406954,0.6151144222680427,-0.391499644018769,-0.608588499479965,-1.617790459998754,-0.060397215908239654,-0.16784434753439706,-0.693668890234067,-0.559334197279875,0.46112678095116766,-0.17780799428708208,-0.351707062985095,2.8847722493070616,-1.9930275313450576,-0.22253055838619684,-0.20899059216544835,0.22390702221653977,0.2572222014359581,0.0,0.19858634825392774,-0.002788843954673138,-7.06157391273574E-4,-0.08391738142420148,-0.07377174295203007,10.328451398357293,-0.3673646334739819,2.073231224624326,0.006602272321594143,0.3815792375202274,0.40899403268314116
59,13636.057397193346,0.0,0.0,0.0,0.0,0.0,0.0,0.0,0.0,-1.1195944251951486,0.0,-0.7020421216212833,-0.42019540263585753,0.6938604220435395,0.1999621947318115,0.15379296540571796,0.10792842768489674,-1.474561138951868,-2.4222040614664584,-0.9151952152146253,-0.5666771417344879,0.3261766098459104,0.6353071870093783,-0.39965955268053144,-0.6040800625803356,-1.6121183751081003,-0.08281956430005233,-0.17362149247282152,-0.7003062230208699,-0.5472949385895034,0.4695517481252392,-0.17856551335609994,-0.3494211357050675,2.885556815558623,-2.0020606544044797,-0.22438945878981872,-0.21225970464873214,0.22250005109539495,0.261287211023664,0.0,0.19700463044082614,-0.0027774874461774283,-7.060887597509254E-4,-0.0837278518171023,-0.07330322935940493,10.07286855772052,-0.35923070140357727,2.078072962923255,-0.00363032736173834,0.34926976540545746,0.45441240357956614
60,13634.922484161805,0.0,0.0,0.0,0.0,0.0,0.0,0.0,0.0,-1.120377819970222,0.0,-0.7017456801802467,-0.4198066131042313,0.6927962572652607,0.20625187947641255,0.155349326614302,0.11223241029411048,-1.4667773110814453,-2.4237357454416064,-0.9148079418804275,-0.5637760784293925,0.3131833958957281,0.6284191841376049,-0.3922719674337603,-0.6129812917473159,-1.5989085533210936,-0.07904926250392964,-0.18575446436218615,-0.7098454775077148,-0.5356739713375273,0.4726493985488548,-0.18720431386980899,-0.36554508259971125,2.8834679640010648,-1.9961980684630902,-0.2200232784414606,-0.2069214057439413,0.22285368946333695,0.26588640949933257,0.0,0.19950958065537644,-0.0028020712375914554,-7.123082227193919E-4,-0.08460054252896192,-0.07304070710998664,9.2500056438348,-0.34460931626921215,2.1275607992446908,-0.024819883250725972,0.3188683227760704,0.5074250329956814
61,13634.759138111684,0.0,0.0,0.0,0.0,0.0,0.0,0.0,0.0,-1.1203354927375972,0.0,-0.7018708236788496,-0.4201967704612729,0.6926241318199299,0.2069854037164594,0.15566226783767706,0.11296590783550906,-1.4691339149558866,-2.422545419512956,-0.9127759074773869,-0.5645188513347487,0.3132419758421339,0.6283108352245104,-0.38918107838096094,-0.6135455236742776,-1.5956155140367259,-0.0644643281188751,-0.18909573032878887,-0.7152980518882588,-0.5322464572019437,0.4722693488458674,-0.18961023421784567,-0.37082316634847,2.8830892158448855,-1.9934562481150464,-0.2186938025569635,-0.20556053854972275,0.2227522512290832,0.2665770538417255,0.0,0.2003413547294392,-0.002802762752965533,-7.121277561983474E-4,-0.08498834956608235,-0.07267455126475772,8.87304438332223,-0.3425165294265512,2.1703454115970797,-0.0327565544912723,0.3096342896656735,0.5319721808131422
62,13634.635398663957,0.0,0.0,0.0,0.0,0.0,0.0,0.0,0.0,-1.123012698657227,0.0,-0.7019159891274752,-0.418689294499355,0.6921903328479634,0.211026593485711,0.15712786896679481,0.1148299853460869,-1.477621332392537,-2.419873650500002,-0.9011299252339399,-0.560333868582689,0.31494527834986125,0.6366290291690745,-0.3849265955479444,-0.6260540009005903,-1.585156723797893,-0.029493378915544356,-0.20480397282776602,-0.7397368813394293,-0.5230472795026443,0.4728414566510379,-0.19607025705434583,-0.3996580973004283,2.885830090964731,-1.9938480430494148,-0.21895148580828813,-0.20693664554446736,0.2216047005459874,0.2702229148297197,0.0,0.20104385947061343,-0.0028063451411199543,-7.119967813437274E-4,-0.08612528028781193,-0.07117756281394363,7.507857120048726,-0.33333729573446547,2.3187984783966726,-0.06033800589974603,0.3306437261852338,0.5633438074798596
63,13633.235622991342,0.0,0.0,0.0,0.0,0.0,0.0,0.0,0.0,-1.1207695260192727,0.0,-0.7014331100707711,-0.420841166294044,0.6919792179158614,0.20658871821406574,0.15597460188935627,0.11325837384186743,-1.4867337301523573,-2.413957934202453,-0.908619890027211,-0.566166945551606,0.31867846871104777,0.6315107863674404,-0.3801828761687992,-0.614352188238446,-1.5816629546668473,-0.023490968850755564,-0.20673332712915932,-0.7521032396021424,-0.5157576167376436,0.4639990431134108,-0.19709493194622416,-0.4072599749632521,2.886708006781411,-1.9906059814884278,-0.21582919265912073,-0.2046077247415991,0.22185541914205176,0.2662793951743093,0.0,0.2002069854008585,-0.002778183676673802,-7.038990288642845E-4,-0.0854282413288399,-0.07049721530384796,6.536139300549285,-0.3131550226916936,2.3759818987745187,-0.0864094307481363,0.3414478710572365,0.5796675073642941
64,13633.033007712336,0.0,0.0,0.0,0.0,0.0,0.0,0.0,0.0,-1.1202388651333839,0.0,-0.7014733566681808,-0.42085387068988805,0.6927077529609453,0.2070052692789024,0.15528903166121025,0.11286397721069735,-1.4793249265309472,-2.4119363920791774,-0.8995182748484635,-0.5624068480674868,0.31415704739229006,0.6304127127188579,-0.38596302349270484,-0.617958217522059,-1.5821452231212432,-0.02754646295635804,-0.2061070844911524,-0.7640423974539527,-0.5159883455898625,0.46731391564509933,-0.19399775699736854,-0.3999155618145397,2.8864475237526643,-1.9927570666031797,-0.21788584381980003,-0.20720631463266367,0.22181271067942251,0.2676893691027662,0.0,0.1997829449394226,-0.0027859343514819693,-7.069418928481923E-4,-0.08506954175278032,-0.07011699901844261,6.487951631157532,-0.3113357079222686,2.3912608442709207,-0.090355074023867,0.3616509366783092,0.5676641129874441
65,13632.305584066666,0.0,0.0,0.0,0.0,0.0,0.0,0.0,0.0,-1.1188284951273708,0.0,-0.7018167062259677,-0.42053735068986875,0.6943967528014922,0.20302650963487107,0.15342036240300164,0.11041841304220655,-1.484097399219541,-2.4116961011088263,-0.8951217584428388,-0.5641537164888379,0.31687879216065223,0.6290799746533126,-0.3886416832027082,-0.6126338799902786,-1.5866533928708717,-0.02901576091504171,-0.19495438724283023,-0.7931941237355188,-0.5188339586254741,0.46676402095547387,-0.1869813120007153,-0.38129178582762385,2.8857774806388004,-1.9945014285555098,-0.22087506678227206,-0.21196603351923302,0.22315500719961684,0.26598963756775623,0.0,0.19813900451684163,-0.0027631335128861702,-7.000418059309807E-4,-0.08295539530342136,-0.06859141794970446,5.649666849728922,-0.28962614093188127,2.4726954410770516,-0.11636539834781014,0.41957069711507716,0.5535662170013785
66,13631.871346937121,0.0,0.0,0.0,0.0,0.0,0.0,0.0,0.0,-1.1192676096676193,0.0,-0.7008944661382579,-0.41885693082778597,0.6949796636166645,0.19961977130205788,0.15170955375403247,0.10845004732669467,-1.4878515892441573,-2.416373313126137,-0.8999564131774349,-0.5648309831508702,0.3182648463068099,0.6294983393197263,-0.38983024009837913,-0.6091499707701491,-1.5987138543835988,-0.04035546118697781,-0.18079545784516762,-0.7716669330148178,-0.5272536441371979,0.4646904073427631,-0.18628162787393568,-0.37496744964049794,2.88465911393464,-1.99728445005832,-0.22207346282916315,-0.21200261694822575,0.22429666140205043,0.26341509399213314,0.0,0.1974121419597351,-0.002741820648727618,-6.934669157053106E-4,-0.08113575799885057,-0.06810546348957314,5.545068223365757,-0.2808740769870224,2.4821596829544195,-0.10808178752096713,0.45030726618134004,0.537153220565918
67,13631.601160899709,0.0,0.0,0.0,0.0,0.0,0.0,0.0,0.0,-1.1185913287704368,0.0,-0.7002595790070802,-0.419564814950906,0.6952146027866856,0.1968263144260928,0.15058724085805528,0.10749681620500436,-1.4874727010537987,-2.4194181588468817,-0.9087301364678219,-0.5658053107888869,0.31630845451462597,0.6233158326204538,-0.3889444144733052,-0.6040720062172125,-1.6100765718685843,-0.033081224598220674,-0.17286691033517168,-0.7388215491864433,-0.5354630680066681,0.4630004262342831,-0.18862585974749208,-0.37752046142112633,2.8841515484787044,-1.9975379596474139,-0.2214089537451775,-0.20958407808766916,0.22481934623845662,0.260488231602778,0.0,0.19671044315564423,-0.0027263618406095603,-6.891938593748646E-4,-0.0798111448996843,-0.06697843019882206,5.032583900769934,-0.27158368856482007,2.54562122763154,-0.09307289671158529,0.47941092355477544,0.5465403433997446
68,13631.54299991527,0.0,0.0,0.0,0.0,0.0,0.0,0.0,0.0,-1.118810776766891,0.0,-0.7021909583885791,-0.41951172525061864,0.6945266996402862,0.19967592279676455,0.15179117708180961,0.10885209248072705,-1.4879569390631617,-2.416888468830879,-0.9006354306964811,-0.5643613564428477,0.31879849529678245,0.6319405338381441,-0.39204994987138747,-0.6111261938354013,-1.6063482522982189,-0.03915072679336509,-0.17963014431358737,-0.7480315274971213,-0.5364178716231528,0.4658826570753018,-0.18801566928861904,-0.3755551515483708,2.8864055783140055,-1.9989760749053873,-0.22275297371053815,-0.21241911471194186,0.2243176013569018,0.2623792835632549,0.0,0.1989482380136125,-0.0027390283805179584,-6.928050973112498E-4,-0.07962877966878394,-0.06686397493127776,4.764341360939107,-0.26124210313048246,2.5621797743408097,-0.09433971657312314,0.4821845972981504,0.5569044487203919
69,13630.660398253392,0.0,0.0,0.0,0.0,0.0,0.0,0.0,0.0,-1.1189134668051317,0.0,-0.7053386191983516,-0.42192866064671997,0.6936704502135845,0.20444192070010836,0.15558974399590725,0.11207040587792273,-1.4952001220015692,-2.413094402141399,-0.8989704678317085,-0.5671901949496171,0.32632587069931723,0.6387598544389912,-0.38666569537154505,-0.6131087547111603,-1.6052242353540782,-0.04127759175862457,-0.19765371537905438,-0.7488643387248494,-0.5414361115387809,0.47079651185740384,-0.18867369593223693,-0.37960107746303245,2.8909508253857736,-2.00089025101138,-0.22502603363239498,-0.21670203873610858,0.22366512081120854,0.2642860613635434,0.0,0.1989151395436873,-0.0027565009640230977,-6.96976166844141E-4,-0.07735259652285725,-0.06420526287722651,3.2462104146405375,-0.21612668124319134,2.7269496855449695,-0.0776849305714023,0.5382251859164653,0.6124504962668684
70,13629.968696397655,0.0,0.0,0.0,0.0,0.0,0.0,0.0,0.0,-1.1193570432706947,0.0,-0.7024511882317408,-0.42315008534163556,0.6937534220576437,0.20419285601644827,0.15546178206177882,0.11160214037229892,-1.4750349017796731,-2.4077879127986153,-0.9071477797013784,-0.5662789988962773,0.315080781157116,0.6278219495818358,-0.3872906095200321,-0.6065927424934432,-1.6118662974615656,-0.022660010708067016,-0.20573144579524605,-0.7297727880688796,-0.5384195147354833,0.4661562142326299,-0.1947366996828044,-0.39060951337437794,2.890438824437048,-1.9981896079351362,-0.22113944113502218,-0.21118650048284787,0.2244095619633004,0.2635362003868385,0.0,0.19539217114862578,-0.0027930525848680362,-7.097179748098957E-4,-0.07555080787485097,-0.06184109809689269,2.091026397882783,-0.17540355278847045,2.898270572582447,-0.04504998961419921,0.575026476414518,0.6904624115506423
71,13629.420473781074,0.0,0.0,0.0,0.0,0.0,0.0,0.0,0.0,-1.11941188960841,0.0,-0.7007416555470005,-0.42146299744668225,0.6926261570869474,0.20434921782908302,0.1555623697675001,0.11204826761915922,-1.4830530607224497,-2.4079511448590765,-0.9056528369189617,-0.5679810545668477,0.32159921441373496,0.6268908524748715,-0.3834837489362683,-0.60544807318343,-1.6130369679861378,-0.03062824878997241,-0.2038500356954302,-0.721274280960147,-0.5304349311288671,0.4646779879562875,-0.19474707756625761,-0.39445406052671017,2.889015373510694,-1.9968800837179954,-0.22003689328752107,-0.20887196792140406,0.2244676480010515,0.26455539124855326,0.0,0.19567818839387988,-0.0027944969364279543,-7.089204219422304E-4,-0.0755678857187458,-0.06239416122757253,2.8893474856563137,-0.18108105908284378,2.8618238859254954,-0.02895788366348999,0.5538121075960225,0.7012545182415953
72,13629.41941572322,0.0,0.0,0.0,0.0,0.0,0.0,0.0,0.0,-1.1194140513717286,0.0,-0.7007403767927791,-0.42145393292496436,0.6926243637445908,0.20434829477639924,0.15556044692852675,0.11204793247138019,-1.483084666184261,-2.4079604718659615,-0.9056338222144198,-0.5679815326394159,0.32160776124797996,0.6269128495727174,-0.3834807868776163,-0.6054612950320483,-1.6130599295404227,-0.030590316224481072,-0.2038224906471396,-0.7212338509392283,-0.5304169748312814,0.464679535520799,-0.1947451626800317,-0.3944647384584845,2.8890075755281033,-1.9968789482405032,-0.22003805286022804,-0.20887045663498538,0.22446780969880337,0.2645580982591971,0.0,0.195682317062889,-0.002794430731388458,-7.088974365146418E-4,-0.07556727424650352,-0.062392709825701984,2.8910270203250215,-0.1811149674524758,2.8619250066866453,-0.02892373679458981,0.5538385357841537,0.7012671566431967
73,13629.418924890684,0.0,0.0,0.0,0.0,0.0,0.0,0.0,0.0,-1.1194146903458468,0.0,-0.7007399984368362,-0.4214512499754538,0.6926238333328132,0.20434801978694697,0.15555987518262465,0.11204783096624762,-1.4830940176871719,-2.4079632344871387,-0.9056281960645555,-0.5679816679072285,0.32161028614938625,0.6269193574129662,-0.38347991587647096,-0.6054652113519022,-1.6130667292902476,-0.030579058242579032,-0.20381432175300218,-0.7212218850272828,-0.5304116492138147,0.46467999243121255,-0.19474459556429766,-0.394467900535293,2.8890052653139913,-1.9968786113912607,-0.22003839741902137,-0.20887000976402367,0.2244678581773894,0.2645588987945797,0.0,0.1956835385488565,-0.0027944111093418443,-7.088906264165829E-4,-0.07556709302926104,-0.06239227910549064,2.8915256243297947,-0.1811250247249781,2.861955031556877,-0.028913629572390506,0.553846386796708,0.7012709060878832
74,13629.418595514357,0.0,0.0,0.0,0.0,0.0,0.0,0.0,0.0,-1.1194147592189618,0.0,-0.7007399576455098,-0.42145096070468085,0.6926237761735768,0.2043479900755695,0.15555981345604422,0.11204781994776417,-1.483095025836171,-2.4079635324018906,-0.905627589535358,-0.567981682323182,0.32161055822384776,0.6269200589480566,-0.3834798221068742,-0.6054656336361265,-1.613067462769679,-0.03057784284021119,-0.2038134403455225,-0.7212205944281037,-0.5304110745898197,0.4646800416237149,-0.19474453438293934,-0.39446824160540933,2.889005016134806,-1.9968785749723945,-0.22003843458090144,-0.20886996155318924,0.22446786343822878,0.2645589850806083,0.0,0.19568367023316288,-0.002794408992914132,-7.08889891957023E-4,-0.07556707350504367,-0.06239223264277301,2.891579441115692,-0.18112611029771314,2.8619582716460723,-0.028912539462853114,0.5538472338972688,0.7012713104162294
75,13629.419384002249,0.0,0.0,0.0,0.0,0.0,0.0,0.0,0.0,-1.1194147592189618,0.0,-0.7007399576455098,-0.42145096070468085,0.6926237761735768,0.2043479900755695,0.15555981345604422,0.11204781994776417,-1.483095025836171,-2.4079635324018906,-0.905627589535358,-0.567981682323182,0.32161055822384776,0.6269200589480566,-0.3834798221068742,-0.6054656336361265,-1.613067462769679,-0.03057784284021119,-0.2038134403455225,-0.7212205944281037,-0.5304110745898197,0.4646800416237149,-0.19474453438293934,-0.39446824160540933,2.889005016134806,-1.9968785749723945,-0.22003843458090144,-0.20886996155318924,0.22446786343822878,0.2645589850806083,0.0,0.19568367023316288,-0.002794408992914132,-7.08889891957023E-4,-0.07556707350504367,-0.06239223264277301,2.891579441115692,-0.18112611029771314,2.8619582716460723,-0.028912539462853114,0.5538472338972688,0.7012713104162294
std.err,,,,,,,,,,0.06475914215861897,,0.07189287849776026,0.06485240406136582,0.05371804053974967,0.08594390057574904,0.05623301382188102,0.08319915706862695,0.12321557005411009,0.15764009772712148,0.12273115585041648,0.10694589166474423,0.08990648249135146,0.12254876017706808,0.10893268610193313,0.1655956159213386,0.12762256097157706,0.19616760783430265,0.12581713979039683,0.1747496853306404,0.0995382588769343,0.13325212387801766,0.11098186173474854,0.1791202707248643,0.07070032771052913,0.083211241466919,0.06746525092326908,0.0639274728944821,0.050236516289517794,0.07680901049893517,,0.07931478724498515,1.8578000770481213E-4,6.104130204216056E-5,0.007502608239392121,0.01698977555549596,4.0884921709972675,0.10305916355313827,0.5741868574676269,0.1028131544574117,0.44499643296108554,0.3479682039046868
t.test,,,,,,,,,,-17.28581821663269,,-9.747000986576724,-6.498617388275813,12.893690261487794,2.3776904318586487,2.76634316540071,1.3467422495079049,-12.036587788254927,-15.275070030533278,-7.3789542945324165,-5.310925679162136,3.5771676225325026,5.11567851067798,-3.520337520622921,-3.6562902361118996,-12.639359769068784,-0.15587610603907373,-1.6199179275976425,-4.127163909128057,-5.3287156172341925,3.4872242790598573,-1.7547420032328096,-2.2022534915175953,40.86268210754782,-23.997701990376655,-3.2615076883232814,-3.267295766531354,4.4682211271299,3.4443743430892915,,2.467177647829288,-15.041494655087961,-11.613282617520191,-10.07210707181564,-3.672340016439474,0.7072483742607673,-1.7574964132551185,4.984367430958539,-0.28121439922193575,1.244610502182839,2.015331580722005
p.val,,,,,,,,,,0.0,,0.0,8.106160187537625E-11,0.0,0.017421444786175133,0.005668884544918429,0.1780632600066192,0.0,0.0,1.5942802633617248E-13,1.0906980629776797E-7,3.473374539773033E-4,3.1261513044889E-7,4.3099796430645654E-4,2.558916203152517E-4,0.0,0.8761306796876318,0.1052499082297893,3.672646258556789E-5,9.890972618720184E-8,4.8806188095618097E-4,0.07930344789896715,0.027647407444981287,0.0,0.0,0.0011082142726086541,0.001085801782280349,7.887275067952615E-6,5.723826222152617E-4,,0.013618277615282004,0.0,0.0,0.0,2.4033961181380015E-4,0.4794121416294237,0.07883323267180642,6.216484986776294E-7,0.7785459611381678,0.21327495805427654,0.04386991805081575
