Iteration,LL,asc_carD,b_carD_age_gr_under16,b_carD_age_gr_40_54,b_carD_age_gr_55up,b_carD_female,b_carD_hhcars_0,b_carD_hhcars_2,b_carD_hhcars_3,asc_carP,b_carP_age_gr_under16,b_carP_age_gr_40_54,b_carP_age_gr_55up,b_carP_female,b_carP_hhcars_0,b_carP_hhcars_2,b_carP_hhcars_3,asc_pt,b_pt_age_gr_under16,b_pt_age_gr_40_54,b_pt_age_gr_55up,b_pt_female,b_pt_hhcars_0,b_pt_hhcars_2,b_pt_hhcars_3,asc_bike,b_bike_age_gr_under16,b_bike_age_gr_40_54,b_bike_age_gr_55up,b_bike_female,b_bike_hhcars_0,b_bike_hhcars_2,b_bike_hhcars_3,asc_walk,b_walk_age_gr_under16,b_walk_age_gr_40_54,b_walk_age_gr_55up,b_walk_female,b_walk_hhcars_0,b_walk_hhcars_2,b_walk_hhcars_3,b_car_time,b_pt_time,b_bike_cost,b_walk_cost,g_bike_grad,g_bike_grad_f,g_bike_stressLink,g_bike_stressLink_f,g_walk_vgvi,g_walk_speed
0,18738.06335805751,0.0,0.0,0.0,0.0,0.0,0.0,0.0,0.0,0.0,0.0,0.0,0.0,0.0,0.0,0.0,0.0,0.0,0.0,0.0,0.0,0.0,0.0,0.0,0.0,0.0,0.0,0.0,0.0,0.0,0.0,0.0,0.0,0.0,0.0,0.0,0.0,0.0,0.0,0.0,0.0,0.0,0.0,-0.1,-0.1,0.0,0.0,0.0,0.0,0.0,0.0
1,18170.460594605396,0.0,0.0,0.0,0.0,0.0,0.0,0.0,0.0,-1.0160282930660503E-7,0.0,-3.8659444270393045E-8,-2.2065394153992614E-8,-4.1362445481190176E-8,-1.162815754412852E-8,-3.383746357894245E-8,-1.6515774049926843E-8,-4.264853641574899E-8,-3.30295305460752E-10,-1.7666544735186606E-8,-1.3330124028717066E-8,-1.7940563614447435E-8,7.336149355338556E-10,-1.9803914859950344E-8,-1.2289332790537416E-8,-2.2034967344984896E-9,-1.0602826366602274E-10,-6.860498229054996E-10,-1.2292111026235872E-9,-3.1821936293088153E-9,6.393397896589556E-10,-2.017762094045147E-9,-1.1070025415346847E-9,7.1922049872208544E-9,4.505133620227282E-11,1.806852013849301E-9,1.0690657954430575E-9,4.0336714834596785E-9,1.7376079661490886E-9,1.6954359167385395E-9,4.424300888297454E-10,2.4398863418861577E-5,-1.8715180824610357E-4,-0.0999999271242336,-0.09999983851534215,0.0,2.9191001827930575E-11,-6.304119724939429E-9,1.7301473141637045E-9,-1.1325529321031223E-8,-1.0062794458518971E-8
2,17795.195267940133,0.0,0.0,0.0,0.0,0.0,0.0,0.0,0.0,-2.9793204073332964E-5,0.0,-1.1278814148026627E-5,-6.434617164436743E-6,-1.216239368568413E-5,-3.386530275087482E-6,-9.961287901553671E-6,-4.850589864710712E-6,-7.758436821581626E-7,-5.513060934416742E-8,-7.666549414237424E-7,-1.2375558093222729E-6,-3.708544604879207E-7,1.2501019637165506E-6,-1.570459182311568E-6,-1.4294076370161397E-6,-7.500069493615014E-7,-2.8750846511769198E-8,-2.3802451366741355E-7,-3.46883186596934E-7,-8.888982275621984E-7,1.3203051415385507E-7,-5.608190890913945E-7,-3.0597150989255774E-7,1.7552869100764099E-6,1.078087578648774E-8,4.4012942418953605E-7,2.5956880204389715E-7,9.847615042973492E-7,4.256947609582796E-7,4.1285720228558755E-7,1.0633188495611252E-7,-0.003387764661944618,-8.965304265359238E-4,-0.09998556321720077,-0.09996058341000279,0.0,8.880639495580593E-9,-1.255352635774517E-6,5.711825760551686E-7,-2.764470699519525E-6,-2.4556343671988813E-6
3,17386.248360735102,0.0,0.0,0.0,0.0,0.0,0.0,0.0,0.0,-0.022204636696035146,0.0,-0.008446137049879449,-0.004839011242546267,-0.009020686833068167,-0.0025036046080883024,-0.0074363929601451596,-0.0036513302787262083,7.676719327042488E-5,-2.8355989056190655E-5,-3.397424908236303E-4,-7.374383937873555E-4,9.00895952369192E-5,0.0010188464046026263,-0.0010145076506003952,-9.333917660794894E-4,-0.0028438601928884523,-3.652415276886443E-5,-9.639665156260166E-4,-7.433391606201849E-4,-0.0017874474620870357,-1.692085865341571E-4,-0.0011428250995858906,-5.948462259584139E-4,0.001278445211718609,7.310803735695304E-6,3.1630830013613655E-4,1.8291508624061325E-4,7.187736108463545E-4,3.180819388941985E-4,2.959500208451836E-4,6.967396284002256E-5,-0.004402323400011952,-0.0011144283474334774,-0.14811452164140373,-0.07156613053360342,0.0,3.310308959853578E-5,0.004116221971461107,0.002777576043819735,-0.0019942794433532064,-0.0017684333106556369
4,17231.927264895883,0.0,0.0,0.0,0.0,0.0,0.0,0.0,0.0,-0.0421524447936749,0.0,-0.016019654788227613,-0.009200499002757247,-0.01712549289765085,-0.004743015278090855,-0.014100218108436426,-0.006945426457550553,1.9982308511854396E-4,-4.976974042306157E-5,-6.151525809966939E-4,-0.0013372011691081384,2.012693803798653E-4,0.0019092705916462299,-0.0019008362729247396,-0.0017181457473323268,-0.0038808548268573803,-6.075054684809029E-5,-0.001298254033808652,-0.0010887484352626845,-0.0026655636582403443,-1.463125606756378E-4,-0.0016840684933532406,-8.84956233618955E-4,0.0019502049298502242,8.361475495035934E-6,4.5062577634521675E-4,2.4470773560896625E-4,0.0011096132585261083,5.396476807120798E-4,4.1954442639669247E-4,5.823765140612736E-5,-0.004326040679222395,-0.001101375017134878,-0.14515101594791985,-0.06369355881031158,0.0,4.9722828927901616E-5,0.004402048092005645,0.004030883318074957,-0.0025223090462741732,-0.00219962218718114
5,13427.013671038547,0.0,0.0,0.0,0.0,0.0,0.0,0.0,0.0,-2.844961421297972,0.0,-1.079594706390446,-0.6216434123262699,-1.1503892106790559,-0.31950059342053616,-0.9494856770370346,-0.4695619459916807,0.016196192743231096,-0.0031906675066739774,-0.04143979419748246,-0.08841717932013626,0.014226305224108199,0.12951985675846875,-0.12954785304124813,-0.11495239020323612,-0.166496980384198,-0.0035813612261389183,-0.05437489338559935,-0.053534563392109366,-0.13493116013784845,0.001529010114335025,-0.08383899395989337,-0.044682229854180223,0.07323289518053992,-8.345421113066906E-5,0.011508309328301495,0.0037940752173336195,0.04396815589801996,0.02911634820073719,0.010531072057236714,-0.005520972130142514,-0.004882498972009071,-0.0016576311141895364,-0.2054840577022385,-0.21772358193617872,0.0,0.0025482529025461216,0.08282529111821288,0.1939413291705752,-0.02430353499031094,-0.013269964109190513
6,13305.559264882915,0.0,0.0,0.0,0.0,0.0,0.0,0.0,0.0,-2.859161346814995,0.0,-1.090166499434727,-0.6261511789577208,-1.1365983519274652,-0.3210614787218777,-0.9522683083628555,-0.4718799891530507,0.020083075166730538,-0.0050460076183385825,-0.04807256180206001,-0.10168579493265592,0.014835620171551378,0.14882704551067974,-0.14841461247178084,-0.1328124110547428,-0.19528158085321812,-0.004817275446046771,-0.06311668473261932,-0.06276140477700963,-0.15439185585957732,0.001695149790104138,-0.09805681861582935,-0.05245131918521877,0.0900366778878535,-4.902136841445272E-5,0.014629064434472469,0.00533433207396615,0.05372369354834476,0.03475530470033713,0.01352826060395831,-0.0058639169770569235,-0.004862698293409291,-0.0016533023558240694,-0.20291462511544575,-0.2243229954538791,0.0,0.002805229431898874,0.07551250307404517,0.21476774706222804,-0.0912637266915467,-0.07140714927284876
7,13174.718196224325,0.0,0.0,0.0,0.0,0.0,0.0,0.0,0.0,-2.8739575156363864,0.0,-1.1010605409802108,-0.6308328947181872,-1.1233838119547717,-0.3226718588942175,-0.9553450133681236,-0.4743157997385755,0.024317317460071982,-0.006909963125640641,-0.05452871533482011,-0.11459248520628891,0.01565548543837367,0.16766727184138774,-0.16657212178134986,-0.15037556475723696,-0.22316405094568914,-0.00603836166530548,-0.07151113203811475,-0.07174613711374916,-0.1728370529135113,0.0019820850698262535,-0.11191348046501964,-0.060075382275277193,0.10738063741940293,-1.945858698780877E-5,0.01793721584548119,0.006952899569663572,0.06369855404478258,0.0404484309022268,0.016678286379410233,-0.006121756266660568,-0.00484078323050338,-0.0016488159207971383,-0.20036114688721127,-0.231373275136342,0.0,0.0030493427448049387,0.06825582437962557,0.2346079686388532,-0.16288672367460855,-0.13381850539881834
8,13036.572249370676,0.0,0.0,0.0,0.0,0.0,0.0,0.0,0.0,-2.889245657955219,0.0,-1.1122473241260753,-0.6356680532690436,-1.1107254870831684,-0.32432083283197366,-0.9586870373877474,-0.47685226495115113,0.028946041619438822,-0.008778824539389109,-0.060789687872254985,-0.12713274787693346,0.016719014241658312,0.18605702122919615,-0.18402580519859676,-0.1676338576506495,-0.25015576758316976,-0.007242069430076238,-0.07956741701221567,-0.08049023630484055,-0.19031078951662114,0.002387731216047019,-0.12541421280175563,-0.06755463579171692,0.12502754335223834,-1.1364151691741357E-6,0.021361323228587796,0.008589510263273575,0.07374584917472299,0.04616272013468364,0.019903848608672517,-0.006331850125036888,-0.004816831759172423,-0.0016441886004929327,-0.1979181103596148,-0.23879491696272886,0.0,0.0032761287124169706,0.059946548447630754,0.2534284612179114,-0.23837106582530498,-0.19976762416536414
9,12898.242267395746,0.0,0.0,0.0,0.0,0.0,0.0,0.0,0.0,-2.9046847532896094,0.0,-1.1236087521198466,-0.6405840570934774,-1.0985098066404497,-0.3259713703072811,-0.9621873591186488,-0.4794325543403104,0.034036943642514174,-0.010646677229337452,-0.06682880606438234,-0.13929209728713043,0.018070461908303716,0.20400787025865572,-0.20076446059613162,-0.18456912668438774,-0.2762139165797198,-0.008423740883322168,-0.08727754857831671,-0.0889821107629337,-0.20681474727626226,0.0029149231289597594,-0.13854454064610028,-0.07487866144924914,0.1425143659777044,-4.6948701772585384E-6,0.024758399536478532,0.010133590942370015,0.08358758127416889,0.05183640755859676,0.02305483527652019,-0.006567116440955865,-0.004791881182911136,-0.0016396102137937862,-0.19557416273621556,-0.24638341024505087,0.0,0.003485262197465793,0.0510503127409213,0.27149062016307707,-0.3157080999306099,-0.26738737605360724
10,12774.254395746115,0.0,0.0,0.0,0.0,0.0,0.0,0.0,0.0,-2.9116867335125263,0.0,-1.2215254701383307,-0.6719199198278963,-1.0084748811874675,-0.32236288747994024,-0.9776142337985931,-0.4853610788505175,0.2389312075004766,-0.028421822342680106,-0.0632894444725224,-0.1625882549272959,0.12647917178859033,0.2827044537203651,-0.1815870477569136,-0.2741260153311291,-0.2756173447783586,-0.012976665362536634,-0.06944357229870712,-0.10562660051273641,-0.11276550801753361,0.04429340050776767,-0.17050473875219163,-0.10630095482211616,0.058225245386136076,-0.0107945508430842,-0.018957510917605436,-0.05071593217483085,-9.980387116313855E-4,0.073215215604926,-0.03833089095717322,-0.05271507962567295,-0.004825676225591518,-0.001701532697191518,-0.20092593208614196,-0.2492624348643281,0.0,0.0015886031784359386,-0.031098118076521297,0.3379830466212373,-0.42072436057334345,-0.2875148630738294
11,12656.686347983356,0.0,0.0,0.0,0.0,0.0,0.0,0.0,0.0,-2.9195233897806294,0.0,-1.3733339998845788,-0.7210097040903352,-0.8675076046441499,-0.31551424652384824,-1.0012398701115655,-0.4951090633875543,0.374423747089783,-0.05790199803022804,-0.12658517185382867,-0.2266364648389055,0.10615626240271203,0.351219243887052,-0.21793310754063344,-0.4076806344422238,-0.2865488587136451,-0.019635944405395445,-0.049144331080018214,-0.13360169512684295,0.04593978294314753,0.10583173456367706,-0.22016600634776354,-0.15760411679302452,-0.056614119789112474,-0.027736200469834018,-0.08088003782115295,-0.14097118012484725,-0.11694534257078142,0.11081551892848526,-0.12839969152245678,-0.1238816349476082,-0.004770343058476731,-0.001705919295632836,-0.22006051697150206,-0.24991138841599936,0.0,-0.0017460761724709054,-0.29139917975658963,0.3961927239980607,-0.5402290336938033,-0.2727327510282437
12,12503.687227068745,0.0,0.0,0.0,0.0,0.0,0.0,0.0,0.0,-2.916684024856433,0.0,-1.6207454758403572,-0.8007955632557904,-0.6218447668739114,-0.3014716330281737,-1.0332738340325731,-0.5098548385252781,0.49489431549789703,-0.10810632050014723,-0.2585231349284889,-0.3515939486897055,-0.020689440650196372,0.4308531965459771,-0.3229376196213319,-0.6179156631057574,-0.41031918873390827,-0.0333263024271772,-0.05592057370347864,-0.20078307058068218,0.3245349847756057,0.18850890338829873,-0.3259146616063015,-0.2574486099007761,-0.21456450223007306,-0.05577485729501756,-0.17335630477659164,-0.2821440499560598,-0.2814925634450857,0.1810867868004818,-0.2670363575784154,-0.24013161009929396,-0.0047450428269814274,-0.0016873454992743162,-0.2169756518396381,-0.24652188805346978,0.0,-0.007589757753912695,-0.2739054143257621,0.3857011918443232,-0.695922738385937,-0.20267380032566878
13,12434.982851878205,0.0,0.0,0.0,0.0,0.0,0.0,0.0,0.0,-2.8622385892646087,0.0,-2.821164330730676,-1.2022235201095506,0.7924896076311118,-0.21606026311000148,-1.1267058815878839,-0.5945367066306311,0.8995322500458384,-0.38594612134275724,-0.644815402629944,-0.9891729987338695,-0.05549921674094575,0.6022019807288028,-0.9229659466132538,-1.4224563905459606,-1.7406661480518753,-0.12426900505485602,-0.44449700317317503,-0.6668892903595444,0.8144705949364874,0.47081595179575436,-1.0136430233923048,-0.8717154124200125,-0.40993838832372576,-0.19413573273895246,-0.45718580706647793,-0.8216468577526733,-0.5874852399404091,0.6512474201248026,-0.7508568465417528,-0.7679334998398941,-0.005231044076182449,-0.0017399704769833423,-0.15800729096834293,-0.19569022394843646,0.0,-0.02056214731783248,-0.3925739025283835,1.1392377323919025,-0.863544384965408,0.734708915682011
14,12232.254654454016,0.0,0.0,0.0,0.0,0.0,0.0,0.0,0.0,-2.900173546572516,0.0,-3.393189957037995,-1.4157526389286155,1.4912425272923053,-0.15662096048558952,-1.1199054278541476,-0.6785059486279895,0.7717056775058425,-0.5795788783703753,-0.7198396962415682,-1.1065061549807615,0.10441080031924259,0.25654988029099773,-0.8929096459196528,-1.582627782320652,-1.8553169804661969,-0.17193069998010882,-0.48381713722105185,-0.7561279333177531,1.2682539715010468,0.6697310343096959,-1.1308746227205648,-1.1031668832269461,-0.1287560967439828,-0.2749804494180664,-0.5222413081904249,-1.0583713223071816,-0.49213998954469695,1.0134144408518186,-0.9243458432193157,-1.050020561919267,-0.005308507994737879,-0.0017205450728418007,-0.14429734026060037,-0.1972423818928623,0.0,-0.03251326354872147,-0.3565474962916585,1.5411678294166946,-1.4558718644532593,1.4143234259224946
15,12179.249020903317,0.0,0.0,0.0,0.0,0.0,0.0,0.0,0.0,-2.9108825665972238,0.0,-3.4834548194104693,-1.4623491401837074,1.5704182945426863,-0.12848101491630617,-0.9971132091506265,-0.7356505055356788,0.8387032310228753,-0.6994389016866793,-0.682483696337495,-1.1071577389633878,0.06600813249712018,0.48221554671379924,-1.0889836148088765,-1.6266355050383767,-1.8507791275269152,-0.20646118568877198,-0.5002834658307007,-0.7671788411419875,1.5408477081142788,0.6573110322193635,-1.0970841893337298,-1.1835940676965655,0.1648866918345968,-0.3322410405602963,-0.5315913445199032,-1.1602142320843127,-0.3057378911153916,1.2115427250821484,-0.9605983483431184,-1.2061349958305179,-0.005334514535691471,-0.0017271022657670467,-0.143656017661174,-0.19877452585282246,0.0,-0.04140942700841267,-0.35138166662846054,1.6919036000154626,-1.6883978321764503,1.7854265514449033
16,12163.656794145425,0.0,0.0,0.0,0.0,0.0,0.0,0.0,0.0,-3.0273978501145447,0.0,-3.6323134229423206,-1.551523579390702,1.8708226480481176,-0.024392963225915457,-0.6631428587386259,-0.8770592439200297,0.9284036514190828,-1.065913620764171,-0.9154891526780454,-1.1701479773514962,0.04386062534259774,0.883781909970698,-1.1094459841151028,-2.006612341796303,-1.6567142723264237,-0.31857237446559195,-0.4227256085363478,-0.8122474684309658,2.295902927600987,0.7611095687372142,-1.0741800044062402,-1.4017173544847967,1.139284378656811,-0.4960207906725924,-0.5770976203726857,-1.3934239187307058,0.31849614236034585,1.7357610639510876,-0.9788311835905253,-1.62438039796627,-0.005318982763438928,-0.001708047490581221,-0.14707625867666133,-0.2083591095556365,0.0,-0.07060361654188499,-0.30551775326751895,2.0527181036381217,-1.4400480933205357,1.833775618637436
17,12124.120244707763,0.0,0.0,0.0,0.0,0.0,0.0,0.0,0.0,-3.0798112550779955,0.0,-3.430383734166469,-1.5063588524260314,1.6405446566351856,0.11823381924474095,-0.5092975098314014,-0.9141770177480422,1.0459372593941383,-1.340165436068747,-0.9262289960922601,-1.2245203714607538,0.014199479946134724,0.7777644431587573,-0.8634303339273197,-2.0691857677636616,-1.894240817674885,-0.42426904946589106,-0.5588508615437058,-0.8964020683538609,2.653591040065774,0.7534388246999242,-1.1349389241151746,-1.5550363503566946,1.5514947582307708,-0.6457603762487436,-0.7485590587646018,-1.6463994381604483,0.572875972365896,1.9974373946383785,-1.0597970170826154,-2.0013173125980552,-0.005316999851430911,-0.0017394056646932684,-0.14655396341275728,-0.21821538894655226,0.0,-0.09264033383405558,-0.3776951604469636,2.040158158912465,-1.4213081743733145,1.8002080726326228
18,12071.015606910867,0.0,0.0,0.0,0.0,0.0,0.0,0.0,0.0,-3.1971130744320115,0.0,-3.1555009963546063,-1.4388391209267684,1.526507580372627,0.35969793837847486,-0.4871880408568,-0.864976217956331,0.8416324155143872,-1.8750907503711203,-0.7132364746269724,-1.2187889009177146,0.2843746894634922,0.6070243690975418,-1.1909540586382885,-1.8216875147771423,-1.9406244711939835,-0.6353334309641891,-0.6143389584484079,-0.9280028296496833,2.8582639948975417,0.7698398730853512,-1.0390264271784837,-1.6720775365400915,1.8796557167884937,-0.9635144052316444,-1.233020014643653,-2.1520610186211186,0.7361804036274713,2.137978749729045,-1.2042598577497394,-2.7233877736786543,-0.005281202108639907,-0.0017083122344097711,-0.14793315429900794,-0.22717481770299447,0.0,-0.1293164497810843,-0.38866686775975356,2.0400753340808344,-1.2591914556534634,1.458915037945184
19,11989.258871844613,0.0,0.0,0.0,0.0,0.0,0.0,0.0,0.0,-3.3499772392178038,0.0,-2.9105945652076786,-1.3835431480448406,1.613567552657446,0.5724422030400664,-0.5755158910916086,-0.7522958855373998,0.6953403946538393,-2.547182691942522,-0.702661634926366,-0.8736144753147854,0.1345017248322991,0.7072351816395823,-1.051422720210158,-1.4617430783802998,-1.9288732541970774,-0.9286326729234421,-0.5978217537243883,-0.8961542297423337,2.5768322371306556,0.6866595677303058,-0.8633044209863933,-1.6698354217876032,2.1662287592623057,-1.4081180524527022,-1.8079603089271654,-2.747309838900013,0.9151588038607902,2.051795499637575,-1.314896859881482,-3.6142443221886706,-0.005344470312477896,-0.0017159643248074786,-0.13553774254742607,-0.23363929904199887,0.0,-0.1692035269529282,-0.3142015942558737,2.2044876500450954,-1.16672012622584,1.1851426906548703
20,11924.247301113759,0.0,0.0,0.0,0.0,0.0,0.0,0.0,0.0,-3.533040035063453,0.0,-2.7551818797823335,-1.3392884090921575,1.8278211923758116,0.6001169300892769,-0.5726923451536796,-0.6423840739368879,0.5576646957848084,-3.2063106708341156,-0.5284142573139141,-1.1243017362900964,0.17966069108734656,0.8811319322358488,-0.81034178705173,-1.3916665758842557,-1.826986508233138,-1.2624523213928167,-0.5680937405969503,-0.7606546317119565,2.0679306571869636,0.6244323266677161,-0.7776253634007917,-1.4944685743952384,2.5308269398140313,-1.9049237695710883,-2.1396228218573166,-3.1332590174782027,1.1293905472469419,1.7281861724411256,-1.237243354773051,-4.402646567273881,-0.005184700047430281,-0.0016806542171040216,-0.14538473558591472,-0.23927996737637644,0.0,-0.2068772241879287,-0.3305895658948034,1.7687794426696009,-1.1310911127838403,1.0923511883790924
21,11909.39130605604,0.0,0.0,0.0,0.0,0.0,0.0,0.0,0.0,-3.7403002256670703,0.0,-2.3629371980806733,-1.2195095888847185,1.749660906943067,0.40578308244914474,-0.2817186817643906,-0.5673351308708133,0.6078558192474691,-4.011271070488827,-1.1896771279803153,-1.1082975734277345,0.4635999643074611,0.6948972777818311,-0.9499817058723186,-1.4602832982912413,-1.5806241814858788,-1.7542097516981594,-0.49558886515768674,-0.7051319213699041,1.41251271035889,0.763007335699664,-0.9763575836071894,-1.2306460107191162,2.9088760942953673,-2.628781554324674,-2.1296738981870886,-3.258105583310078,1.1436812258418334,1.058310242254581,-0.9523526451089315,-5.205621075435927,-0.005032950956102671,-0.0016092371457710238,-0.14954611598565584,-0.24626496725706293,0.0,-0.2617537599513264,-0.29403903685334776,1.4149547014894739,-1.1938751261392004,1.1169356145793072
22,11858.707093709456,0.0,0.0,0.0,0.0,0.0,0.0,0.0,0.0,-3.958933144256962,0.0,-1.9417512944654283,-1.083402462766648,1.6794825749764077,0.11010568318466418,0.09112482886334183,-0.561000371269157,0.7960560829396884,-4.847205129850049,-0.8517755317354163,-1.053771200892305,0.12847645957730214,0.19836060289460367,-1.1220945871474375,-1.7666275939744107,-1.1452362151174877,-2.340529889344584,-0.47223241679688366,-0.798068807288085,0.8877950431906162,1.039433378730846,-1.3595297188785511,-1.034899282685794,3.239953370825959,-3.4801268923293223,-1.7383190214162392,-2.9582916073785945,0.8418991016766179,0.267928096583282,-0.5825753307186762,-5.805680950452921,-0.005017786427388965,-0.0016015455672340076,-0.13838109285985065,-0.2569996837725749,0.0,-0.33153185185763556,-0.1627686210658256,1.5415016414453466,-1.148881347578525,0.9665335750994533
23,11778.391310653566,0.0,0.0,0.0,0.0,0.0,0.0,0.0,0.0,-4.117907816642671,0.0,-1.6162403924478324,-0.9453380430996969,1.800316882565685,-0.10254962485457975,0.06750209073288141,-0.5517568903589185,0.5101362284610472,-5.5537638399265035,-0.7180391603568751,-0.8025672647693562,0.2533796829722829,0.210422574372285,-0.9832961392301258,-1.7621198884874922,-1.0410335675201947,-2.957264456871692,-0.7154781579775767,-1.0401053001089937,0.8857573079198406,0.4680586537269701,-1.344381841532793,-1.0970397141750534,3.4219200987208707,-4.313774360853007,-0.9721366901813284,-1.9875593108589054,0.12869821150832295,-0.12284987525086477,-0.5693512066670948,-5.826965539191982,-0.004927373816825768,-0.0015581284164771813,-0.13508142796882208,-0.26921933119902575,0.0,-0.4158597522860338,-0.1703779092784698,1.4764887246490994,-1.0809338005657079,0.7354435246216092
24,11733.064785245802,0.0,0.0,0.0,0.0,0.0,0.0,0.0,0.0,-4.211392834271061,0.0,-1.2812773845926018,-0.7715057330757984,1.8190808830568692,-0.10400356333173832,-0.0905387066100074,-0.5330763361038148,0.5226399140549498,-5.968704334346358,-0.7938942058320614,-1.1526642764779433,0.19108191478683303,0.25463908523880446,-0.898074300081404,-1.3791410405508036,-0.9475576497399578,-3.400039454226622,-0.5355518996384973,-1.0635011482865588,0.7527112500195194,0.5471336160050665,-1.31905690730104,-1.3534284982257296,3.305057466559812,-4.8241112191617574,-0.7362585950194347,-1.1553948651064643,0.006768412590633877,-0.07296693851056765,-0.8784110184765948,-5.361566634746447,-0.004885132079634247,-0.0015388322253390577,-0.12895391250427413,-0.27321188657286044,0.0,-0.4768738604515419,-0.11408808880383697,1.556196444028537,-1.0754017013301018,0.6593134144276618
25,11697.509706469024,0.0,0.0,0.0,0.0,0.0,0.0,0.0,0.0,-4.555479847196559,0.0,-0.6316111059546765,-0.3480936646557785,2.126296297241374,0.12007102216041074,-0.3704817774724177,-0.5127493446476602,0.5336474228844048,-6.977940570244244,-0.5444550228939673,-0.3529063786325418,0.18765280381766541,0.1960438163273056,-0.9773423823315828,-1.5960463088836199,-1.0794208360571236,-4.607947318714935,-0.35860798695068025,-0.7143993377926596,0.20999222027321351,1.0984812303646443,-1.2826361335002257,-1.897509479242629,2.5753856469824625,-6.0174148116782655,-0.5877818291749919,0.41348626556896617,0.5402278284225455,0.5220222308242244,-1.631227720254992,-3.0869159184290162,-0.004602770435960716,-0.0015071296374281318,-0.14132970116150687,-0.2780350993374796,0.0,-0.6505992098158928,-0.18186261771075896,0.8101406402504401,-1.0629777325016718,0.5632253268500556
26,11620.12489236453,0.0,0.0,0.0,0.0,0.0,0.0,0.0,0.0,-4.649457612112286,0.0,-0.4395768277084631,-0.07920494783149312,1.980244610387864,0.31510508438152574,-0.14958924123072342,-0.5516968273023048,0.234351794983796,-7.485350134326301,-0.5165645126771468,-0.4444942945647844,0.24315734503781009,0.28258292956071895,-0.8457787115065479,-1.7504633943992236,-1.000157946657445,-5.289825189564946,-0.48897797186785896,-0.4428278371167911,0.015381051426746367,0.9862987462253255,-1.2455723715685394,-1.9623601745677337,1.8643969757021432,-6.59712032899366,-0.44595597837075424,0.28068572009072645,0.6241542500946055,0.8660868355428983,-1.5103447195974942,-1.3747183618900185,-0.004503676698433688,-0.001418244273206361,-0.1287924689258591,-0.27408368123068644,0.0,-0.7608091151052445,-0.10453827884127692,0.9328051021928382,-1.0964106540308092,0.5163405570641744
27,11583.91425210337,0.0,0.0,0.0,0.0,0.0,0.0,0.0,0.0,-4.677555857903332,0.0,-0.5787873979762967,-0.042138894014593836,2.10005727569406,0.4865912991023908,-0.09317196403877978,-0.4330963859909923,0.5068860131931514,-7.901162956757978,-0.49390571237842257,-0.41950178399099275,0.11306778981032753,0.16381012674139173,-0.8708707236234249,-1.162568983545952,-1.1381489910777738,-5.9467546012353525,-0.3680075831748953,-0.5758324009119609,0.06657986910477298,0.790733400076975,-1.2547623312693754,-1.858005973163157,1.4750582784867994,-7.0601252656286535,-0.27166362121261545,0.03319624433797436,0.6845867635258878,1.202179437072969,-0.6848266148363268,0.09868980628363322,-0.0043922798646954765,-0.00145043116782395,-0.13332658131101247,-0.2795873498774742,0.0,-0.8799176217938276,-0.16146590214415646,0.6779748106614845,-1.0454930142238954,0.3840689306134085
28,11528.192895840215,0.0,0.0,0.0,0.0,0.0,0.0,0.0,0.0,-4.617423664694128,0.0,-0.31281570681720683,-0.2005004441662735,1.9558810447798516,0.6497696844226903,-0.25712500474535205,-0.06923019663189872,0.2856293635600198,-8.212007307718032,-0.42361645369884476,-0.4031163046094063,0.15837979641884262,0.44672184432733264,-0.7239205947029648,-1.146949515144211,-1.2571405226061718,-6.614852611188603,-0.0478217014542936,-1.0641145376005605,0.025080429810606243,0.990040982919139,-1.359003534876438,-1.7601374006959383,1.1459581298021555,-7.358375481206494,-0.5007189031504822,0.07333043008699017,0.32480671417153295,1.7015829080010265,0.33579643290241423,0.6218244033176829,-0.004241510387337495,-0.001383624632316622,-0.12831718063180889,-0.27061349861011463,0.0,-1.014698244051049,-0.16211330203540217,0.5840728358034828,-1.115222603671246,0.5317439967759088
29,11483.544489847129,0.0,0.0,0.0,0.0,0.0,0.0,0.0,0.0,-3.58274771103477,0.0,-1.3318403003194579,-0.5807538077554153,0.9560100340723208,0.3382740304176415,0.07633994992723708,0.5891563680049277,0.5925033923157408,-8.711853272771672,-0.5963881176090335,-0.7779667813635861,-0.22576287702993783,0.40247320459045677,-0.7173792951406918,-0.8576150416483005,-1.1667488883901607,-9.007053139893616,-1.5294081296636735,-1.0250496690998885,-0.5951719849355088,1.0239169161341575,-0.1363510075897323,-0.5807610742648524,-0.2823027243641705,-8.07947059249549,-0.5339357669323582,0.6007041982423043,0.014363457581435202,3.3513408392915993,1.3290209623019709,-0.3327471975523477,-0.0037085546602622305,-0.0012183931697086182,-0.10668414396841398,-0.23726372961007208,0.0,-1.5310453853018922,-0.060496192780071706,0.3752571035483345,-1.0931874313777454,0.4513473002447594
30,11356.317252862567,0.0,0.0,0.0,0.0,0.0,0.0,0.0,0.0,-2.8924285519402106,0.0,-1.6989501555122484,-0.7579171465617557,0.4559282518497496,0.29611927284192113,0.02836142979490639,-0.1818234427003269,0.3233209318353325,-8.606957198339957,-0.44061645334590915,-0.7334609744423131,-0.17652425955232656,0.659543298814384,-0.5813635546564009,-0.5446148663038887,-1.5298164801008307,-10.029007400990455,-1.1953203219307034,-1.1505434382176047,-0.4324752764003773,0.9545513623011765,-0.4029388537148293,-0.27575698391464626,-0.6406031408150021,-8.301577414397045,-0.08699479980625202,0.1616891392736589,0.34261610538813486,2.5200562964987507,0.7857058289183101,-0.8425383667783566,-0.003497488717548049,-0.0011329507378587773,-0.09618274515461808,-0.2232407618943988,0.0,-1.7689343970269522,-0.08297296928627088,0.29988452133265103,-1.093584917371242,0.4279874709497887
31,11311.4756684175,0.0,0.0,0.0,0.0,0.0,0.0,0.0,0.0,-2.6579476724613,0.0,-1.4750759868466894,-0.785721611606025,0.38269261230711493,0.24001273266509465,-0.6104624900961525,-0.09739706441161741,0.4680573427029281,-8.318336868031988,-0.4723510875114535,-0.8713451808763368,-0.22834041075870642,0.4434929762721766,-0.7055052592211227,-0.8530294081407204,-1.6582060180183333,-10.381159617568194,-0.9613652162843431,-0.9333309555801012,-0.2597272076375844,0.4728738012843553,-0.22802412748135287,-0.3232183560092326,-0.4869371655326452,-8.36280293660015,-0.05436003321351658,-0.15441924639674776,0.5334112156603107,1.902077777216418,0.5733275272778714,-0.9544691515203622,-0.0034144043771474337,-0.0010959460817321558,-0.0897839823634393,-0.21887663913190802,0.0,-1.8528411540759282,-0.059993421036476056,0.44035740049685757,-1.118525145697459,0.509601661620362
32,11274.858174009929,0.0,0.0,0.0,0.0,0.0,0.0,0.0,0.0,-2.9000408449385104,0.0,-1.113153345393487,-0.6856576773712516,0.6722212904512826,-0.32148176370113074,-0.4335520531104784,-0.055690108077562625,0.46908158075843687,-7.542003775647438,-0.4510995603838442,-0.8665441356843329,-0.24598000692848512,0.4104733219276434,-0.7046224924979126,-0.7514069844984053,-1.741796822820757,-10.52232502315321,-0.9777310687298001,-0.43804421136395855,-0.061775142064586314,0.1898826972149209,-0.45141113618210227,-0.6672326385348608,-0.07767497930946426,-8.369723925393977,-0.6378022885037317,-0.38411253648470944,0.2798556800210661,1.44770760231243,0.377812021110866,-0.983711502242311,-0.0033670552469312956,-0.0010826875922364887,-0.0863406079846632,-0.21359557596483997,0.0,-1.8881022324125378,-0.07542899112841654,0.48872936451415117,-1.1153746137836003,0.5257209490634795
33,11238.3263968766,0.0,0.0,0.0,0.0,0.0,0.0,0.0,0.0,-2.55190979850408,0.0,-1.7926633211194412,0.07609529127938897,0.25131574350087826,-0.48905165946723894,-0.48449949451735047,0.23076704576656,0.18009461143365907,-4.2711028693399165,-0.3596700294144014,-0.7386814311416408,-0.13356262265304727,0.46587044879538364,-0.6480241545624167,-0.8850660938004007,-1.5779292778490737,-10.526719424405522,-0.5907081284590353,-0.5305724318911544,-0.1818202577310794,0.013601501071038635,-0.7574883794464318,-1.1960705179130349,1.1078252616505873,-8.436330502149074,-1.6539647793663765,-1.022163365406974,-0.18227217568956705,1.1233958114148364,-0.13645097514007676,-1.0927633929553082,-0.00322845177941356,-0.001000720878969399,-0.08323953297132394,-0.221722031116995,0.0,-1.8777457497000587,-0.06110978527215646,0.4736646081856124,-1.0515586854397572,0.3904814241991714
34,11204.779775941159,0.0,0.0,0.0,0.0,0.0,0.0,0.0,0.0,-2.376162306339702,0.0,-1.4586850772936506,-0.763143044607373,0.2746853707925441,0.08693433727264066,-0.5121825936237897,-0.2995843475199957,-0.006353675293207711,-0.08247478822065002,-0.364814678255605,-0.7284089908033349,-0.04960214582681634,0.503006276768796,-0.6294039323331391,-0.9849884914006148,-1.1857471958333177,-10.42563447424049,-0.6303967777909559,-0.8086218888873311,-0.44280263761837063,-0.029878444476613933,-0.8322333477433668,-1.551287760936976,2.10819323824925,-8.479153911543323,-2.3469093981380778,-1.8996589322371644,-0.5923807391818516,0.9807354003091815,-0.6918580889164704,-1.35051256935342,-0.003118969256609818,-9.285651450538386E-4,-0.08497286513972269,-0.22725151391274262,0.0,-1.840158323781233,-0.03519904409940172,0.3900544081837015,-0.9624876304625763,0.1976868066790952
35,11174.63813387474,0.0,0.0,0.0,0.0,0.0,0.0,0.0,0.0,-2.728139649985364,0.0,-1.1317238164687242,-0.36492537102687533,0.5883200142396645,0.33721058823589556,-0.5765015762501344,-0.1672909190797617,-0.07890128446068347,0.5340081586024545,-0.37209666779453276,-0.7211862892265933,-0.0026793896031769154,0.6128086198082959,-0.6007502408287209,-0.9283326687072017,-1.0582826291576475,-10.319796306536768,-0.8287353158550774,-0.9935158980800511,-0.3322389407524885,0.1229029231032454,-0.9645318909278264,-1.5920284760904617,1.9592281139881451,-8.399107468836627,-2.0164915879187584,-2.1438396244623403,-0.3659098047220739,0.9317632202015037,-0.7136116006572464,-1.636983906747913,-0.0030856773658243255,-9.148064358687195E-4,-0.08621427854812427,-0.22506257587681183,0.0,-1.8239976887807854,-0.04121733513562696,0.39272720453171867,-0.9642470224356186,0.20286349798624395
36,11140.370442392552,0.0,0.0,0.0,0.0,0.0,0.0,0.0,0.0,-2.9894648675382305,0.0,-0.9928013356421734,-0.5035873640019165,0.7054734078049951,0.33204090847991297,-0.14388121138181997,0.1499801381294877,-0.22126336267286978,0.1591129589536504,-0.3254359692638698,-0.7114436138354524,0.07958634854209401,0.5932051405236866,-0.5433986783349183,-1.004227605122359,-1.3122442205831155,-10.08314062089846,-0.3788283160392559,-1.006072857965918,-0.19593919673286223,0.0450292209664435,-0.7845880811309649,-1.667167386395162,1.5027155127766834,-8.18019631628194,-1.670104027841967,-2.0609089546503485,0.01876049781267508,0.8561010062911129,-0.6746808045632334,-1.9211471840569259,-0.003095250017060525,-8.97577149512842E-4,-0.08396132083864528,-0.22430261977342683,0.0,-1.791934793682737,-0.04351221326518265,0.4948990598327652,-0.9665833368912704,0.14468327719683635
37,11107.309680582703,0.0,0.0,0.0,0.0,0.0,0.0,0.0,0.0,-2.981117605408693,0.0,-0.9156807161431837,-0.5833554502563714,0.8375648717388878,1.1663012360220786,-0.2822862825860718,-0.4467107175317302,-0.3866414071588541,-3.1903934965100733,-0.4118991258106173,-0.6676308798700107,0.23020460749396532,0.7496331432347563,-0.47431716180850453,-1.105330530733591,-1.6205572728957398,-9.134906928408496,-0.3126179829421767,0.07405135076751157,0.133059084619612,0.3797976248669481,-1.136620407053642,-1.5500359034108457,1.2925662213148672,-7.144837003214793,-1.1681656813203278,-1.2908646526445167,0.10646848019700893,0.4654703904359425,-0.09813374641555916,-2.1493437166123703,-0.0031327206752091302,-8.809049017547978E-4,-0.0818485597629022,-0.2321550901257866,0.0,-1.6820744052678593,-0.048925176606282345,0.6743363584347839,-0.9666595725729611,0.10457285083566642
38,11050.797708338747,0.0,0.0,0.0,0.0,0.0,0.0,0.0,0.0,-3.024314330614408,0.0,-0.5793656367686104,-0.6130255255282046,1.0503089446218408,0.7150771871913261,-0.39420581012385,-0.8035567042650593,-0.30575519656273,-5.461132917854352,-0.4709675815330484,-0.6937491017547965,0.23028819825836622,0.7045786585510846,-0.5274598773537633,-1.235591579592221,-1.3915192357386246,-8.53018622841002,-0.3181456299421014,-0.5221250733082833,-0.12101059680819623,0.44065057213715964,-1.2181450873403346,-1.1922729009015902,1.580294001481193,-6.381345206671224,-0.8121884652466648,-1.349255891644954,-0.09426975102629799,0.6446418887842635,-0.635018119645636,-1.8505852264166363,-0.00310966193452808,-8.765541723375116E-4,-0.08502603431614661,-0.23167304250372525,0.0,-1.6182225394272247,-0.037084310157712776,0.5672119275062653,-0.9570590015499415,0.17587326929947933
39,11042.034648521196,0.0,0.0,0.0,0.0,0.0,0.0,0.0,0.0,-2.9336251248748884,0.0,-0.6199578005758283,-0.7859627901998483,1.0023937806101584,0.5485827836753654,-0.4512625461844099,-0.6780306947700476,-0.3272592031222094,-5.68066155497668,-0.48091963893491313,-0.694686447332386,0.2526857808455058,0.7564174039078104,-0.5038448809638789,-1.2009435414480494,-1.2651743132906408,-8.436079159233724,-0.5633254223906166,-0.7206660710120638,-0.06386530698437376,0.5377435785543743,-1.2456364190795237,-1.3149224240784703,1.551314429069241,-6.227397312058022,-0.853399369506422,-1.2976599618337794,0.07280673795635582,0.4536441790397868,-0.6464918504338749,-1.738202487031783,-0.0031061200009330527,-8.765796862560195E-4,-0.08585933842738026,-0.23291986665306036,0.0,-1.6120926562663525,-0.042090623640265175,0.5618564316104471,-0.9647934802843772,0.1830786095545427
40,11035.941349145398,0.0,0.0,0.0,0.0,0.0,0.0,0.0,0.0,-2.969109436571068,0.0,-0.6985341823941313,-0.7525527896702713,1.0275832442786828,0.665948588362538,-0.3219386907774905,-0.7375887065104434,-0.26685833151680255,-5.644988831580099,-0.5040854447996107,-0.7169518144874568,0.2371269975944058,0.7065183951705568,-0.5272484756923421,-1.2332579561172126,-1.139730762665002,-8.352371071571277,-0.6110834006945088,-0.8938979056204178,-0.11848257932792414,0.40948478856268744,-1.211828125972991,-1.5289086925912496,1.495064699294637,-6.013665111778507,-0.9494001703598949,-1.1565626329039005,0.15490464526301362,0.3362345977028958,-0.596166217120205,-1.7043789537430496,-0.0031085420200055837,-8.82648450169111E-4,-0.08732985033774547,-0.2315086332177391,0.0,-1.6100229298077806,-0.04153810190353753,0.5239270515481282,-0.9853123348463804,0.22663016953455498
41,11017.942379159473,0.0,0.0,0.0,0.0,0.0,0.0,0.0,0.0,-2.874940814132362,0.0,-0.9089147045855414,-0.8737248424322481,0.9594248437342059,0.5497549414611824,-0.28160113439426826,-0.5110657882319388,-0.13844157589856548,-5.015486449016976,-0.5027158857482125,-0.6791458572919177,0.1819736788246173,0.6695767099467205,-0.6014000050272401,-1.1619647799480215,-1.0613585783022075,-8.031688066596068,-0.4640649139961191,-0.5578278348111974,-0.28228353749845414,0.34677198874294135,-1.4192705007038253,-1.970452010158146,1.3800691636909899,-5.123664069767614,-0.47612477705839545,-1.054729316861951,0.17494353911536037,0.5965332992193562,-0.49484082232916016,-1.6720629587162044,-0.0031299704583609223,-9.118470804722821E-4,-0.09152501102488249,-0.23163709324319298,0.0,-1.6060610052374626,-0.04875246810071594,0.3937456551443066,-0.9840057253559724,0.2855418852607434
42,11005.332241789582,0.0,0.0,0.0,0.0,0.0,0.0,0.0,0.0,-2.768582673181767,0.0,-1.044781563103996,-0.6264680233757589,1.0157009500029905,-0.03273882874368306,-0.37402557962384736,-0.7284512882270441,-0.06639427125539407,-3.862207241310723,-0.5116596128404863,-0.7420966481244017,0.16105969072359813,0.6134586396429524,-0.6467425057432731,-1.13223088369029,-1.610491186832648,-7.5449364773996175,-0.3102082547775045,-0.3731187306935533,0.08372664771533234,0.6297358775448156,-1.0264408692343174,-1.0325673374086313,1.094630063973022,-3.876217518269619,-0.5219105477490881,-0.5460255119870198,0.42453253700321103,0.6829648872005162,-0.20363328241808792,-1.44125308091636,-0.003220765928016497,-9.432048353597965E-4,-0.08859534780322949,-0.23205643855715732,0.0,-1.5940543302565182,-0.0621366930971604,0.5995840379095814,-1.0022392728442429,0.32896303359079904
43,11001.076073549175,0.0,0.0,0.0,0.0,0.0,0.0,0.0,0.0,-2.8406872701609753,0.0,-1.0695470194377572,-0.6640550385296142,1.0167550296554608,0.14397571575841767,-0.2701688575777965,-0.4910018138737342,-0.04626533594618652,-3.777676910623756,-0.5158710398792488,-0.7503024053102822,0.14561825630961336,0.6154732882858118,-0.6548228543643015,-1.1062404250652047,-1.6570132829924782,-7.457707906913685,-0.3309130273865221,-0.37960828368136,0.12056881576823889,0.6831249031116994,-1.0367288121395104,-0.7989820079349585,1.174931688360277,-3.700697232336107,-0.5414528447586331,-0.5031384729693258,0.3609096944224952,0.6043678570350034,-0.33941517069865546,-1.344768575985843,-0.003227756471323265,-9.47451386407367E-4,-0.0881903927612147,-0.2317785539443511,0.0,-1.5852980001502535,-0.06300472392557961,0.6227844310069858,-1.0012756185197467,0.3352178159523248
44,10990.172645353574,0.0,0.0,0.0,0.0,0.0,0.0,0.0,0.0,-2.865528810640202,0.0,-1.0361858864015514,-0.5809376309235897,0.9724797017043608,0.19804702712961447,-0.22367720041838632,-0.40621583488778057,0.010388254906049853,-3.794715802647502,-0.5146677344786125,-0.7413118681220376,0.09614110205438417,0.6136934795060875,-0.6470755277461999,-1.0702404933651097,-1.630359827727202,-7.179283330945875,-0.40476619984661955,-0.5483077995109938,0.0067657632500258275,0.8879168832168446,-0.7301454620118182,-1.0474448204694067,1.2045818555124694,-3.370135738834403,-0.5141609345968771,-0.7192040677104926,0.18190679958499356,0.558197739741921,-0.37625048257488425,-1.2601645150657796,-0.0032023961567810514,-9.510771310328529E-4,-0.0896044436557304,-0.2304963624475166,0.0,-1.5330700536020752,-0.061797105052074995,0.5574955570188982,-0.9825957995868755,0.28070376424163423
45,10987.765167244512,0.0,0.0,0.0,0.0,0.0,0.0,0.0,0.0,-2.7509074251404515,0.0,-0.8942608744924354,-0.5245947866447519,0.8194919611016823,0.11932093872198393,-0.40704257394522214,-0.25818467281921026,0.14558236314818943,-3.831485672212175,-0.48265365697961604,-0.7358048281696712,-0.023491496384081004,0.49709530092129656,-0.6995878985669683,-0.981179523923518,-1.0163532000126159,-6.388720003480161,-0.5127384251925152,-1.0496193982662858,-0.26528913801733645,0.3735754010425031,-1.3042270018474489,-1.2315711530559523,0.7940379649766554,-2.6458897824989123,-0.8989265635865181,-0.9732275460177117,0.33173823102788436,0.9818783556079611,-0.4938942984074032,-1.2640312545707895,-0.0031465795698227468,-9.529457211495311E-4,-0.09196538219715494,-0.22433261340191873,0.0,-1.3866989490716286,-0.029990121446863034,0.4647982364141083,-0.9378609494957927,0.10565235012264584
46,10965.53223483523,0.0,0.0,0.0,0.0,0.0,0.0,0.0,0.0,-2.759736021624907,0.0,-0.8650539849022755,-0.5939773003155574,0.8702070632684131,0.264878392886059,-0.2910033943480941,-0.3198834449673205,0.04607277378912042,-3.036590596230419,-0.5114758828670019,-0.7587873105174667,0.06475126516397078,0.5895209220482638,-0.6642485429154401,-1.1128294148384203,-1.2508905765015854,-5.419980606745117,-0.5319898133352006,-0.8495134546099907,-0.1516667280702803,0.5523102018942382,-1.1145182475964883,-1.3255068123869107,1.102837947656369,-4.423939099298821,-0.7243977692391772,-0.9676289965302276,0.23147367111535488,0.7639722673773752,-0.5578392748505452,-1.2483848209154071,-0.0031199670794413324,-9.287960562853418E-4,-0.08536883179055717,-0.2244425915276968,0.0,-1.3928468322344847,-0.02073756626111231,0.5414729108622995,-0.9382658302833817,0.17886700308922227
47,10961.96116773776,0.0,0.0,0.0,0.0,0.0,0.0,0.0,0.0,-2.7596238763119794,0.0,-0.8935039096401974,-0.5869192380738862,0.9221232218656563,0.2336189802138211,-0.30191223030805525,-0.4114314436172967,0.04287269509763373,-3.054928125517267,-0.5269375265010103,-0.7445154687678245,0.10367392176671161,0.6077150832016395,-0.6560600819247143,-1.1435902076589677,-1.2874968570798555,-4.226536744336762,-0.47965784874565504,-0.8341909379262094,-0.027930398141220628,0.6157659827852511,-1.09057015819702,-1.3185718028734437,1.2373558863170206,-2.9817043054688512,-0.6691582570100763,-0.906190400105634,0.19771800572056628,0.6478528465403187,-0.6086047568305839,-1.2787105659303497,-0.0032053110200238443,-9.585609284293333E-4,-0.08946321637703787,-0.22750026566425202,0.0,-1.239873575491618,-0.03190134743991542,0.604073946131352,-0.9142586284568358,0.15480459491355958
48,10961.67960212725,0.0,0.0,0.0,0.0,0.0,0.0,0.0,0.0,-2.701421063938073,0.0,-0.8468176468745583,-0.5964177089998042,0.8337350966564748,0.22344231529681718,-0.3098625532432514,-0.33628315944484977,0.07417556490405547,-2.8790953112088835,-0.5174516245570603,-0.7675418768996372,0.05956125288556184,0.5918636034121739,-0.6788857186334424,-1.112944594802941,-1.2704801709567584,-3.7893826442689797,-0.526986078204383,-0.8740351512502994,-0.057587521174398804,0.5700964888455291,-1.0979221590297559,-1.2534647972871595,1.064407769074473,-4.410036118740204,-0.7630329652688808,-0.9923964065261697,0.25246202233261217,0.8301293342470729,-0.5126191906157781,-1.2517954314417692,-0.003184422872817206,-9.535186197034858E-4,-0.0853685988798646,-0.22300129057395282,0.0,-1.1612293939811387,-0.009544349389682426,0.6536825416976741,-0.9122882327382115,0.14465959888897947
49,10959.109526003997,0.0,0.0,0.0,0.0,0.0,0.0,0.0,0.0,-2.707144408586323,0.0,-0.8608063340740117,-0.5943023561328329,0.859533102051825,0.22775712655948382,-0.3051693914846746,-0.3714282210519548,0.06590138226941702,-2.979347737737525,-0.5203866045257745,-0.7570410479490617,0.07960855065183979,0.5986196436596184,-0.6700507376170233,-1.1307119752476054,-1.278199649544881,-3.517738525136236,-0.5000423279967371,-0.8519015552796885,-0.016603122226167714,0.5807631620986816,-1.1054980652773685,-1.2792856771887922,1.142885233409634,-3.694769806924238,-0.7298710238198611,-0.9505709254848853,0.22836775038852936,0.7497115189704043,-0.5503375939941711,-1.2751420069175696,-0.0032073048175745443,-9.620353428994226E-4,-0.08719747632799843,-0.22426835837716136,0.0,-1.0724441358891739,-0.015259834638177379,0.6674413550567981,-0.9040303515579373,0.14073586015520384
50,10958.962633835206,0.0,0.0,0.0,0.0,0.0,0.0,0.0,0.0,-2.6943156106538426,0.0,-0.855720056085907,-0.5882782687868096,0.8476301111020316,0.22706847439371777,-0.30461442846792797,-0.37212057065207316,0.06588006549051244,-2.9651946982853508,-0.5185280968178034,-0.7560215244594813,0.08000995877522091,0.5980418714582116,-0.6718417310164837,-1.130993510559778,-1.2798697620387356,-3.5590831771837204,-0.4964912596038907,-0.8436397339805115,-0.012769518758453061,0.5797504855892968,-1.1052800637815667,-1.274058066713712,1.1410726397103124,-3.3892305032723904,-0.7263885219965827,-0.9455129452228961,0.22739732128723467,0.7488029435583033,-0.5441156581884914,-1.2792187741235856,-0.00321287946469713,-9.642641369361951E-4,-0.08687451024882409,-0.22388697570871016,0.0,-0.9667379523697232,-0.010721780002140925,0.6873628149314288,-0.8966707233506552,0.13329750536852844
51,10958.95414793251,0.0,0.0,0.0,0.0,0.0,0.0,0.0,0.0,-2.6900981824495758,0.0,-0.8587195554820263,-0.5844454310301226,0.8465358761776862,0.23350624307197643,-0.30405775417919245,-0.3697491010988508,0.07031197768683611,-3.003258444116287,-0.5180246712698013,-0.7529074946175125,0.08133287078246978,0.5974586316745849,-0.670584607773137,-1.127651057776025,-1.2788658556977774,-3.511470558366059,-0.4949486012558164,-0.8523955521482892,-0.005390206575570069,0.5827598595519052,-1.1033200291610836,-1.277904558214367,1.1490291512474833,-3.517127105638899,-0.7387516900446073,-0.9599519713825592,0.2281400864522291,0.7486826229353911,-0.5531863353219437,-1.2946460984238304,-0.0032201373834964933,-9.686125582584989E-4,-0.08747409272345502,-0.2236240424873722,0.0,-0.8598146475953995,-0.010726250768849675,0.6921173226954578,-0.8838519310966391,0.11461088209287561
52,10958.739996375705,0.0,0.0,0.0,0.0,0.0,0.0,0.0,0.0,-2.6830213259335656,0.0,-0.8464447418748708,-0.5791168684830398,0.8364371472706106,0.22552965635419037,-0.3022567297476034,-0.3727232245155752,0.06773607730049938,-2.981209882637054,-0.5171420830770352,-0.75594619353673,0.08010272239199863,0.5982540992896067,-0.6721753551770813,-1.132941373523867,-1.2776385506929544,-3.5417692344405713,-0.49817421766810854,-0.8424543640144783,-0.007529612770945264,0.5784062531775073,-1.1091644298423962,-1.2782505676855154,1.136365364914125,-3.3152487618925437,-0.7250709517562762,-0.9448139402118341,0.2244348541761674,0.7497332630423555,-0.546288958716119,-1.2807008998533222,-0.0032257588974939078,-9.691083067116761E-4,-0.08633170317678868,-0.2232022534010358,0.0,-0.7512531680168073,-0.002194489677173792,0.7192514637110373,-0.8741481536302401,0.10435797791871995
53,10957.781463647587,0.0,0.0,0.0,0.0,0.0,0.0,0.0,0.0,-2.668332952743203,0.0,-0.8436138318803312,-0.5778304473085628,0.829338549914193,0.2265494882081639,-0.30586699327095385,-0.3709211238271765,0.07359790883346945,-2.983893136603288,-0.5182021931208225,-0.7571635725322452,0.08141139191175853,0.5969583070111975,-0.6722394019148809,-1.1348967924246114,-1.2873236088745557,-3.6204460027283396,-0.4933280606488387,-0.8306426014169666,0.017728598286734537,0.5754525730255285,-1.115077280240956,-1.2786375154717573,1.1318542273921608,-3.28577880102076,-0.7319109160911038,-0.946019385319197,0.23396076334792637,0.7580866130935828,-0.5409459484408432,-1.2843677397211397,-0.003240399868093134,-9.753929736490153E-4,-0.0859639789366034,-0.22200760223712845,0.0,-0.42545491311885364,0.006642965366091939,0.7583197113914599,-0.8476891820350184,0.07683773266252325
54,10957.463991466086,0.0,0.0,0.0,0.0,0.0,0.0,0.0,0.0,-2.6679947334171206,0.0,-0.8425347764237412,-0.5711989433685584,0.8276273475855325,0.22837217189561154,-0.30143585348942425,-0.37194371721505115,0.07634689207352348,-3.0137819548357485,-0.5186705156677293,-0.7568203977226537,0.08188455666904047,0.5976692582514646,-0.6733187884221089,-1.1371283699815244,-1.286676813756655,-3.598010640578283,-0.49341926860773816,-0.8363824724896601,0.0199043270617439,0.5768081301889025,-1.120621153166065,-1.2825842973536963,1.1371109689166974,-3.3349678858445517,-0.7322082503688748,-0.9474499019920967,0.23255445136173797,0.7532306976421156,-0.5455102237955528,-1.2883715840636956,-0.0032456330605330724,-9.778732121068162E-4,-0.08562938869423765,-0.22137606132223228,0.0,-0.21884974397694806,0.012851693609781226,0.7762145078085646,-0.8339892129863615,0.0618198422222002
55,10957.276554149985,0.0,0.0,0.0,0.0,0.0,0.0,0.0,0.0,-2.6645782577359998,0.0,-0.8429453243551669,-0.5742593207883482,0.8275265584479049,0.2288986551212004,-0.30470910907641663,-0.37063489879174594,0.07669681041044012,-3.0085181844922375,-0.5190439714599369,-0.7569766115223139,0.08261613107502531,0.5976675463376354,-0.6725014270459593,-1.1369207213487897,-1.292400074828921,-3.6387670487668538,-0.4923178330415515,-0.8332852166129153,0.031060205008738025,0.5769993041275245,-1.1216775371535554,-1.2840655114473134,1.134253599731221,-3.3128077343122104,-0.7324362952720259,-0.9458132100770914,0.23469172637601843,0.7551152001470729,-0.5444591707136097,-1.2885134519653356,-0.0032465235939207948,-9.78484105267483E-4,-0.08542056990380617,-0.22066445725578374,0.0,-0.03573803595772651,0.01663237669549316,0.7903392752679902,-0.8254807147677846,0.054562178791547886
56,10956.92326649287,0.0,0.0,0.0,0.0,0.0,0.0,0.0,0.0,-2.6658631299860063,0.0,-0.8430600936961621,-0.570313186102027,0.8274346415456696,0.22880928677162235,-0.3020491754832132,-0.3721342315454993,0.07787362776169757,-3.021214984426605,-0.5192477504324101,-0.7574350633321485,0.08237029344642985,0.5973864327540271,-0.6732292779698116,-1.1379518046726427,-1.2897001407177675,-3.6189444727618136,-0.4932248447928327,-0.8382289241903327,0.028961710900430614,0.5779701340771548,-1.124911335852716,-1.2862151894521505,1.139289255347694,-3.3427578830700244,-0.7331926547474822,-0.9496389401894556,0.23390112648141814,0.7523268940967841,-0.5487671304938658,-1.2914050832653157,-0.00324816748052813,-9.791420209757536E-4,-0.08495514570464678,-0.22014570305745462,0.0,0.13443788479801205,0.022841959787522747,0.803552925986514,-0.8175537758857198,0.046726102911472486
57,10956.76711648815,0.0,0.0,0.0,0.0,0.0,0.0,0.0,0.0,-2.66495975193196,0.0,-0.8427241238865865,-0.5737663670532754,0.8278242063177943,0.22894430205277044,-0.30430649857396364,-0.37067161066759274,0.07720879532510287,-3.011695391745592,-0.5195805782590048,-0.7571206510652488,0.08269170136630218,0.5979229084279574,-0.6726664219666194,-1.137650909288046,-1.2942561419403473,-3.6476190944560196,-0.49200201223465545,-0.8342980382081053,0.0389691632419303,0.5774271051845139,-1.1245108057048894,-1.285981109102144,1.1360774965353253,-3.3205561256059815,-0.7333382950402234,-0.9472306678367534,0.23620947383902777,0.7536545063491741,-0.5464244501393999,-1.291190427870745,-0.003246882832050574,-9.786949826548505E-4,-0.0848179207342965,-0.21951901494990778,0.0,0.28586473118649586,0.02567718113055828,0.8135742919576815,-0.8139357533885972,0.04537122294526506
58,10956.608398734761,0.0,0.0,0.0,0.0,0.0,0.0,0.0,0.0,-2.6678014303154405,0.0,-0.8446940503391912,-0.5716405915751681,0.8297210863041248,0.22892235186918333,-0.3022603831281499,-0.3720421851734681,0.07719212616880985,-3.0211885594884413,-0.5195862290913827,-0.7569478459521017,0.08274408026884007,0.5978895716590102,-0.6730527143785774,-1.1374908998259705,-1.2936578373687413,-3.62861342757818,-0.4926655669135389,-0.8391994585686793,0.03908480031469944,0.5784485962850965,-1.127582334501089,-1.288143152498959,1.1415923434573338,-3.3489882235055237,-0.733974016692827,-0.9506175445497056,0.23580263684523453,0.7506308902460764,-0.5493913771521899,-1.2932323073649534,-0.0032448474860445192,-9.781499039937332E-4,-0.08458069284107347,-0.21911429547867647,0.0,0.42932176623264406,0.028362433051812113,0.8193023901927433,-0.8123515757402275,0.04542725980229665
59,10953.164629533461,0.0,0.0,0.0,0.0,0.0,0.0,0.0,0.0,-2.699892894222198,0.0,-0.8676578676394207,-0.5685381516218414,0.8554239259123302,0.23123953692656757,-0.2958990768443385,-0.3824053781265034,0.06686294694497974,-3.075431100562537,-0.5209447052956981,-0.7519960427470923,0.08579057695392978,0.5956295615655767,-0.6704870263811736,-1.1296477685026354,-1.3011243121854716,-3.491321033276836,-0.5010027721105855,-0.9005121005264614,0.07529302380548292,0.5958353701398839,-1.176306560810577,-1.3355264206979973,1.1908727250686084,-3.6196289899675533,-0.7362342600246818,-0.9789781507857216,0.23680009305603256,0.7208737387889045,-0.5809292512181591,-1.3106950714104189,-0.003190210143716807,-9.608207402826571E-4,-0.07805392307878534,-0.20511008492098828,0.0,4.726227715934147,0.11304079869166765,0.9922471603734682,-0.7651672393620523,0.04671645936143721
60,10951.13234330735,0.0,0.0,0.0,0.0,0.0,0.0,0.0,0.0,-2.707078008213752,0.0,-0.8666916679228749,-0.5646183941833345,0.857866795774761,0.22217650704231096,-0.29282393660420497,-0.3847297449249341,0.06356463166753781,-3.0488056129468895,-0.5222569865899945,-0.7532104946086159,0.08315312615895593,0.5986906752380935,-0.6725635896612233,-1.1309614599882996,-1.3101926912110802,-3.5745830533302345,-0.5002606788972531,-0.8883455420479941,0.15899916296332606,0.5923613401030113,-1.1677855872603045,-1.3203267182099203,1.1844889220311425,-3.6110463371656474,-0.7398304299143489,-0.9886090653877178,0.2393980638206165,0.7208316001429023,-0.5802002558939371,-1.313834540592343,-0.0031987499485069794,-9.611890432168528E-4,-0.07584864583146068,-0.1970108381395889,0.0,7.0200070093646785,0.15873689729643975,1.1390096844185973,-0.7328555905267847,0.037328470123841814
61,10949.331895698228,0.0,0.0,0.0,0.0,0.0,0.0,0.0,0.0,-2.707555076613892,0.0,-0.8668291073663965,-0.5740187922136385,0.8591427027029723,0.22865679725332458,-0.29502750585038917,-0.38293357144794543,0.0641707127714932,-3.0434379006552144,-0.5224276077827759,-0.7527461624659276,0.08356263404226222,0.5986399813880885,-0.6729981515039264,-1.1313961761107874,-1.3023579471240336,-3.526144486390984,-0.5005106024036029,-0.8841800923448172,0.1753045822874946,0.5918718115737168,-1.1674745127931334,-1.325721198325815,1.1736007924508942,-3.573515382595425,-0.738559762282935,-0.9780142662020925,0.24063837900232207,0.73149292889053,-0.5753314726783001,-1.3043945878432357,-0.003189381463945724,-9.584639508248414E-4,-0.07430526193781453,-0.18947282508592478,0.0,9.075216686796796,0.19900444592830868,1.2236855098454364,-0.7079938751611343,0.037133308316127225
62,10947.859425692237,0.0,0.0,0.0,0.0,0.0,0.0,0.0,0.0,-2.705496060115308,0.0,-0.8718125945697378,-0.5752513542136951,0.8609026603192298,0.2249442526788518,-0.298496292718504,-0.3851290259126776,0.06476674738542045,-3.0313980817662802,-0.5229701811379815,-0.7544823569284025,0.08370320825473525,0.5959173527361623,-0.6720004838557392,-1.1318421880208915,-1.303161561263549,-3.5628944147086825,-0.49793367463056304,-0.8740949969429687,0.21092585673641068,0.5888122764613957,-1.165796599290527,-1.317515756846822,1.1695709082416457,-3.5540081585014875,-0.739927388722552,-0.981205850672117,0.24207230264831894,0.7301870245711746,-0.5728867076587206,-1.3045033731409157,-0.0031898547711404403,-9.585328987136853E-4,-0.07272421917446094,-0.18265467873763788,0.0,10.864147078816341,0.23618814341071814,1.3139972475127073,-0.6894326552018861,0.04434664490139738
63,10946.732451000995,0.0,0.0,0.0,0.0,0.0,0.0,0.0,0.0,-2.706490082549889,0.0,-0.8632942323871038,-0.5782169699418317,0.8560516722389822,0.23006657271770103,-0.29500934327949624,-0.38125200885455857,0.06534101241060657,-3.0232400917816804,-0.5227392335624321,-0.7516947446977633,0.08273222708655147,0.6007122578411748,-0.6743651379784513,-1.132669384852953,-1.2937369704432635,-3.581270583823549,-0.49625408236475355,-0.8600488505813558,0.21507333654447905,0.5850131702334097,-1.1577177143691961,-1.3159929597209816,1.1545016714270213,-3.5001874708421794,-0.7394402090503704,-0.9660808596238528,0.2415169073120737,0.73858480252179,-0.5615300416289378,-1.296005634327392,-0.003189144225537937,-9.58213716018062E-4,-0.07329071294129617,-0.17769346138958947,0.0,12.038521523725867,0.2547670838892208,1.3418906294319826,-0.6813748442586489,0.057060099643602216
64,10946.250469805651,0.0,0.0,0.0,0.0,0.0,0.0,0.0,0.0,-2.7038478418808345,0.0,-0.8713885166051185,-0.5787268286121968,0.8601245372379921,0.22749756908895963,-0.30032432844922646,-0.3843855870898497,0.06555198281588813,-3.0332659117499112,-0.5228008715316308,-0.7550323067380982,0.08408148464321213,0.595098481595335,-0.6717824857320074,-1.1324922157163055,-1.297100369727852,-3.540957054084522,-0.49709454478231807,-0.8679940294530428,0.2262979733967269,0.5875869176573744,-1.1644416520629906,-1.316113364155254,1.1631166085666127,-3.5359363782552196,-0.7393155515726901,-0.9760383799595486,0.242081816592243,0.7326791649673432,-0.568408822267319,-1.298252378066452,-0.0031863091743078533,-9.577035239140651E-4,-0.07116467960829576,-0.17453370855028735,0.0,12.91293478017395,0.2793281479520392,1.3952285920067375,-0.6720775716731727,0.060825669358519935
65,10946.090130881921,0.0,0.0,0.0,0.0,0.0,0.0,0.0,0.0,-2.7042591469824395,0.0,-0.8583620780185547,-0.5789930966758724,0.8508351702314012,0.23185942531754825,-0.2930323077811367,-0.37913542321048416,0.06570728381999162,-3.008673909504922,-0.5217390131124332,-0.7492910643246331,0.08225201223130613,0.6030223722199408,-0.6752602365718171,-1.1326030224360977,-1.2827625458247955,-3.6444597523388844,-0.4953714522636266,-0.8459292218648401,0.21831257178072339,0.5807932255546456,-1.1489694235351948,-1.3123879174840367,1.1358166839430721,-3.4379401796527427,-0.7382159293255869,-0.9544509691824046,0.2384990457670554,0.7458315282390281,-0.5508361566790597,-1.2897353308234292,-0.00319029727211296,-9.587268600121987E-4,-0.07384706900328107,-0.17176167519194416,0.0,13.400330391474554,0.278224291187377,1.3688529696466432,-0.6722759008932062,0.07361952237677577
66,10943.119140280603,0.0,0.0,0.0,0.0,0.0,0.0,0.0,0.0,-2.6977254011476774,0.0,-0.864698529300292,-0.5810482266733296,0.8515529293367449,0.2303579558395463,-0.29968922129830516,-0.38133489841265433,0.06700680665637399,-3.0131674309876355,-0.5211247630194019,-0.7526895481207584,0.08369917366855696,0.5966969160635184,-0.672398240872298,-1.132740364814329,-1.2754338118803195,-3.6368898286502294,-0.4952657628968846,-0.8430855917274546,0.23958852090263347,0.579937714964341,-1.1512959290141636,-1.3090514331017191,1.1319720656144934,-3.4332158553552166,-0.7375754667916712,-0.958058355257106,0.23744374632651752,0.7434794491613974,-0.5497179970226657,-1.2856390775654456,-0.0031865139993127625,-9.583627136100012E-4,-0.07064913838653862,-0.15883815080071045,0.0,16.614480717164014,0.35172637565446446,1.4932423206801932,-0.6463377163846037,0.10513056699697501
67,10941.092304499329,0.0,0.0,0.0,0.0,0.0,0.0,0.0,0.0,-2.6898389271081,0.0,-0.8659637758337184,-0.5849713060377947,0.8484412091998025,0.22933654578397994,-0.30655277752196614,-0.3807927028134738,0.06909574059846557,-3.0136501255703614,-0.521210595625317,-0.7552026202245858,0.08464032025656204,0.5940935553761058,-0.6712615508698471,-1.135327312139685,-1.2744034069823535,-3.6523485913703237,-0.4927981975637601,-0.8259893349596626,0.25671073604695815,0.5756085240039277,-1.1438615291690255,-1.295231300723931,1.1098318259632163,-3.380199763594106,-0.7353991639781463,-0.9455738666947124,0.23640430460676562,0.7434040296801032,-0.538181081712926,-1.2705117819141192,-0.0031920636198358916,-9.607684175824942E-4,-0.06934848062265067,-0.14983138695527928,0.0,18.60268566777244,0.39853802089294343,1.5583963843536037,-0.6411953285406202,0.1491966275242623
68,10939.862329414698,0.0,0.0,0.0,0.0,0.0,0.0,0.0,0.0,-2.6843895363609622,0.0,-0.8663374984876087,-0.589180874424376,0.8464567913629116,0.23063731582447805,-0.31161862374078403,-0.37922448619148647,0.07224602490506517,-3.013402907336866,-0.5216333350571073,-0.7581503207810054,0.08495499745947138,0.592382773871492,-0.6709807680508765,-1.1376375788091293,-1.2707810286857424,-3.665844858983827,-0.48922386174006877,-0.8129978165875956,0.25438861411290653,0.5721022723225047,-1.1382023321253776,-1.284740370774188,1.0988952149725415,-3.3405147003905835,-0.7312165026024517,-0.9336099206945591,0.23614806213619124,0.7409134435477016,-0.5275554849445047,-1.2589039177730925,-0.0031986303389137244,-9.633970039902987E-4,-0.06900087094759907,-0.14535700225538772,0.0,19.390606443361694,0.4223493626596595,1.5686966548370753,-0.6559527931962598,0.20231817463793833
69,10939.530259105313,0.0,0.0,0.0,0.0,0.0,0.0,0.0,0.0,-2.6833064923495673,0.0,-0.8609994223943697,-0.5856449821665437,0.8417004611429721,0.23312161459876132,-0.3079508403359334,-0.3778031375173622,0.07247990187982596,-3.019228907120329,-0.5199246128124694,-0.7568948344310804,0.08432705199525535,0.594317689941646,-0.6718189526136367,-1.137061733381656,-1.262134647243021,-3.6721691116948603,-0.4905121187901962,-0.8156559763130315,0.2426538297360566,0.5730695542571747,-1.1331812128491345,-1.2866906687206099,1.099205915413593,-3.341442024302459,-0.7282123464970951,-0.9343966484110547,0.23214806686985803,0.7401090682650809,-0.5282639781163064,-1.259852264680937,-0.0032007037664247852,-9.643524906326616E-4,-0.06857156088695122,-0.14195726876646575,0.0,20.02471745420995,0.44310188717464893,1.570829086406239,-0.658221132603796,0.2308446610841535
70,10939.409141501039,0.0,0.0,0.0,0.0,0.0,0.0,0.0,0.0,-2.6795530865513566,0.0,-0.8625390892786248,-0.5863534995842313,0.8415305177525692,0.2313212238900467,-0.31159256560827275,-0.3770949485685979,0.07343971560152113,-3.017865610046482,-0.5197964863435183,-0.7583048771748705,0.08499650540409934,0.5928220345239241,-0.6704008396368604,-1.1368508254432783,-1.2601099207349724,-3.685770186436969,-0.48994821044192,-0.8143109920734581,0.24301344285630067,0.5729141745039034,-1.1296166358816098,-1.2830306545173138,1.0993992278531362,-3.3270836631836898,-0.7264961682173384,-0.9338908944861588,0.23138915336948482,0.7389925687371912,-0.5266688286776774,-1.2579953710777114,-0.0032060297617006873,-9.664380139824627E-4,-0.06861431557252985,-0.14055699541709327,0.0,20.147906840407142,0.452553432390853,1.5603977922961596,-0.6659406997507415,0.25811216737
71,10938.926156734895,0.0,0.0,0.0,0.0,0.0,0.0,0.0,0.0,-2.6823108444656523,0.0,-0.8565297316946759,-0.583268764490146,0.8391607437478924,0.23390925976257226,-0.3060359920424756,-0.37597464960685795,0.0734459185548373,-3.021645729751381,-0.5195065344108274,-0.7561190624133172,0.08393171539804443,0.5957868476535725,-0.6722061890294196,-1.1361045666198317,-1.2527783301404427,-3.6767346411797055,-0.49005035767677,-0.8191169447302276,0.23238014843426769,0.5732309751847472,-1.1314259883365518,-1.2897754415324356,1.1096784992535076,-3.348319126619361,-0.727003806863383,-0.9348801838037016,0.2311299550271018,0.7369272140548558,-0.5267498684520382,-1.2613720960415045,-0.0032026712050732794,-9.653977261906841E-4,-0.06809479287296977,-0.13715517531300836,0.0,20.872505348512025,0.4731373575627462,1.5627173601381295,-0.6633226279950108,0.28084414683340525
72,10938.337125739255,0.0,0.0,0.0,0.0,0.0,0.0,0.0,0.0,-2.67433348581417,0.0,-0.8641385797761197,-0.5859375602782647,0.8397512223256263,0.22860551862029577,-0.3153292434060981,-0.37721021877660826,0.07361860422805436,-3.0205901599248635,-0.5193136700806502,-0.7591053899262109,0.08591244360310976,0.5913421243871532,-0.6690203416091656,-1.1373363317978942,-1.2566979715926838,-3.7005348044845965,-0.49009267291253494,-0.8132577431143182,0.23548442787841467,0.5733188278488439,-1.1235427864346053,-1.2764496813724155,1.0966121869308558,-3.313738082425917,-0.7232802311148144,-0.9300112566109466,0.22776505215182313,0.7367385280203225,-0.5239247153264868,-1.2531246188982148,-0.0032139036952530302,-9.692490301804076E-4,-0.06872653109683374,-0.13927276271273956,0.0,20.05916095427228,0.46437683932163365,1.5288501386341333,-0.6790478833361331,0.2992817019767846
73,10938.322843075044,0.0,0.0,0.0,0.0,0.0,0.0,0.0,0.0,-2.6744775014180995,0.0,-0.8639978232905611,-0.5858902025231884,0.8397530458362716,0.22869406944672682,-0.31516592696612633,-0.37717635483627004,0.07362139755739895,-3.0205925652235965,-0.5193223611820278,-0.7590580172576451,0.08587720408217157,0.5914261662605503,-0.6690744495629751,-1.1373095801336537,-1.2565740270038745,-3.700148851812747,-0.49007131370704454,-0.8133719779534946,0.23536852425179527,0.5733157077977191,-1.1236837645537505,-1.2766803600383976,1.0969950012425118,-3.3144588270161752,-0.7233445943459215,-0.9300845769004664,0.2278355517047708,0.7366949543570582,-0.5239365314640061,-1.2532682801196504,-0.0032137202825500625,-9.691870430743933E-4,-0.06871234829885067,-0.13919512673756004,0.0,20.079141298305192,0.46479604280925585,1.5292095806571266,-0.6789117437279043,0.2995955739257619
74,10938.311770155311,0.0,0.0,0.0,0.0,0.0,0.0,0.0,0.0,-2.6746143483775846,0.0,-0.8638636214436586,-0.5858453962969644,0.8397548146963046,0.22877845516979503,-0.3150105529295119,-0.37714390920104945,0.07362401308399179,-3.020594424206406,-0.5193306207098294,-0.7590128645702474,0.08584367424751298,0.5915062420018986,-0.6691259134007304,-1.1372839630454608,-1.2564563526928043,-3.699780332934219,-0.49005080657006544,-0.8134808916124289,0.23525561863813155,0.5733127365520226,-1.123818102459499,-1.2769001766596122,1.0973612245275022,-3.315145536489588,-0.7234059330028203,-0.9301541991274863,0.2279029590740794,0.736653292659366,-0.5239473024208605,-1.2534051650695273,-0.003213545251187802,-9.691279352770062E-4,-0.06869886920539606,-0.13912123721214975,0.0,20.09810501309879,0.46519523611636454,1.5295441059305641,-0.6787852585149995,0.29990092165994764
75,10938.281377708352,0.0,0.0,0.0,0.0,0.0,0.0,0.0,0.0,-2.6747444851539126,0.0,-0.8637358549859315,-0.5858027972499963,0.839756479480498,0.22885876144184428,-0.31486267760902503,-0.3771130194865982,0.07362646076239956,-3.020596223410289,-0.5193384820317214,-0.7589698227439495,0.08581178057551414,0.5915824823831227,-0.6691748806556042,-1.1372595500308487,-1.2563439606134326,-3.6994292156304867,-0.4900312601426641,-0.813584690390461,0.23514644613616786,0.5733099496936327,-1.1239460033243402,-1.2771094729063037,1.0977107813660842,-3.315800052682141,-0.723464359827005,-0.9302201600202006,0.22796714332907125,0.73661344122933,-0.5239571305692022,-1.2535352347768143,-0.003213378485370195,-9.690716355448401E-4,-0.06868602275331198,-0.1390506715135259,0.0,20.116172131436585,0.4655768068846902,1.5298586583469038,-0.678666657156271,0.3001971868867141
76,10938.270199516366,0.0,0.0,0.0,0.0,0.0,0.0,0.0,0.0,-2.6748640452590307,0.0,-0.8636191428375025,-0.5857642672634582,0.8397585525245375,0.22893224849150262,-0.314727316599694,-0.3770847882699756,0.07362879109030875,-3.0205970202464907,-0.5193460058414341,-0.7589305480472167,0.08578264772015615,0.5916521951622068,-0.6692196717929432,-1.137237430099689,-1.256240703731994,-3.6991050649783945,-0.4900128380697345,-0.8136790802074519,0.2350451444070354,0.5733071368480274,-1.1240640341011914,-1.2773008365412684,1.0980320117195013,-3.3164025567711133,-0.7235170167974595,-0.9302787781694939,0.22802596669561753,0.7365770700910119,-0.5239642598198273,-1.2536531382622615,-0.003213225085583602,-9.690198418224402E-4,-0.06867422376635528,-0.1389856121574325,0.0,20.13277568367764,0.4659286550111717,1.5301432774100636,-0.6785623048387303,0.3004788651226638
77,10938.262412923812,0.0,0.0,0.0,0.0,0.0,0.0,0.0,0.0,-2.674978608457218,0.0,-0.8635073102029153,-0.5857273598043956,0.8397605464457553,0.22900266662755664,-0.314597562069899,-0.37705777750682773,0.0736309965687734,-3.020597837702564,-0.5193532407146252,-0.7588928572799578,0.08575475213398286,0.5917189949913725,-0.6692625811327397,-1.1372162492901357,-1.2561411651858727,-3.698793865945063,-0.4899951604270794,-0.813769632975968,0.2349464880146449,0.5733044659067311,-1.1241772804670256,-1.2774843082330352,1.098340546278498,-3.316981196090804,-0.723567356729377,-0.9303344980117159,0.22808223127076868,0.7365420663217076,-0.5239706834382373,-1.2537658452848772,-0.003213077864578697,-9.689701436420865E-4,-0.06866288985360532,-0.13892297818301994,0.0,20.14872320693036,0.46626769228172826,1.5304133260144734,-0.678463827100601,0.3007539862654971
78,10938.251269576534,0.0,0.0,0.0,0.0,0.0,0.0,0.0,0.0,-2.675088312582846,0.0,-0.8634001665781826,-0.5856920055108039,0.8397624311618551,0.22907013681524518,-0.3144732146295075,-0.37703194478084523,0.07363309214142366,-3.0205986853633426,-0.5193601842837509,-0.7588566980150266,0.0857280483939779,0.5917829732304525,-0.6693036751534108,-1.1371959733359407,-1.2560451719091208,-3.698495194711428,-0.4899782292497718,-0.8138564971340315,0.2348502252463121,0.5733019354359832,-1.1242858875269657,-1.2776601902176246,1.0986367548895144,-3.3175366004902576,-0.7236154619752885,-0.9303874787034392,0.22813602148000317,0.7365084267508171,-0.5239764787646232,-1.2538735836887207,-0.0032129366258529537,-9.689224764838662E-4,-0.06865200685047917,-0.1388627060420599,0.0,20.164032311610054,0.46659426556579764,1.5306692566162954,-0.6783708895027364,0.301022414548972
79,10938.251115514826,0.0,0.0,0.0,0.0,0.0,0.0,0.0,0.0,-2.6751245778727464,0.0,-0.8633647228313308,-0.5856803324038664,0.8397630569782877,0.2290924559591502,-0.3144320857786868,-0.3770234000329097,0.07363377640447452,-3.0205989608274213,-0.5193624852184898,-0.7588447225125998,0.08571922422646149,0.5918041320034454,-0.6693172589230713,-1.1371892637058056,-1.2560132839235223,-3.6983962047580166,-0.4899726158967337,-0.8138852659605559,0.23481780182721662,0.5733011061933728,-1.1243218515767042,-1.2777183985182603,1.0987349900042434,-3.3177206359976337,-0.7236313405707431,-0.9304048731789542,0.22815379253406629,0.7364972594947681,-0.5239782568576159,-1.2539091474447248,-0.003212889831972782,-9.689066893294631E-4,-0.06864840228568597,-0.13884270322646072,0.0,20.169100868850823,0.46670274054021826,1.5307527336080833,-0.6783407257709076,0.3011128732635112
80,10938.243826852928,0.0,0.0,0.0,0.0,0.0,0.0,0.0,0.0,-2.6751676441743926,0.0,-0.8633226133969145,-0.5856664667611619,0.83976379424901,0.22911897153231378,-0.31438322384499323,-0.37701325088242704,0.07363458347754659,-3.0205992998822047,-0.5193652164915415,-0.7588304868990529,0.08570874367992817,0.59182927284601,-0.6693333946141168,-1.1371812882541972,-1.25597535603826,-3.6982785828273324,-0.48996595119945585,-0.8139194589669047,0.23477910428479293,0.5733001287264078,-1.12436457721843,-1.2777875611132814,1.098851766090374,-3.317939332328569,-0.7236502128974144,-0.9304255029395684,0.22817492117083213,0.7364840032835962,-0.5239803266188301,-1.2539513678596974,-0.0032128342254043657,-9.688879310153333E-4,-0.06864411786181708,-0.1388189109505543,0.0,20.17512490878973,0.46683179921039547,1.5308515144848824,-0.6783050604192976,0.3012209311216941
81,10938.244166597276,0.0,0.0,0.0,0.0,0.0,0.0,0.0,0.0,-2.6751676441743926,0.0,-0.8633226133969145,-0.5856664667611619,0.83976379424901,0.22911897153231378,-0.31438322384499323,-0.37701325088242704,0.07363458347754659,-3.0205992998822047,-0.5193652164915415,-0.7588304868990529,0.08570874367992817,0.59182927284601,-0.6693333946141168,-1.1371812882541972,-1.25597535603826,-3.6982785828273324,-0.48996595119945585,-0.8139194589669047,0.23477910428479293,0.5733001287264078,-1.12436457721843,-1.2777875611132814,1.098851766090374,-3.317939332328569,-0.7236502128974144,-0.9304255029395684,0.22817492117083213,0.7364840032835962,-0.5239803266188301,-1.2539513678596974,-0.0032128342254043657,-9.688879310153333E-4,-0.06864411786181708,-0.1388189109505543,0.0,20.17512490878973,0.46683179921039547,1.5308515144848824,-0.6783050604192976,0.3012209311216941
std.err,,,,,,,,,,0.08917340325293176,,0.0968345221697338,0.10543823627605796,0.08227533303763804,0.13379052457675805,0.09496143587897526,0.11631892688567404,0.06806142385270002,0.4287450645230735,0.05148453984953835,0.06506710531189365,0.04646193238190011,0.06748947275472686,0.055194985507116955,0.07951346176961196,0.1359028959420864,1.0575262971005086,0.11787182449529177,0.155376266691202,0.20986779885667645,0.1343056431551112,0.14793235229129426,0.19894143911039106,0.15993436837681105,0.6515912513635617,0.1417307329722038,0.16598314066544703,0.12238883941522849,0.16526538906127966,0.1480376174014087,0.2164931429349348,9.566450328199682E-5,3.113231129326407E-5,0.003546591659886663,0.016881029842372816,,11.071144084841098,0.13518737255507862,0.4597782248326682,0.1189440515416427,0.12671458389330179
t.test,,,,,,,,,,-29.999613635766906,,-8.915442489442583,-5.554592787646526,10.206750471187373,1.712520167307245,-3.310641008479091,-3.241202966504159,1.0818842643801887,-7.045210662056839,-10.087789810482274,-11.662275173632871,1.8447089754131103,8.769208717881991,-12.126706592355415,-14.301745427071811,-9.241711497991043,-3.497103185960626,-4.1567690438101845,-5.238376981888135,1.1186999890589646,4.268622786492274,-7.600531998601893,-6.422933134630875,6.870641859174635,-5.092056293550959,-5.105810135331316,-5.605542220790479,1.8643441858019694,4.456371702913011,-3.5395079697752823,-5.79210662684389,-33.58439248812774,-31.121619011466276,-19.35495383869783,-8.22336742762619,,1.8223161720398926,3.4532204479393727,3.329543314153298,-5.702723689228131,2.3771607171541747
p.val,,,,,,,,,,0.0,,0.0,2.7825967530148432E-8,0.0,0.08680085129243431,9.308254082494027E-4,0.0011902640468133274,0.27930395774307604,1.851852005074761E-12,0.0,0.0,0.06507988454442182,0.0,0.0,0.0,0.0,4.7033986775990577E-4,3.227800021621263E-5,1.619949008269117E-7,0.26326814987313973,1.966835512967613E-5,2.9531932455029164E-14,1.3367329465552302E-10,6.391331908162101E-12,3.5420089750104466E-7,3.293802848247651E-7,2.0760400509800547E-8,0.062273385499798106,8.33584494630557E-6,4.0087366597552077E-4,6.9508987454725E-9,0.0,0.0,0.0,2.220446049250313E-16,,0.06840702575716517,5.539361168445112E-4,8.698853296313924E-4,1.1790802778577358E-8,0.017446484699600084
