Iteration,LL,asc_carD,b_carD_age_gr_under16,b_carD_age_gr_40_54,b_carD_age_gr_55up,b_carD_female,b_carD_hhcars_0,b_carD_hhcars_2,b_carD_hhcars_3,asc_carP,b_carP_age_gr_under16,b_carP_age_gr_40_54,b_carP_age_gr_55up,b_carP_female,b_carP_hhcars_0,b_carP_hhcars_2,b_carP_hhcars_3,asc_pt,b_pt_age_gr_under16,b_pt_age_gr_40_54,b_pt_age_gr_55up,b_pt_female,b_pt_hhcars_0,b_pt_hhcars_2,b_pt_hhcars_3,asc_bike,b_bike_age_gr_under16,b_bike_age_gr_40_54,b_bike_age_gr_55up,b_bike_female,b_bike_hhcars_0,b_bike_hhcars_2,b_bike_hhcars_3,asc_walk,b_walk_age_gr_under16,b_walk_age_gr_40_54,b_walk_age_gr_55up,b_walk_female,b_walk_hhcars_0,b_walk_hhcars_2,b_walk_hhcars_3,b_car_time,b_pt_time,b_bike_cost,b_walk_cost,g_bike_stressLink,g_bike_stressLink_f,g_walk_speed
0,18738.06335805751,0.0,0.0,0.0,0.0,0.0,0.0,0.0,0.0,0.0,0.0,0.0,0.0,0.0,0.0,0.0,0.0,0.0,0.0,0.0,0.0,0.0,0.0,0.0,0.0,0.0,0.0,0.0,0.0,0.0,0.0,0.0,0.0,0.0,0.0,0.0,0.0,0.0,0.0,0.0,0.0,0.0,0.0,-0.1,-0.1,0.0,0.0,0.0
1,18166.265338849225,0.0,0.0,0.0,0.0,0.0,0.0,0.0,0.0,-9.875601242334742E-8,0.0,-3.757624255841909E-8,-2.1447142309609808E-8,-4.020350818650778E-8,-1.1302347372859475E-8,-3.288936928609105E-8,-1.605301740499606E-8,-4.145356404792056E-8,-3.2104073786196104E-10,-1.717154456477614E-8,-1.2956626337758546E-8,-1.7437885689616794E-8,7.130597266037441E-10,-1.9249027564363608E-8,-1.194499710312759E-8,-2.141756803152252E-9,-1.0305745022345555E-10,-6.66827344240958E-10,-1.1947697495242888E-9,-3.0930315202264628E-9,6.214260827301155E-10,-1.961226274768001E-9,-1.0759853587794683E-9,6.990686085383158E-9,4.378903961674253E-11,1.7562256990736375E-9,1.0391115650682674E-9,3.920651755967884E-9,1.6889218052589355E-9,1.6479313774930084E-9,4.300336087795603E-10,2.371522993358228E-5,-1.819079884520758E-4,-0.09999992916614486,-0.09999984303999224,-6.127484147076951E-9,1.6816701938108776E-9,-9.780844306611139E-9
2,17633.559595923114,0.0,0.0,0.0,0.0,0.0,0.0,0.0,0.0,-2.6314959335489956E-5,0.0,-9.962562208061437E-6,-5.6834955831056E-6,-1.074132504282104E-5,-2.9911120275457596E-6,-8.798585566456815E-6,-4.284365490302294E-6,-7.07365496484522E-7,-4.884266904709982E-8,-6.846404437021676E-7,-1.0980544718835515E-6,-3.39024010342212E-7,1.1019915963120783E-6,-1.3944372364357994E-6,-1.2664513138549093E-6,-6.616866898133503E-7,-2.538772321260537E-8,-2.0999288152074576E-7,-3.0628790430694504E-7,-7.849014800598047E-7,1.1679310221429835E-7,-4.952330165179675E-7,-2.701965175437577E-7,1.5510797860973324E-6,9.528219866888169E-9,3.8893046097766073E-7,2.2937950315292902E-7,8.70194275704143E-7,3.761601688489048E-7,3.648317236379299E-7,9.397174936158938E-8,-0.0029855587116706466,-8.071680227464859E-4,-0.09998722905618908,-0.09996516922516065,-1.1104420952744528E-6,5.040967084760508E-7,-2.169943491443427E-6
3,17309.752494203312,0.0,0.0,0.0,0.0,0.0,0.0,0.0,0.0,-0.0133512094190106,0.0,-0.0050789223456760655,-0.0029103725527974394,-0.005424560976243367,-0.0015046073532625653,-0.004471671084740581,-0.0021967572187816873,3.980789208475413E-5,-1.6742617759189062E-5,-2.0414766400500946E-4,-4.4127856644621196E-4,5.018257801184372E-5,6.089186467024647E-4,-6.095953858375001E-4,-5.576783894799967E-4,-0.0016225534735102055,-2.1729759995474093E-5,-5.475543466376364E-4,-4.282696666617667E-4,-0.0010355217522701255,-9.237692893833164E-5,-6.578211819781425E-4,-3.434539513041952E-4,7.655957698193474E-4,4.366045421856563E-6,1.8937537286573065E-4,1.0944767067822445E-4,4.3045423440225665E-4,1.9057614571397105E-4,1.7717045305006864E-4,4.162447482822293E-5,-0.0034587652520157155,-9.093738849956003E-4,-0.1251612753654179,-0.08296382803425723,0.002147331656303698,0.0015295467713963202,-0.001059526014666702
4,17137.47113264935,0.0,0.0,0.0,0.0,0.0,0.0,0.0,0.0,-0.03131938525673974,0.0,-0.011900228446993415,-0.006838162585374174,-0.012725736998670944,-0.003522063858856288,-0.01047366612798727,-0.005164976697474831,1.3224395051171723E-4,-3.627626123721811E-5,-4.5473128578156426E-4,-9.857140401688203E-4,1.363185392614251E-4,0.0014069825531920046,-0.0014102522865434802,-0.0012638904159757878,-0.002586200837178667,-4.4151509079459893E-5,-8.572849925041837E-4,-7.455185732317148E-4,-0.0018442764650763905,-7.612296467387049E-5,-0.0011531000413907914,-6.091223425372218E-4,0.0015021567079714388,6.620176601461187E-6,3.531900767551611E-4,1.9299968228212583E-4,8.515208277245089E-4,4.0664179374168085E-4,3.282129969921174E-4,5.232013093797856E-5,-0.0033793449207295692,-8.952885518573471E-4,-0.12185169471273943,-0.06937334389029168,0.0025249984043299784,0.002701931299151464,-0.001677093852856036
5,15217.336033883741,0.0,0.0,0.0,0.0,0.0,0.0,0.0,0.0,-3.4924618164151213,0.0,-1.3244986979151057,-0.7627510425023332,-1.4052611592853455,-0.3921680616106408,-1.164132985199915,-0.576597321685051,0.01660785691079727,-0.004021588972284745,-0.05340444399975249,-0.11167265587284225,0.013852022562103689,0.16121121398137478,-0.16278047001016865,-0.1437910318378718,-0.21167326089553223,-0.004510513267571696,-0.06936262574782286,-0.06759640433814258,-0.17065961527111642,0.0014213420183196309,-0.1058813737556301,-0.056354941052192714,0.07643970618768732,-3.53943636175439E-4,0.009951997339786887,0.0012584560868092241,0.04651956376401912,0.03428054955600852,0.008647165803337119,-0.00928433411900608,-0.0037591136241839984,-0.0015142751601860804,-0.17965800019375472,-0.28710128583891226,0.13045281912176232,0.2504123644983885,0.046914064127144994
6,14297.919217980045,0.0,0.0,0.0,0.0,0.0,0.0,0.0,0.0,-3.5877114347818413,0.0,-1.4272540739098416,-0.8058082136937395,-1.2684159616843915,-0.40030859737874863,-1.1857003316650006,-0.5968438603388015,0.14128053488188386,-0.02291269214427683,-0.09036553222114177,-0.22539674393854703,0.07209024362503813,0.364092306836592,-0.32523934820341993,-0.3092093507689637,-0.5103497242894903,-0.017298866357348744,-0.15997335001265106,-0.1614978238853162,-0.3652035153793462,0.0016985579557418594,-0.25071859857143536,-0.13542528975083196,0.21047227776805633,-3.943474904898267E-4,0.03133919922110931,0.009611813101991395,0.12599150966732947,0.08621770138648366,0.028801688050070495,-0.018043112842593727,-0.0037805207521082783,-0.0015408028788429875,-0.16189142827922426,-0.3365933625207918,0.03449511806413687,0.4537053376629418,-0.6132770018832578
7,14174.065165817534,0.0,0.0,0.0,0.0,0.0,0.0,0.0,0.0,-3.599760450968339,0.0,-1.4389810030391008,-0.8108358358179937,-1.2574010565808589,-0.40135380037145646,-1.1891853971608086,-0.5993447509678312,0.1504874454352668,-0.02493180648983478,-0.09508522950937735,-0.235064979364176,0.07425402582603717,0.3788577390948891,-0.33754960313041504,-0.323938436230808,-0.5327173012435992,-0.018449027786849884,-0.16620779750078768,-0.1688534248969357,-0.3765662048165534,0.002742861506976493,-0.2621980629543712,-0.14211081001823164,0.2279991542319366,-3.9073686788747806E-4,0.03477799994932596,0.011104342304253221,0.13580509915558892,0.09188184846786021,0.031966025417871045,-0.018255294841950605,-0.0037748741437102695,-0.001541494454131989,-0.16015920809859457,-0.3438592843910528,0.03154540250580343,0.46556623944006115,-0.7125321464388618
8,14104.916531473273,0.0,0.0,0.0,0.0,0.0,0.0,0.0,0.0,-3.6013541600534795,0.0,-1.457925703663919,-0.8171287218871695,-1.253674882124985,-0.4009168822289907,-1.1948642250242654,-0.6009133055725621,0.1810447396636075,-0.02779523168186593,-0.09158270224969384,-0.23089320220386156,0.08843754699082099,0.37201621730915946,-0.32153002846134693,-0.327618573784235,-0.522587900205334,-0.01884912987077575,-0.16026043805647602,-0.1673193731431116,-0.35645351163658445,0.010044453414568548,-0.26161599736138,-0.14475964133962516,0.22686641816654904,-0.0019899669755109473,0.030775690417739896,0.0012492796560359763,0.12709367469479835,0.09671772369010559,0.02363848120408536,-0.023318784237658943,-0.0037854200903223714,-0.0015539303740301142,-0.15771781399878185,-0.3485944926712384,0.07704983554842694,0.45750148996295315,-0.7898425390217669
9,13939.496796877691,0.0,0.0,0.0,0.0,0.0,0.0,0.0,0.0,-3.560962569318139,0.0,-1.5895663285427157,-0.8541634407613984,-1.1744175966609665,-0.3926431842906281,-1.2198834489411503,-0.6034796250890874,0.23595724898307452,-0.05312762421068498,-0.14040773333935946,-0.27454317215003904,0.027405701120570267,0.3761553220140008,-0.36229124870205526,-0.4020994917071884,-0.5810304531205049,-0.021316183749895298,-0.172484141790748,-0.19296047557503068,-0.3739106676790971,0.05203880357458886,-0.3146646147435531,-0.1920608791562247,0.2131796337249511,-0.015015792560845858,-0.002968976784502097,-0.07475505055046654,0.06612083592023972,0.1385034091140285,-0.0448523067672458,-0.06823507825701967,-0.003932179523548083,-0.001579121634514995,-0.1316172410284287,-0.35021348666105634,0.3495386539460344,0.6240567767781321,-0.8635075565256984
10,13668.863116149838,0.0,0.0,0.0,0.0,0.0,0.0,0.0,0.0,-3.520846872475382,0.0,-1.7231524768487718,-0.89126845387401,-1.0769250181786174,-0.38458568951922284,-1.242794800988459,-0.605639033702378,0.3076192403429444,-0.08017390080043912,-0.18171120545731484,-0.3242454658041455,-0.0012620515644689162,0.39471440224915627,-0.4056434454587325,-0.48431783363559827,-0.6856575416779066,-0.02471036441988497,-0.20093486693988616,-0.2304558400810014,-0.4126059412622004,0.08983357171320924,-0.38524532734193573,-0.24862058495696304,0.21869531143215337,-0.027830670746434104,-0.03217922314406034,-0.14563136942003282,0.0192206159276391,0.18505184606147776,-0.10725193385489529,-0.11249241153382476,-0.004154187294900095,-0.0016262203943182884,-0.09310559584674213,-0.3525590969677576,0.7539630858657369,0.8330491047340409,-0.9411016646032339
11,13644.285253879061,0.0,0.0,0.0,0.0,0.0,0.0,0.0,0.0,-3.501162307067396,0.0,-1.8413072986054786,-0.9261627127726788,-0.9346519557233284,-0.3788790028752835,-1.253598781849475,-0.60956203268598,0.4552388129253916,-0.10604390461280064,-0.20265888869207266,-0.3821619282690456,0.06321861185540639,0.46604849158637823,-0.4413307910451838,-0.5947342594522569,-0.866814464490136,-0.03450173887245843,-0.24531833889309004,-0.28766356232516743,-0.4402183836135043,0.11486530901615968,-0.47858439960064003,-0.31582996701291777,0.2990530361454673,-0.03585792343605078,-0.036762371912657944,-0.18242523435708818,0.03567854566456581,0.24090952555427114,-0.13258216543856738,-0.1438928419409422,-0.00442020499817065,-0.0017084948276117683,-0.04911215850010655,-0.35392953416563927,1.2227980589021445,0.9722225382705336,-0.9525290740336585
12,13640.54822756708,0.0,0.0,0.0,0.0,0.0,0.0,0.0,0.0,-3.5112039374388844,0.0,-2.0569386764396214,-0.9985675145801549,-0.6382498503276175,-0.3719956966751973,-1.2667330388403626,-0.6255913584099766,0.7659315308098704,-0.15316353984450926,-0.23342543039784083,-0.5009628352086901,0.23574469488726024,0.6472927380846507,-0.5252192060595866,-0.8252556813467722,-0.970695660890123,-0.058636463091867125,-0.2323540964657549,-0.3439818118382688,-0.28684170127544817,0.1798705658858703,-0.564562552431578,-0.4000756881353011,0.5089624787707796,-0.046484558058159674,-0.026030510290434666,-0.2210029005040298,0.12245258846678449,0.35364393206393885,-0.14801592428863616,-0.19356527743456048,-0.004472954547386479,-0.001782376500296248,-0.045823600964921954,-0.34907907974815877,1.2971800737081227,0.8109618581364388,-0.7895775392549742
13,13466.935812888669,0.0,0.0,0.0,0.0,0.0,0.0,0.0,0.0,-3.4541613891147183,0.0,-2.743539749189988,-1.2153622197529823,0.025742540148226967,-0.34118066929113217,-1.3545583238185201,-0.6645419870490181,0.8993192204184894,-0.29672691239691085,-0.533683866514203,-0.8137641599336236,-0.03594701166420361,0.7299904689764529,-0.8308085825624787,-1.3035915631939552,-0.8206796427769625,-0.1010381873830378,-0.10363398960718853,-0.37404294743357286,0.12347735707644547,0.4247148648908358,-0.6374104777358267,-0.5709862177834174,0.7853945216088412,-0.09942080360630326,-0.10583441612010866,-0.4818478968153025,0.10155761745395539,0.6405372971809534,-0.3559833272083304,-0.39858170334846676,-0.004339866621770256,-0.00168249653795279,-0.04442260028256866,-0.3489818975549752,1.4988903814581138,0.6982760320174661,-0.7912458606782367
14,13196.561638935831,0.0,0.0,0.0,0.0,0.0,0.0,0.0,0.0,-3.265674594589905,0.0,-4.2513744256218615,-1.6875846115190551,1.2594264354702425,-0.25857754052361703,-1.5632105788907713,-0.7545430197945544,1.489009952075507,-0.6029870769976237,-0.7395757341951976,-1.1533693243566527,0.03977761584885607,0.5480653763487808,-0.9800767590661337,-1.9219191287851174,-0.524861154032106,-0.18034061961245595,-0.08278263445391182,-0.3625648774888842,0.16894252008858046,0.7989990031303897,-0.698331880991512,-0.8540903062429475,1.0790826193231706,-0.2350471120656563,-0.39005757563860766,-1.1647668762780148,-0.18284884795481512,1.2056897684857542,-0.9346649874999557,-0.8977813964732031,-0.004468447939937875,-0.0017760274289550947,-0.053253693363968804,-0.3441681471928443,1.342885839295855,1.1748895350547082,-0.8326158145581057
15,13143.375840504752,0.0,0.0,0.0,0.0,0.0,0.0,0.0,0.0,-3.0520960298236877,0.0,-5.70744234835636,-2.108649469227805,2.1675211099536114,-0.12673885378780397,-1.5449221078924338,-0.932162226356687,1.3598804437822842,-0.9755240433644177,-0.5925647268241717,-1.0123651402405638,-0.10238903857662231,0.15188896281349334,-0.8453562957972676,-1.9231723791695745,-1.0881343208821441,-0.29166661705864766,-0.699713366148538,-0.5847869566417759,0.3738475912448009,0.4231007608467694,-0.8002568029219452,-1.010740874886075,1.6958556048047093,-0.4126457989297555,-0.6918910064839641,-1.9079459061101829,-0.296940792306851,1.8343537090848652,-1.490174470281623,-1.4957808211568784,-0.004463304435396079,-0.00175713839505588,-0.04567642899509279,-0.3501390409412797,1.1980996173208844,0.8100212328784888,-0.8280330537055881
16,13045.304934242502,0.0,0.0,0.0,0.0,0.0,0.0,0.0,0.0,-2.8943734579981655,0.0,-6.192664025785826,-2.1532905534292626,1.9726378287375639,-0.05606665504556038,-1.1471072110765654,-1.0857052090755837,1.228307987376802,-1.2602216320182078,-0.7174562086595194,-0.9379559697773278,0.1777088463769389,0.44212777083103566,-1.1522171477614012,-1.8072929784477905,-1.1471301744600666,-0.3869221133971469,-0.6711435539435275,-0.7510371262881768,0.4645015765158749,0.19018611089439452,-0.8006693273729342,-1.0134694546471659,2.170151805090154,-0.5687150949006844,-0.9496127520130384,-2.4339335469558576,-0.2822684749320428,2.1153344706754615,-1.8050307017323368,-1.9468294727524067,-0.004477668229402162,-0.0017368944907813915,-0.046280630679893436,-0.35826337841834854,1.1751194780580547,0.7738004426790359,-0.8519771012017936
17,12958.597593340963,0.0,0.0,0.0,0.0,0.0,0.0,0.0,0.0,-2.7916271368721395,0.0,-6.423944179294969,-2.0263306315163256,1.531206073853017,0.050815575938546326,-0.7035371163448676,-1.1570987678437523,1.2510427455597355,-1.6267953993443163,-0.6234663489261245,-1.2285114821194756,-0.004068202928754677,0.6640342641355539,-0.7584782523593618,-1.912178177985517,-1.236782530440178,-0.5497722169921416,-0.58350769306365,-0.8445522586092291,0.45992940937101245,0.31131382791380996,-1.0358405798566057,-1.0775185785519013,2.8743747878981236,-0.7879583507654905,-1.264634910185235,-2.940735425269028,0.011397845147381347,2.1883571445621275,-1.9569665303336001,-2.464257255213913,-0.004472743217622697,-0.0017460368922269738,-0.04698275363111392,-0.37462982308357384,1.092192818308352,0.7750542397564392,-0.8400939040217008
18,12873.62208035803,0.0,0.0,0.0,0.0,0.0,0.0,0.0,0.0,-2.9146778288726027,0.0,-6.269618595589861,-1.7003383120844648,1.4562642140843363,0.26094939443477055,-0.7819503090881517,-0.89190006899062,1.3044517977513308,-2.110199547058538,-0.96853628672143,-1.0564864885298637,0.037951664177340576,0.4846347861150966,-0.8593743886820822,-1.9190878517983971,-1.3865397943721198,-0.820842259556567,-0.7903540578248203,-0.7045831988925157,0.3544327323725368,0.6953073333898296,-0.9842037046613059,-1.2155074960419534,3.4274650087653398,-1.1284713550001724,-1.6855141763201136,-3.2231661167731698,0.445182609739427,1.5594040017833968,-1.613412279422489,-2.980320652357781,-0.004456684342830909,-0.0017226157500792418,-0.04658126784014019,-0.38857349467890356,1.057615103227194,0.6241985899361919,-0.8124499655555746
19,12820.213695064287,0.0,0.0,0.0,0.0,0.0,0.0,0.0,0.0,-3.1766580039763066,0.0,-5.982570626627693,-1.375552213394257,1.6728115815193791,0.4473015164049773,-0.950436495008047,-0.6041592039370622,1.2860970485794243,-2.6666812757620306,-0.4662351704921508,-1.184598973932947,-0.038862166658233686,0.6420871596239256,-1.196067086068737,-1.9484893505376268,-1.4508557237883204,-1.160151048907357,-0.8720567232144701,-0.625411155410358,0.30387025910510834,0.7462678662303702,-0.7717895786059265,-1.221024606808242,3.656814416613831,-1.5528202723685964,-2.183628023449952,-3.357936685058249,0.6637790475925112,0.700076586350142,-1.2008929231179308,-3.496183114101673,-0.004458850505054434,-0.00171950255302307,-0.047709072043779846,-0.39285646201357977,1.080807842594488,0.49032794696107895,-0.8239665740918232
20,12725.221228250868,0.0,0.0,0.0,0.0,0.0,0.0,0.0,0.0,-3.7984546723972628,0.0,-5.272242591695985,-1.1356481945104782,2.3892424431821824,0.5150247971910925,-0.9501884106221377,-0.4599625669034928,0.9715878670818223,-3.4205713800292696,-0.7202316590785494,-1.3376964129390738,0.12331497943550729,0.8452567561435151,-0.8331281702499702,-2.1523753042113474,-1.6693958222061025,-1.7189921517867928,-0.4197715072751157,-0.9680450016462886,0.26930157904709084,0.2762208326635876,-0.7609902230563508,-1.038117600815055,3.533741947750242,-2.1893291664167998,-2.530772437417898,-3.0815195920684832,0.5437151003119552,-0.2891181706028215,-0.834087376358029,-3.979953776132465,-0.0044383873150825775,-0.0016523770386012375,-0.04818834412978622,-0.38500106316744037,1.039519821103519,0.38435918868852575,-0.8357620477761398
21,12545.374462848775,0.0,0.0,0.0,0.0,0.0,0.0,0.0,0.0,-4.799797054974522,0.0,-3.5170954036300497,-1.3353632436459437,3.1156847339393865,0.3047099123193048,-0.288132799332134,-0.7856619157177247,1.0305546439440225,-4.474166959297382,-0.6277036782354787,-1.3180452362464343,0.08670933921655219,0.32875150588411084,-1.1168165213904149,-2.225325405205463,-1.7154513433867251,-2.637141729366713,-0.46584649095018454,-1.0254271448103036,0.513207872415051,0.14771904580659728,-1.1969443124984311,-0.9220545973688153,3.401412768810079,-3.1621149257526073,-2.06483549688064,-2.11769971879973,0.31454822101466573,-0.6048919782525657,-0.9114537808123292,-4.253545651649004,-0.004541892784299863,-0.0016422602976075623,-0.05101944908109099,-0.3820967053780023,0.961660271920404,0.4621745975500914,-0.8196039808355915
22,12448.744400179497,0.0,0.0,0.0,0.0,0.0,0.0,0.0,0.0,-5.200447293470919,0.0,-2.566765870572528,-1.4269211668884054,3.4677498198221515,0.23031621959195106,-0.4086703679200586,-0.7549699605068897,1.0494980967164174,-4.993876935147043,-0.664762901020836,-1.0146986180398767,-0.12702842543610157,0.7480147751983051,-0.9756967686025946,-2.063998506569772,-1.6663919216930876,-3.1569556233346443,-0.6432330076518302,-0.8785292421033246,0.6184996693164312,0.1336658575263932,-1.1063659911287853,-1.0773665739414806,3.3069361392683008,-3.697909069832969,-1.5786583471131452,-1.6632714167316638,0.2738227976913631,-0.41280552492288913,-1.1344231852862483,-4.238644128537972,-0.004627447663284236,-0.0016735863569556858,-0.05387827660658657,-0.38304795192721297,0.92952921965809,0.5783872798431,-0.8125290058195
23,12383.412972165854,0.0,0.0,0.0,0.0,0.0,0.0,0.0,0.0,-5.457356302142657,0.0,-1.7861041093701364,-1.3548243113224763,3.688790880635827,0.23332873347849972,-0.7771158112888427,-0.5728836092253153,0.5917453284048987,-5.408672959782203,-0.5639001570018265,-1.2517971649239032,0.1766456046613881,0.8077532686648183,-0.8623044796841223,-1.7992385810859606,-1.6939959448671134,-3.6600675407940617,-0.6068293594012111,-0.7901262828097975,0.7081116307084792,0.3203066453929031,-0.9727704533931172,-1.3596494582705037,3.24660907662114,-4.181181424433272,-1.06542707761301,-1.3488555982291166,0.3717939566133913,0.05313793073450418,-1.3188449139871912,-4.042946025807504,-0.004612841484909947,-0.0016066279383377274,-0.055321165108436446,-0.38720899832871974,0.9289714936131517,0.6124945551501169,-0.7908761008533624
24,12317.782435878784,0.0,0.0,0.0,0.0,0.0,0.0,0.0,0.0,-5.5229076543335545,0.0,-1.5087294703563399,-0.9144162622839375,3.56388032488748,0.3135380579406391,-1.0132402265341993,-0.3655473139689508,0.6986694800718616,-5.688535655430106,-0.5170305853105461,-1.1950914870876719,0.030984466456731752,0.7437533702064675,-1.0206171683569891,-1.5539861004187525,-2.119304183417863,-4.2303516778403925,-0.17043972536981605,-0.999733413279995,0.6444873621208139,0.5428306836470616,-1.0377320117783797,-1.5268158440638004,2.593084118532429,-4.665384683723036,-0.8515944084343319,-1.4220449948508276,0.4044850457252597,0.6531935391498731,-1.3102877498140222,-3.444420226349355,-0.0046641609155996236,-0.0016205393580966275,-0.054184471144836335,-0.37933444211013084,0.8475042898063008,0.4613050884734749,-0.8156329101899916
25,12180.913298364987,0.0,0.0,0.0,0.0,0.0,0.0,0.0,0.0,-5.42960600644645,0.0,-1.7851423108757447,0.06848243430384715,3.1529501773374515,0.44493666117170594,-0.7071961928025132,-0.2660436432597154,0.34487816212361017,-6.106909000164629,-0.47421926520369334,-0.94375191508503,0.12148940295886407,0.740423826832275,-0.9445592538391786,-2.0294531845102783,-2.092242026163691,-5.533350507152645,-0.40630714526805073,-0.7303354104650535,0.6978371286570535,0.47706452666695986,-0.8338962600241537,-1.0577536674607404,1.4115878374069097,-5.763301269527303,-0.6667528184538853,-1.49456340682138,0.9978881298938146,1.8033362440214133,-0.32928687444227933,-1.4260751866998875,-0.004696193412576607,-0.001532826690670562,-0.05747330266548611,-0.3736302289106423,0.8423990116750134,0.5954873117734651,-0.7969002890203453
26,12090.059685504146,0.0,0.0,0.0,0.0,0.0,0.0,0.0,0.0,-5.108186191171058,0.0,-1.9946890937205617,-0.48285931342465194,2.9021006870825787,0.5376027155466583,-0.5235178435339114,-0.19204074172062172,0.35876307689637343,-6.189582239038277,-0.6654638784994623,-1.2333504708619178,0.04851795081887504,0.852822373938073,-0.8879903096272342,-1.3321699616826368,-1.979928889131393,-6.245531144257605,-0.4968202176136024,-0.6998187680580935,0.6892936547532387,0.5051948697465252,-0.8341175573827222,-0.8706766176872414,1.121933414398026,-6.369274851194919,-0.9805630303533209,-1.3988572949224194,1.1864659108504887,1.9934261142558338,0.3798429788218054,-0.2638959283970046,-0.0047710957558467085,-0.0015282955666067028,-0.05987472135120434,-0.37394032748186606,0.8476574688925139,0.6791075852551157,-0.7769787549744203
27,12024.064396523578,0.0,0.0,0.0,0.0,0.0,0.0,0.0,0.0,-4.6771048123984915,0.0,-1.9661106393324927,-1.2252474410224847,2.4638868566154164,0.5590159091827024,-0.5339315617178652,-0.0816869985732583,-0.030758764408638617,-6.072146728463422,-0.4475025832209909,-0.7626953549723614,0.14756898165000087,0.9259553258480686,-0.8372627220695653,-1.561037499524837,-1.9347271332931641,-6.81916338800325,-0.3890900756702558,-0.950142207114524,0.6369858119815747,0.8400329507487613,-0.9664060191416883,-1.0824110361895558,1.219954615382338,-6.86976272564957,-1.4115683182651368,-1.3365431871492781,0.8479345636690878,1.8329211680565927,0.5825235044185599,0.2894700100866291,-0.004792692552830637,-0.0014729458733961716,-0.06115160606747868,-0.3700233872717023,0.8265013943013001,0.6791615303191421,-0.7762025437270605
28,11996.162671600847,0.0,0.0,0.0,0.0,0.0,0.0,0.0,0.0,-3.240965436064821,0.0,-1.4963493329978106,-1.3073092990448325,0.47927950977754286,0.2938829981649832,-1.0954083706002415,-0.24533142168442656,0.26594854134898216,-4.811048936720172,-0.9142709571634214,-1.3835387516055802,-0.05813138808355148,0.3490812867975771,-0.9527359486633713,-2.1585721686076194,-1.7232583515676778,-8.740908227196467,-1.0261165671955927,-0.9963340771496718,0.06859876058235137,-0.17815149074805514,-0.04913442410176905,-1.7524984752947774,2.314584569071446,-8.716932862817476,-1.8030876085735146,-1.432751738282611,-1.3013803858132729,0.5588530368914946,-0.4480847278771658,-0.37896402809137764,-0.004683214637988221,-0.0012968314379521693,-0.0605474024057538,-0.3412129325843138,0.8223644480360373,0.37667136300744486,-0.8313054098249177
29,11708.870005850196,0.0,0.0,0.0,0.0,0.0,0.0,0.0,0.0,-3.6700158043441267,0.0,-1.8251596097977298,-0.7485568765471732,1.3776215470334345,0.16340726162179697,-0.9348929432522697,-0.41469288371911667,-0.010288171706339444,-4.787325599131319,-0.5481748224056829,-0.7089381445727037,-0.06822620733472827,0.481251909419639,-0.912735635534869,-1.3347383201136918,-1.2990034432267314,-8.488777664084878,-0.3611925757763377,-0.9812431718141796,0.029574427553811344,0.12900651859670131,-0.8284726612491904,-1.3503920754767464,2.4793875884436942,-8.526885991834586,-1.3672938263665573,-1.411136048366573,-0.35320921211018685,0.5864758907232442,-0.303740687424329,-0.7624836454414632,-0.004747668194616261,-0.0013518526258058457,-0.06525917264450401,-0.35484631287221774,0.904472599590861,0.5999509647607925,-0.7639796043417082
30,11673.305630624647,0.0,0.0,0.0,0.0,0.0,0.0,0.0,0.0,-3.7700522370915337,0.0,-1.818414181983658,-0.7530889571069932,1.5084287423585425,0.06921547045053743,-0.7460069546978445,-0.413833119948356,-0.15648157196938176,-4.673030301118627,-0.5769377797841988,-0.7725684632981512,0.054944511821818184,0.7077889500193297,-0.8678238538516106,-1.2249676808823642,-1.3666814825924045,-8.453141084369184,-0.5705507840037092,-0.8532244201305863,0.036478343986583256,0.4827503521540841,-1.0868050953467847,-1.2095525718586904,2.0138979062417173,-8.574141048874624,-1.3481650368740055,-1.5556729807893772,-0.17010933160271988,0.47042329407408356,-0.5008081108845219,-1.0043253353386006,-0.004707654038948756,-0.0013285164237836053,-0.06412425159357556,-0.3435944309623831,0.9066684785588118,0.46392157751571816,-0.7991301785726357
31,11640.183869945246,0.0,0.0,0.0,0.0,0.0,0.0,0.0,0.0,-3.928110263171288,0.0,-1.2424451803656944,-1.6934593529454447,1.6830894982707472,-0.09041688171096239,0.014997394411833231,-0.02274656891702531,-0.16651430442323412,-3.4959550753257553,-0.5174586700789416,-0.6126061412525294,0.056208161420739144,0.4710334485435619,-0.772068520111403,-1.3740244588135897,-1.6871737826323714,-8.54548711110232,-0.14231506899045993,-0.9377207039305436,-0.28403715048268385,0.7952672326547059,0.019823161712931192,-0.5000998375734,1.0390802577433662,-9.44179991238231,-1.0285592591709296,-1.7436905303175687,1.7546243776422015,0.39603754619610515,-1.239517395600443,-2.180973287738036,-0.004582523676972923,-0.0012666547940942514,-0.06377580880059398,-0.32970979435093223,0.9883482759917503,0.3410144773866875,-0.8285768180905727
32,11512.122288290477,0.0,0.0,0.0,0.0,0.0,0.0,0.0,0.0,-3.4193877666407366,0.0,-0.7333158224475939,-1.3502559065168729,1.1178165804662938,0.4816277627099166,-0.46904457591297755,0.04321548285409808,-0.06972918342495796,-1.6457990982095647,-0.5915221482014412,-0.45314939021265344,0.12435978762263027,0.3948473722583062,-0.7787811047421133,-1.1645340249201248,-1.391166154539049,-8.894533472053384,-0.16650383323719348,-0.7254655202611201,-0.2468244619882061,0.6541343192043643,-0.8364821847118197,0.06687769514180608,1.1542664696422589,-11.172322599966718,-0.8171952245343059,-0.9555794492029913,1.209834084310585,0.5250385159655555,-1.075751571089093,-3.2202576974126886,-0.004362793564174584,-0.001174260471517655,-0.06649135626607207,-0.3221958733178899,0.9233341029274194,0.3643764230761574,-0.8939598654206218
33,11447.052180966562,0.0,0.0,0.0,0.0,0.0,0.0,0.0,0.0,-3.5495773302187894,0.0,-0.924556696140033,-1.1695055409061277,1.2600653174437464,0.23245862124325514,-0.035198743755869566,-0.15937389567787758,-0.13770690718772638,-1.8672401423210192,-0.5594640582590062,-0.46569942512495854,0.09765495487713854,0.4476778673013832,-0.7104628029449116,-1.0512864068683188,-1.3949977381065277,-8.838658519465863,-0.12735384598185095,-0.7230215636853011,-0.45584677565027926,0.8213148338744116,-0.47679748473069294,-0.5417753949261566,1.228381826298167,-11.0926834398929,-0.7413310693884043,-0.9465967015251204,1.007152918518518,0.38503354695528746,-0.9740464595897362,-2.949219676621785,-0.00432946071683835,-0.0011655414327322222,-0.06559630520572068,-0.3224407546357512,0.9597392438268839,0.2228509984182707,-0.8815765579065583
34,11404.70633746936,0.0,0.0,0.0,0.0,0.0,0.0,0.0,0.0,-3.6328245964224246,0.0,-0.8708018444463234,-1.1925156505769272,1.4162778594003536,-0.23108850508677228,-0.059586354996350385,0.18473830116248563,-0.07578591252970171,-2.9701805396937138,-0.5733771439507476,-0.5808653377452324,0.07365532936597845,0.45902923809376606,-0.7898075591437743,-1.2421246300097097,-0.9423860471610928,-8.310195976250359,-0.19286455365319338,-0.8108282374593747,-1.3078445616476164,0.6704492061058649,-0.7624219841426775,-0.4683345542121566,1.4915283984426257,-10.967044024873921,-0.368782541714404,-1.3035032640438111,0.9312977723337249,0.2868804242628826,-1.2213645668784932,-1.6756866992153907,-0.004016634953745401,-0.0010943273652588772,-0.06381790924275482,-0.3310082902419834,1.110787066379055,-0.4271446685261894,-0.866050616004904
35,11363.317504430432,0.0,0.0,0.0,0.0,0.0,0.0,0.0,0.0,-3.6628858288873754,0.0,-0.48470932470631806,-0.7384785694560858,1.6543089151749084,0.19663861764637489,-0.3723160548846646,-0.8893729301595243,0.057347749712426344,-4.543093833026115,-0.5658886975719464,-0.6208172056258306,0.15986439956751863,0.5410318617678583,-0.685506018128305,-1.2235732563630242,-0.9176294748692874,-7.284595668633549,-0.284067965852036,-0.9175271689849513,-1.2016888864161195,0.8295756484268987,-0.8577803502490271,-0.7264999257632211,1.459050927668496,-11.020520229397542,-0.9483296015481921,-0.9766996539056134,1.1213061832699054,0.6313664598357926,-1.328858538551834,-0.3925786652716483,-0.0036820081765596827,-0.0010580642738691845,-0.06262609490615689,-0.3356109027369389,1.0282717156811474,-0.49060522722972366,-0.8919992049522104
36,11299.325029175538,0.0,0.0,0.0,0.0,0.0,0.0,0.0,0.0,-3.5365902470097854,0.0,-0.6529035153757348,-0.5964988591136369,1.4440464067042909,0.1416902564505701,-0.2303548913124689,-0.49797085343304714,0.14361039390928632,-5.51040224595835,-0.5295500365328683,-0.6105481892179445,0.21625526207824483,0.5848687867434031,-0.56893340928783,-1.1199703317431395,-1.0847584556724104,-6.628425395419872,-0.2589005474117547,-0.8072652007404074,-0.8296488638712506,0.922841752139619,-0.9899418267215907,-0.9196062561428316,1.3271525052970188,-11.1676046114669,-0.628591032743611,-0.5978427396842655,0.7174093821316851,1.0853037752610024,-0.517227499027179,-0.5836642919181978,-0.003436595494207446,-0.0010289361892170308,-0.06201480714095133,-0.3385262915329839,0.8768675945132919,-0.3105374375632546,-0.9166958833376795
37,11259.090885596095,0.0,0.0,0.0,0.0,0.0,0.0,0.0,0.0,-3.4187488429184425,0.0,-0.5935557610105142,-0.5612267986228963,1.2696693397032626,0.7802690696066267,-0.16266196493948054,-0.6511284500635789,0.04933655427939755,-5.77280244227509,-0.5075769307692165,-0.6114889126917087,0.15760975035253036,0.5813918977316289,-0.5322945441854204,-1.0034814543131103,-0.9381800448769025,-6.568155585801695,-0.1508769105344928,-0.3831225804504102,-1.1285236677505188,0.7424980319447572,-1.1284585718089657,-1.0080140537513422,1.686308665622996,-11.115640878122115,-0.7021880271904144,-1.1547182189751504,0.25136846009202013,1.0710639576900116,-0.5053981493455271,-0.9911447177402258,-0.0032069933867102584,-9.439783398914395E-4,-0.062044243047830606,-0.328855651742936,0.8817672062018067,-0.4207836458534537,-0.9010729473884184
38,11225.054344237451,0.0,0.0,0.0,0.0,0.0,0.0,0.0,0.0,-3.1028666356835743,0.0,-0.8618510843383536,-0.2734840704911214,0.9661789276818085,0.3970496629003151,-0.2902894443748071,-0.5137381817151745,0.03029632787485283,-5.827316938219203,-0.504677040605242,-0.6478585470454951,0.11848718522528322,0.5335335810064064,-0.5322615053054686,-0.863520256927103,-0.7787449417538134,-6.504615849193214,-0.31247767784617686,-0.6027753522918121,-0.9953576341153967,0.6230532283945721,-1.1934796735725024,-1.0838946551141202,1.9955656831510034,-10.892578265849554,-1.1674217049803568,-1.1198918813544556,0.18636430869299023,0.8814821356552042,-0.9670683574818678,-1.1725246614006224,-0.0030754847611808877,-9.012705127091901E-4,-0.06283966424740443,-0.32342543544736446,0.8031747703911701,-0.24911015711918932,-0.8891792928911604
39,11203.937277692055,0.0,0.0,0.0,0.0,0.0,0.0,0.0,0.0,-2.729331960167146,0.0,-0.9408839658253771,-0.48829901927069985,0.8132148539276747,-0.10427751064807161,-0.7337353176403127,-0.973315132732681,0.05081116771122503,-5.633764626272118,-0.46375415948797477,-0.7529753529620354,0.1176873598765109,0.5104185679996618,-0.5335972595403699,-0.9597512334413882,-0.9210045321230418,-5.979149341847806,-0.49157857570173497,-1.0127970948937586,-0.29153444393197403,0.45750684227068805,-1.216085314878295,-1.3465789056212443,1.9403961726689645,-9.93060929610341,-1.037362768877179,-2.0275100941861908,0.3639171692363812,0.7820810447446063,-0.5106119340075641,-1.2870176212311921,-0.003048097212247715,-9.118361668647289E-4,-0.06304049968697788,-0.324660846790237,0.5803650284492258,0.2813306999825432,-0.8758483611879438
40,11181.759230753521,0.0,0.0,0.0,0.0,0.0,0.0,0.0,0.0,-2.9942846469439535,0.0,-1.165832751953638,-0.6270425781958285,0.997802975413974,0.24767097371703733,-0.4886042177520879,-0.5115268376881914,0.023237671513081173,-4.871747284819542,-0.4381880983709134,-0.82083937451722,0.09436648852639368,0.6025435784133935,-0.5647714370113899,-1.0993848567146154,-1.3826075696383466,-5.217535140708291,-0.3760929998923026,-0.6340583511012328,0.060545455319889085,0.5329179537473763,-1.1120512358825585,-1.261770821536395,1.983766103056381,-8.716179813095838,-1.5055390937761706,-1.8713280113443207,0.36300214626465277,1.272530717505163,-0.426240178929919,-1.2305996057757818,-0.0029934363964530288,-9.14884785957754E-4,-0.06111675162124925,-0.327702540382922,0.4415233522642379,0.554722185394034,-0.8592187745997893
41,11165.72163550725,0.0,0.0,0.0,0.0,0.0,0.0,0.0,0.0,-2.8813900524867426,0.0,-1.1393658558643616,-0.5259811601167441,0.912989442733759,0.3022977085390741,-0.5245555526429854,-0.681708712052667,0.029547708080724735,-4.453909148633215,-0.45284943399935884,-0.8213824355467328,0.08705284276597347,0.5980554750589243,-0.5773341727901059,-1.0490407870131295,-1.1404019237809333,-5.412260223654289,-0.5362141881259994,-1.0695011898972662,-0.1212390087274747,0.6453564310777201,-1.1036582698005868,-1.2265825000378439,2.0190511036412353,-9.037946683475376,-1.0723633690906254,-1.8000397852309749,0.2557977656324498,0.9577614817356337,-0.48881105423543364,-1.2498525932743858,-0.0029874904892204643,-9.00100939960206E-4,-0.06197374049326519,-0.3280059456789633,0.4810739707960884,0.4438974519930308,-0.8647196477346651
42,11159.628687977372,0.0,0.0,0.0,0.0,0.0,0.0,0.0,0.0,-2.8993145587216462,0.0,-1.0232809947806063,-0.5456244630156019,0.9580685632895973,0.04066433814039194,-0.5370851314045906,-0.6401360249631258,0.021926410015913753,-4.216354926085207,-0.4592955466403437,-0.8023403263471776,0.09138207401272502,0.5762475582527027,-0.5901809052947553,-1.0688011024462831,-1.1892210047071552,-5.368692007684124,-0.4430515189165932,-0.7822702105680304,-0.09654078435116496,0.48602709890927076,-1.2155285563502782,-1.3819308337241907,2.0269304003594804,-8.955142229840908,-1.262309611104552,-1.8678855122384297,0.2785840784244985,1.02931735567328,-0.4625081435153006,-1.2543051712011253,-0.0029797801062307573,-8.94588344146652E-4,-0.06168668406953885,-0.32679581303655275,0.4655108055158764,0.46322271270217935,-0.8670983176236682
43,11141.349365478061,0.0,0.0,0.0,0.0,0.0,0.0,0.0,0.0,-2.8009323205390957,0.0,-1.0390114719963317,-0.5442413690271174,0.8990065610554735,0.06917975020954854,-0.4819635745891317,-0.5954781887958102,0.002239084610743368,-2.8474279077662783,-0.47816548701223444,-0.8016553771949283,0.0847994355698694,0.5725224187894867,-0.6606543623038836,-1.1127111323333456,-1.1094333386438398,-5.154854215529062,-0.47058499349454563,-0.8049037838957476,-0.16007749150223766,0.38262216695878815,-1.3784735537453614,-1.6401191018008254,2.007664471276932,-8.537195758877756,-0.9562516590345203,-1.6190512721985393,0.2560987503859963,0.7428866436224151,-0.5819367447022805,-1.2953933100039887,-0.0029369978841576453,-8.639396120833987E-4,-0.061631099630237454,-0.32674016743146794,0.425794838322497,0.4564888609258358,-0.8734529109734175
44,11136.33428466043,0.0,0.0,0.0,0.0,0.0,0.0,0.0,0.0,-2.9249639758455634,0.0,-0.9512665630917816,-0.528498667693927,0.9992197839010375,0.05947874262225882,-0.42984615225266554,-0.515235788198785,0.0015250176754610745,-3.042690517999224,-0.47789759682280286,-0.8082882194805673,0.06511108856190213,0.5983137267258507,-0.6391686711178157,-1.0904869905410108,-1.1702500273942287,-5.020324665986952,-0.5236003408647706,-0.909062091526924,-0.1199151400065625,0.5390615760684252,-1.2340452385771543,-1.4305976158743774,2.073233608962027,-8.258929758143335,-1.1296106605543248,-1.6694436296948751,0.16178692155676408,0.958251759263061,-0.4972817022969471,-1.3569784259951956,-0.0029358781991930534,-8.693971365016464E-4,-0.061554114754707644,-0.32602737441970986,0.41785891637154465,0.5022096558301999,-0.8675061761101591
45,11129.286682553,0.0,0.0,0.0,0.0,0.0,0.0,0.0,0.0,-2.884949356938177,0.0,-1.0987641731832534,-0.6442214196773325,0.9606389304620314,0.21282430402823316,-0.3861538683239569,-0.4203335822829577,-0.020258689949426627,-3.4876154812620856,-0.46928256395625445,-0.7954379267893081,0.06740115873509273,0.6119587869698838,-0.6485475330518196,-1.1262108493921417,-1.4073353067595997,-4.678014131935046,-0.4063011483132911,-0.6788213938953891,0.003511880268247905,0.5654430989539954,-1.168310457269537,-1.348772814239856,1.9930086506092717,-7.500510034306642,-1.1250712725468865,-1.4420524393861074,0.2397408200401644,0.9375454724542752,-0.6104409605303132,-1.4462175470793217,-0.002952304531400345,-8.760026606920979E-4,-0.06098947852287774,-0.32549332446466284,0.37189968384449135,0.6004088604672122,-0.8642736026587485
46,11123.605077049735,0.0,0.0,0.0,0.0,0.0,0.0,0.0,0.0,-2.9199757622991367,0.0,-0.9225509987403265,-0.5635961805472736,0.9859090799704558,0.1064593670839412,-0.3771762700734188,-0.4267432429614095,-0.006900573354466951,-3.2647975251735892,-0.48403882532773856,-0.7809113792238922,0.06265657314463553,0.5882140774102572,-0.645121676639982,-1.079852140949589,-1.2162077633767978,-4.7747259258672905,-0.520190532423108,-0.8963616679024171,-0.06564964402887433,0.5378768833779528,-1.2161704275067156,-1.4333167951277614,2.0221266545427996,-7.62304037536282,-1.066897794213917,-1.548873821012388,0.18566625117366087,0.876055776300797,-0.5958469994979183,-1.4700969622882631,-0.0029558124133066558,-8.717084464234545E-4,-0.0616777823753373,-0.3237129220488623,0.394164752680551,0.5638950539546844,-0.8688111920500048
47,11110.902072889787,0.0,0.0,0.0,0.0,0.0,0.0,0.0,0.0,-2.7092500441448655,0.0,-0.9075910167687113,-0.6287250706295552,0.904320015453869,-0.06003322125640241,-0.42752037556494726,-0.5789913413595398,-0.0485498813687298,-3.071637729402119,-0.5098717045940034,-0.7430755912138325,0.041222134856546244,0.6063078360615552,-0.6738684926131993,-1.0910270662277974,-1.287131838699268,-4.248925777542118,-0.4633674619605013,-0.8325301989070051,-0.30766093872405065,0.6890556334859952,-1.1087433896802608,-1.2239990730506876,1.9679082950509355,-6.284670311023206,-0.9071090357090612,-1.1568487810315244,0.13531961245471757,0.822545283595366,-0.643955666754375,-1.7884730125717156,-0.00294157597601561,-8.518451249322594E-4,-0.06131258977337793,-0.3204684025371419,0.4164703406094415,0.4360053284485983,-0.8682800164474508
48,11104.538124917804,0.0,0.0,0.0,0.0,0.0,0.0,0.0,0.0,-2.8615366290697715,0.0,-0.8428992380016411,-0.6999625807838652,0.9245762402133236,0.3839372712424466,-0.0659173961891098,0.017973695224416608,-0.04818706957828891,-2.966926810190172,-0.5230119641238823,-0.6632984108386717,0.04631202358552671,0.5675288246526231,-0.6885178054486654,-1.0617216940191712,-1.3914710245668582,-3.01900372376437,-0.5352414922680256,-0.8592613959215365,0.0491145799197964,0.5754382521114072,-1.1266843979203163,-1.4456022147184213,1.8067626125996648,-3.3073537833906825,-0.7605609100181466,-0.931395845062235,0.2602821595482171,0.6003983019408052,-1.0098026130576043,-1.9792663096269318,-0.0030250013089691526,-8.783975146535744E-4,-0.061961369560792866,-0.3121270618402386,0.30195907158161994,0.7544419484360719,-0.872840852356429
49,11087.199122035341,0.0,0.0,0.0,0.0,0.0,0.0,0.0,0.0,-2.6407815758332114,0.0,-0.9222508927779982,-0.546487909934307,0.8297817485986263,0.1822126052883926,-0.2834501421043135,-0.4601421736760584,0.017397130897994377,-3.3091716633293373,-0.5207392340032762,-0.6299565923787336,0.10069686209049403,0.5489949475611556,-0.5937022044697121,-1.0003362380551881,-1.3176166018913034,-2.6349687538774678,-0.43378471044848,-0.6977679930780182,-0.303152324369763,0.6632755911316837,-0.9575620516632596,-1.0932607609507314,1.8415148971293482,-1.8716797774545793,-0.889771175435537,-1.398433217377586,0.3125794699669593,0.834466699156402,-0.910204476520747,-1.8469769738152544,-0.0031882662987588396,-9.565792401888763E-4,-0.06233688592812559,-0.30761824853497616,0.5131751333383741,0.3974492434103335,-0.8722902128534032
50,11083.896691382817,0.0,0.0,0.0,0.0,0.0,0.0,0.0,0.0,-2.6275113312378795,0.0,-0.9367791237502848,-0.5564307381944756,0.8161200387385171,0.2481877663637765,-0.30852522077989325,-0.4863412743345434,0.030199977723645424,-2.998157080091086,-0.530448168560402,-0.6640576998491637,0.09445576227362189,0.5585968891676685,-0.6103134567125135,-1.0509643986926234,-1.1379410911751133,-2.6226274511848766,-0.5032599350057553,-0.8027557450339755,-0.4772824576803052,0.5849777251521266,-1.0397979015624992,-1.2598323952684645,1.7479365810586385,-2.0545955732022,-0.9952035876862189,-1.3291268556256113,0.40282309787071574,1.0099696060739647,-0.7783649402627144,-1.9288372976579833,-0.0031695231956043084,-9.530812274049728E-4,-0.06222076376778578,-0.3068147701817704,0.5568986238562381,0.2643842607233826,-0.8713196104703642
51,11078.675836394388,0.0,0.0,0.0,0.0,0.0,0.0,0.0,0.0,-2.6383041531361124,0.0,-0.9562092092982887,-0.514187150766887,0.8433835192848632,0.24159724219683726,-0.31003184543473444,-0.48723563061725556,0.03686348264178869,-2.3004743500195017,-0.5181342196302493,-0.7083542373255665,0.09441551676869375,0.5839414993129728,-0.6273192313948489,-1.0756172769482473,-1.2110058638857477,-2.7497955890620274,-0.48678163783566486,-0.7711940357434545,-0.43023603307903013,0.6297070926526697,-1.040434830450179,-1.215383959836972,1.8813117388776772,-2.754484263895511,-0.9576069707070749,-1.3917374237978344,0.28142065719234977,0.9578573535343919,-0.7490981123164432,-1.7620597684909634,-0.0031780269491518327,-9.564632962515464E-4,-0.06196467838588846,-0.30856590768849507,0.5380273110152475,0.292982204609876,-0.869014258122131
52,11072.130338774521,0.0,0.0,0.0,0.0,0.0,0.0,0.0,0.0,-2.635314660984247,0.0,-0.8305865855179131,-0.5474163529034809,0.820074665754259,0.20628564396377486,-0.39097533020442077,-0.47310057329746635,0.05917201066609319,-3.2317364671864106,-0.5024640751156471,-0.7576686153675202,0.09058191913849825,0.580128947040067,-0.6518506601098155,-1.0998103189195414,-1.2437130695168293,-3.3676084269647486,-0.4804273836054939,-0.79053628677925,-0.31424741901219244,0.5700799032304122,-1.0919227334498194,-1.2716252507117052,1.8802387111762637,-4.261101991530042,-0.9284114363375454,-1.3295401497347634,0.2496845073079219,0.7902906457877783,-0.7216743071623184,-1.7233123987434629,-0.0032552597076051467,-9.744804398762104E-4,-0.062190381278426785,-0.30666719353616306,0.5152283224929102,0.3844664471787344,-0.866749459987888
53,11068.528552930173,0.0,0.0,0.0,0.0,0.0,0.0,0.0,0.0,-2.638097053779195,0.0,-0.8652986203129095,-0.5560099966519052,0.818974592371956,0.22669197645106332,-0.30274888813628387,-0.4018298776125247,0.05772564835656516,-2.6362198750475807,-0.5109911164627384,-0.7440371860956544,0.08200607695974084,0.5923973200080226,-0.658110913151673,-1.1134015060779467,-1.2461812105781667,-3.168391102376787,-0.5034144581425949,-0.8100087156959845,-0.31906524566778777,0.5873350139012002,-1.0882672680079406,-1.2666120840395096,1.8515636572775926,-3.102174169839535,-0.9191684468594412,-1.3072406334797362,0.24896714857585917,0.8539713160256737,-0.6921711257431807,-1.636925256388527,-0.003229193171558683,-9.703824305480084E-4,-0.062062467125603336,-0.3047815742328568,0.5052028591767658,0.3770543188129332,-0.8620028973342624
54,11067.050692597006,0.0,0.0,0.0,0.0,0.0,0.0,0.0,0.0,-2.63234142067466,0.0,-0.7625464117737675,-0.5665406920601715,0.8067604259120541,0.20448967589672834,-0.38328905424501797,-0.4181659485961202,0.08747270722979293,-3.608210229802702,-0.5039436214526255,-0.7761256005030542,0.08500253206148854,0.5814307369232217,-0.6711792959621946,-1.1247178421041109,-1.2701906756710093,-3.670026056110629,-0.4855140509826227,-0.8218910303118786,-0.21876605940791422,0.537984435371063,-1.1345455893180694,-1.3121159897352115,1.835478833676091,-4.978267983385523,-0.9055414967350134,-1.29173128620876,0.2668297095837549,0.7022932081689451,-0.7329513349679609,-1.6525882957904554,-0.0033225908478763293,-9.97051898107789E-4,-0.062370520982305694,-0.2997055664374425,0.49828061300420234,0.444318329851629,-0.8603236350826104
55,11058.17988393546,0.0,0.0,0.0,0.0,0.0,0.0,0.0,0.0,-2.6269009417156792,0.0,-0.7891388289311336,-0.5687540956629868,0.8002772823655978,0.22522887738314504,-0.29465730044682853,-0.3428794396256347,0.0985415166248101,-3.208943087584939,-0.5164452061607402,-0.7617270446073018,0.07850350573870486,0.5914153011155638,-0.677694217937596,-1.1408255484100025,-1.2771731359571923,-3.5190049313647442,-0.5015316610794125,-0.8476515376553121,-0.2090242195098568,0.5545371418353918,-1.138428288585451,-1.3047287888119308,1.7746641881402625,-4.343053974967103,-0.8949677909211894,-1.2746458487410655,0.2896302754596839,0.7602523388937896,-0.7246750892316237,-1.547695254152491,-0.0033276434978160704,-0.0010052317774466738,-0.06235642302605906,-0.292161006967604,0.49355034617314947,0.434982910386631,-0.8511753837000766
56,11052.69487917499,0.0,0.0,0.0,0.0,0.0,0.0,0.0,0.0,-2.623460510931616,0.0,-0.7716922303096151,-0.5479815739065884,0.8078228700610801,0.22440498894766125,-0.3224653040317067,-0.3605739595208726,0.107198238545749,-3.1196569051483842,-0.5177514042668331,-0.7706336554082309,0.07970223196234012,0.5924927911003253,-0.6828456294236603,-1.1495146727440477,-1.2826127371658316,-3.577483025110565,-0.4947676621322529,-0.8477814073426542,-0.20945828467728284,0.5576264968057781,-1.1376100211397997,-1.3008483024059156,1.7490927699292822,-3.9910248694973123,-0.887519013175453,-1.2378697443018818,0.28379884028275165,0.7689451448591956,-0.7305710658476032,-1.543905265630103,-0.003349764090016547,-0.0010141204679583737,-0.062414499629010994,-0.28588971633056126,0.49631107270419195,0.4306531570364285,-0.8435600215884607
57,11047.726258597457,0.0,0.0,0.0,0.0,0.0,0.0,0.0,0.0,-2.6044448260707767,0.0,-0.7957973907341326,-0.5809108651259143,0.7782772725538385,0.2180903248758535,-0.28301181562651045,-0.3464960050940543,0.10625708592898889,-3.146829514662097,-0.518562054860551,-0.7606632706103991,0.0801986956860172,0.5923648020476299,-0.6752274353331825,-1.1431652809948556,-1.2772988004027788,-3.5772593469213176,-0.49498689473580126,-0.854380817158268,-0.2250739758999937,0.5692153015880502,-1.1278199048487625,-1.2792796306683303,1.7096631816475178,-4.162130023060962,-0.897772771273546,-1.2784859572168759,0.2974251476465779,0.7920641205176621,-0.7113147028990621,-1.494825701400322,-0.0033454850305356873,-0.0010139156528253686,-0.06249854554497386,-0.2794642400822162,0.5020637438536291,0.4072893649634562,-0.8374114497946161
58,11011.450589069522,0.0,0.0,0.0,0.0,0.0,0.0,0.0,0.0,-2.5839635418593874,0.0,-0.8981054671575472,-0.5929341039529473,0.7151346265651322,0.2069757401195236,-0.08785462472733474,-0.3148520709860304,0.1330076438201133,-3.4472708616279464,-0.5392472600319259,-0.7274452686236728,0.0751962620633019,0.600775614443318,-0.6632838806510142,-1.1583808147672998,-1.2842533170024066,-3.579116383630441,-0.4638102366771335,-0.8830511634247215,-0.2411274617507432,0.6165999018297015,-1.1214443564993826,-1.1837688347999005,1.1553685595274255,-3.9550771988064035,-0.8458547146748631,-1.2879783171267463,0.35828447434758237,0.8814308016942308,-0.5378098790575673,-1.175160237582143,-0.003382759327840581,-0.001035574955470968,-0.06372887870334527,-0.17039973250893348,0.48736578784016504,0.3344814848710941,-0.7176021715387254
59,10994.894814364341,0.0,0.0,0.0,0.0,0.0,0.0,0.0,0.0,-2.6241942146281234,0.0,-0.8369694569543255,-0.652968734530168,0.757432844498995,0.18207915575513678,-0.26751767559147127,-0.3234839687528473,0.08829365739456127,-3.0091635416378772,-0.5200543991150743,-0.7365153775157507,0.0808295673317286,0.5940881877349014,-0.6521728069027488,-1.1324218032222373,-1.321108838523415,-3.7706996779701205,-0.48785876892031543,-0.8868268876574809,-0.22521433716853084,0.5860920212579668,-1.0996588189506185,-1.2256344029783985,1.1978887004688354,-3.0563847768959893,-0.7919029127314414,-1.0178887836503723,0.2572759636755585,0.7696877455554718,-0.5625687926010119,-1.198601630960654,-0.003244229928290594,-9.894692336510805E-4,-0.06322680939028563,-0.20288407618036888,0.4473422153962943,0.3437016115540847,-0.7406179209417886
60,10982.107307179203,0.0,0.0,0.0,0.0,0.0,0.0,0.0,0.0,-2.6649269739166574,0.0,-0.8574827991186846,-0.6044762053541056,0.8155318795101285,0.20367067816940648,-0.2891564080241573,-0.36579608639471967,0.07012919802047378,-3.09349721421012,-0.523153122039643,-0.7471867039716972,0.08937427170125017,0.5961212303890804,-0.6619202930244027,-1.1363002031393759,-1.3307248338338769,-3.6597376671085056,-0.48576477383673966,-0.8807513694288535,-0.1843672916993791,0.5902260348535645,-1.1220350930924339,-1.2554324310011775,1.1224724320355466,-3.079087334340823,-0.7828876132638545,-0.9849210616470156,0.2745214080006183,0.7794379121895845,-0.5769988447423028,-1.2805963307963242,-0.003215308466780529,-9.731740235177084E-4,-0.06376199913802279,-0.18029239682235948,0.3985027140261157,0.4179596393182489,-0.6991832837417059
61,10979.991516837828,0.0,0.0,0.0,0.0,0.0,0.0,0.0,0.0,-2.6990832037248795,0.0,-0.8305992468380973,-0.5853952836707826,0.8465504123806775,0.20889237421458456,-0.35278086138022635,-0.3539339720335581,0.04086974784791644,-2.9838349341960044,-0.509504151158542,-0.7460006007132409,0.08570921212170579,0.5907172764063408,-0.6544641514302183,-1.1141156452177112,-1.3241349440503365,-3.493873915668942,-0.4966128367058947,-0.8721417799313493,-0.2122458934929062,0.5669625356273964,-1.1294448873294873,-1.284075130465291,1.0433184320339604,-3.3609728324881836,-0.7500434093478874,-0.9477752169389198,0.2374610845370128,0.739878511733301,-0.5460342114567064,-1.2368511604943673,-0.0031405355957409347,-9.433711869008792E-4,-0.06491994398544672,-0.14546128888513393,0.35040311275369035,0.3977737855110498,-0.6169636051385021
62,10974.147677626826,0.0,0.0,0.0,0.0,0.0,0.0,0.0,0.0,-2.730763180158722,0.0,-0.8787300603536072,-0.5292775904767661,0.8981089972231274,0.23724838861224,-0.30832700909553723,-0.40853078532779885,0.04651934131490692,-3.1093396001640885,-0.5198185174283354,-0.7561529094113856,0.0873709533281155,0.5953680000971618,-0.6767896462552406,-1.1363334676219465,-1.3126104463753565,-3.4782409158953786,-0.5032599427969617,-0.8578869875968853,-0.19203741249613324,0.5681140674597872,-1.16254108676236,-1.3167072201539145,1.1539510951527465,-3.5231634606487914,-0.780587183835784,-1.0503588573230545,0.2811756483234286,0.7598595289212973,-0.5882140688582836,-1.3692767109245434,-0.0031672036777875465,-9.465780060750137E-4,-0.06489219252229274,-0.16222553365197678,0.3413165277433551,0.46777435801981176,-0.6291372582836156
63,10971.412514161379,0.0,0.0,0.0,0.0,0.0,0.0,0.0,0.0,-2.7017591227614592,0.0,-0.863413668708761,-0.5911257455410575,0.8644134778747721,0.22540042869629534,-0.32820658996844837,-0.38075010979987434,0.048913790295656186,-2.9654899649767987,-0.5147030060536486,-0.7547467050024398,0.08814831370744412,0.5943053099252759,-0.6689556304655204,-1.1287012910343786,-1.303586895010465,-3.6459343153303405,-0.5102226607953605,-0.8638150501309261,-0.2279704236082593,0.5695436970898824,-1.144313657623166,-1.3082583282775035,1.1688577081351899,-3.2565196293108,-0.7793036845166149,-1.0030174598830812,0.23960355381384388,0.7405529633439507,-0.5918388228815773,-1.3350667716890414,-0.0031687598543511837,-9.504626334666596E-4,-0.06524846024660855,-0.16003683735873092,0.3508381514717853,0.41721379979211504,-0.6106932010760104
64,10965.306254984895,0.0,0.0,0.0,0.0,0.0,0.0,0.0,0.0,-2.6906026046919176,0.0,-0.8546400748467388,-0.6083528865195609,0.8447933066170328,0.2175927665165232,-0.3285550439130231,-0.36326702110436265,0.053654480663828004,-2.9017265195083124,-0.5122487375929654,-0.7493891910532827,0.0842507221645866,0.5921007734705389,-0.6610835300697214,-1.1244772243110122,-1.2950774321107696,-3.7461607893155113,-0.5211845853975434,-0.8610273033232556,-0.2651709555794835,0.5670318235821605,-1.1414553725173606,-1.31777276681854,1.1392558805915913,-3.157653852238123,-0.7579543601292168,-0.9557732579137839,0.21736989225083014,0.7126742091439227,-0.5704316342945883,-1.297547701454599,-0.00317844551444697,-9.563200688802502E-4,-0.06691921114758763,-0.14467392758155875,0.3311565612643494,0.36840055560222584,-0.5266994437302015
65,10959.97931879785,0.0,0.0,0.0,0.0,0.0,0.0,0.0,0.0,-2.670967607323386,0.0,-0.8509381887660847,-0.6125584770678498,0.8282684529869401,0.22341625501598206,-0.32941086017653304,-0.3577041789989382,0.06219838814983149,-2.9440064023617687,-0.5144927618036522,-0.7522030812055553,0.0863738983210548,0.596770237901955,-0.6657797146532497,-1.1217398274865706,-1.2910864287842785,-3.7695352683399728,-0.5205145117536126,-0.867042264670742,-0.2657662200489854,0.5912165428804308,-1.149947093966823,-1.3377425948665667,1.1567827484282769,-3.313229320960214,-0.7669424146102087,-1.0007576738390722,0.20983812358841258,0.7541422343837003,-0.5790124153634666,-1.2889832776445658,-0.0032062863053011893,-9.660094381831444E-4,-0.06977001837178573,-0.12622444955888212,0.27795787611947487,0.3727629588773317,-0.39773833113291107
66,10955.924459202331,0.0,0.0,0.0,0.0,0.0,0.0,0.0,0.0,-2.678207571697371,0.0,-0.8414787143142044,-0.5679600622686479,0.8278664139192771,0.22477429262535947,-0.30008961003827966,-0.36190297793676945,0.07336081906432965,-3.0401957481142956,-0.5150314852354237,-0.7475106667587036,0.08137320441430188,0.5954026129591055,-0.6611191573069174,-1.124106426040944,-1.285858830492419,-3.738036845668342,-0.5075697093858401,-0.8630768023116525,-0.27328111359854845,0.5945633446143752,-1.158830308041608,-1.3410770194087032,1.1750373125284919,-3.486014003618006,-0.752152804991075,-1.0097547263757742,0.2330467348950034,0.7416246348074131,-0.557362885424879,-1.286510689310224,-0.0032311806989256064,-9.762484011474239E-4,-0.07212017405263017,-0.12134984747670463,0.24653535442450375,0.3462909878367554,-0.30249053288114036
67,10953.919394975512,0.0,0.0,0.0,0.0,0.0,0.0,0.0,0.0,-2.6811664643033297,0.0,-0.8591858839615741,-0.570953929970194,0.84069189200819,0.23035313201767127,-0.28202524347515656,-0.3908349273265139,0.07802118361895602,-3.041639383170308,-0.5198613543061592,-0.7551200092245777,0.08199044956127022,0.5986046705261973,-0.6749427330974258,-1.1398981784113644,-1.2765901729156843,-3.8060162386939806,-0.5089905263475248,-0.872649951905569,-0.24823980945424348,0.5977793181298143,-1.1693797690173178,-1.351557685959547,1.1691480881641165,-3.3326322272883453,-0.7669750830603447,-1.0293461167327123,0.23022229413125184,0.7294732997733402,-0.5856411879109393,-1.3400533083602868,-0.0032367521080988565,-9.766773969503027E-4,-0.07533151897160341,-0.10678003514833145,0.17515659139262182,0.3672940738308821,-0.16905532622431807
68,10952.317657490816,0.0,0.0,0.0,0.0,0.0,0.0,0.0,0.0,-2.6759803714050663,0.0,-0.8645659900063702,-0.5801920678157939,0.8398412734408794,0.23457670021762167,-0.30996643405204793,-0.3791661609289385,0.07215105759802443,-3.030970791239795,-0.5234906948877401,-0.7595755559606067,0.0857649207634357,0.6019290131734064,-0.6802858860939606,-1.1330985812631473,-1.2764535759259878,-3.705458466362685,-0.49742151098797927,-0.8686611668113279,-0.24775151587310473,0.601177526289492,-1.1538860881871684,-1.3314444017413933,1.1725477626857466,-3.368734969953252,-0.7690996217686497,-1.0486254226847176,0.22323828002670065,0.780177092545705,-0.5953844182806912,-1.3283976994188793,-0.0032293904794251293,-9.719237716868494E-4,-0.07731181719453567,-0.10386052202531582,0.1404234214718031,0.3524234717894246,-0.09596071474807549
69,10951.637846205149,0.0,0.0,0.0,0.0,0.0,0.0,0.0,0.0,-2.6941641450557494,0.0,-0.8518372623251862,-0.5622755386000299,0.8496880122524039,0.23018417658879303,-0.30971709159360733,-0.37084403336826555,0.06508409266933518,-3.0519974673082535,-0.5179551106547302,-0.7532446027854117,0.08467679993928735,0.596189021940278,-0.6675553542619639,-1.127521720808733,-1.2642463846922387,-3.6243258380504515,-0.4852580499005946,-0.8497391018004603,-0.2779098582100135,0.5797250988218051,-1.1287830914017536,-1.2896605976670625,1.1225810277354134,-3.4991313966893176,-0.7420095855534994,-0.9913121790225397,0.2323248544063781,0.7425756723207055,-0.5586085840478521,-1.3027387076628751,-0.0032135690606338667,-9.67251951097188E-4,-0.08062273854599919,-0.0930232691308041,0.09927536885066575,0.2743137193014823,0.037017331393693564
70,10951.241922525593,0.0,0.0,0.0,0.0,0.0,0.0,0.0,0.0,-2.691486102419558,0.0,-0.851640965173794,-0.5794449624576328,0.8465166932935652,0.2292275560653607,-0.2937502869320255,-0.37897893874553307,0.06751782393949154,-3.0283291637293486,-0.5151278863494927,-0.7538568078747195,0.08192376474367827,0.5960453717501406,-0.668994517425933,-1.1394581891607416,-1.2716904875113815,-3.6745699518430137,-0.4959563303498426,-0.8480287845954289,-0.24115281588153467,0.5697326254680267,-1.1222693798418537,-1.2812951721754524,1.1378187997019484,-3.348065425577252,-0.7440448378357725,-0.9719633450183689,0.21766192926099603,0.6944067953619459,-0.5537534731433824,-1.3074742928014715,-0.003215660275797507,-9.680811574532246E-4,-0.08082924261433547,-0.09470590396214541,0.08568394207815976,0.3170215445218813,0.042243160049156014
71,10951.020497724257,0.0,0.0,0.0,0.0,0.0,0.0,0.0,0.0,-2.6816369945532483,0.0,-0.8556826765587738,-0.5849871986549108,0.8387693699573536,0.23178478891342186,-0.30647096812397373,-0.3715513478175155,0.07014980759059425,-3.011356574087456,-0.5190050662770547,-0.7547808545964094,0.08235570490845523,0.5979246219324148,-0.6733538878712368,-1.1343573750358906,-1.2728074238968392,-3.6362218084496636,-0.4964132568474589,-0.8473398242879976,-0.23991854508494698,0.5777587342387148,-1.1170103634818924,-1.2823369231912511,1.137536930745298,-3.3306475242662605,-0.7454526836134937,-0.9947184787147254,0.2160182623868186,0.7285692068505437,-0.5693197582531541,-1.3052710678951513,-0.0032223985560466497,-9.701203746465046E-4,-0.08170555699567475,-0.0921413759048865,0.0720194943621405,0.32164258168094884,0.07774106217171761
72,10950.874185013921,0.0,0.0,0.0,0.0,0.0,0.0,0.0,0.0,-2.681164870487892,0.0,-0.8572834409996752,-0.5825663147797444,0.840134481655172,0.23100928890763345,-0.3115505309746633,-0.3704793312987052,0.07135492463006973,-3.009010757060546,-0.5201733451231149,-0.75452009591244,0.0842288708402338,0.5971425377861075,-0.6739190392637769,-1.130659624749967,-1.260526162336094,-3.6232396690508475,-0.496581099745211,-0.8449012998249642,-0.2678763399573023,0.5816413138561297,-1.114683162493759,-1.282039323648744,1.1318783319994332,-3.365690050815418,-0.7490350385466387,-1.0021265077229322,0.21969462348468982,0.7449401177587768,-0.5768981060458134,-1.313011161285921,-0.0032265884114537984,-9.718127733626409E-4,-0.0826774740017798,-0.08959888370307592,0.07149910672893467,0.291326889407198,0.12029567703694168
73,10950.739434054745,0.0,0.0,0.0,0.0,0.0,0.0,0.0,0.0,-2.680444768977331,0.0,-0.8556783175239452,-0.5785638887232916,0.8386940902122326,0.2293560077828791,-0.310684911157325,-0.3683729316822669,0.06938447610925821,-3.021401849341412,-0.5193692578489951,-0.7551308545614488,0.08446111370140316,0.5979902505416097,-0.6723395881553808,-1.1311144948621534,-1.2603638715637948,-3.6198082281593194,-0.4970579706762187,-0.8475715895612165,-0.26194698652208115,0.5842598446358422,-1.1220690664081259,-1.2893120627428947,1.122919635899768,-3.3768971789505406,-0.7451362797974664,-0.9936948408381105,0.21839752676941565,0.7478555668401488,-0.5579299427967833,-1.293328467086974,-0.003224825200467901,-9.710033470431563E-4,-0.08410771070447857,-0.08607789762340737,0.048096122463923544,0.2959525267634611,0.18301466817566736
74,10950.605087092657,0.0,0.0,0.0,0.0,0.0,0.0,0.0,0.0,-2.6826339007110223,0.0,-0.8546507735145684,-0.5755459582637598,0.839935863703245,0.23000389576173222,-0.30796070550370447,-0.37087483730179255,0.0696093732796559,-3.0262151479992907,-0.518994427176368,-0.7533547728906753,0.08357886895682384,0.5979084360283251,-0.6700958383705267,-1.1305772558068377,-1.2613015261887717,-3.655287981969215,-0.499586294257997,-0.8557495206994489,-0.256639961987631,0.5861477251389952,-1.1353471273212812,-1.3068761458005984,1.1235921835963762,-3.405101704901477,-0.74076930281251,-0.9901868503131788,0.22167682390504626,0.7388973342543828,-0.5596077548892957,-1.2944704171303683,-0.003222569810857806,-9.708557987105835E-4,-0.08485708988398648,-0.08491178879798886,0.038035484900845656,0.30350184371581357,0.22130924850995992
75,10950.588711681714,0.0,0.0,0.0,0.0,0.0,0.0,0.0,0.0,-2.684605080263274,0.0,-0.855554854183184,-0.5793722187670982,0.8421201736078551,0.22994772119590057,-0.3030867616450547,-0.3764040957876993,0.07055536807870079,-3.022118043307722,-0.518131735435523,-0.7539638623616687,0.08315981521813313,0.5974142172742012,-0.6715812494535954,-1.1336167135598731,-1.2585523468395772,-3.702025314864091,-0.5017835789451396,-0.8598249199488,-0.2585444707520462,0.5845386519912895,-1.138972712599022,-1.3095151356088506,1.1266181899520187,-3.3682737505755314,-0.7434647883879094,-0.9873917063502664,0.21630323810999222,0.725743321837829,-0.5654119959227377,-1.3062158330198055,-0.003221999895626661,-9.707409064857397E-4,-0.08550192197555288,-0.08317888366394674,0.029953271239583298,0.29973543140385056,0.25195095216108293
76,10950.583955811155,0.0,0.0,0.0,0.0,0.0,0.0,0.0,0.0,-2.6838590330307697,0.0,-0.8552939288677209,-0.5784358685219375,0.8410993943286644,0.22895584370818067,-0.30489529842598895,-0.373400336479705,0.06960976309752531,-3.0234435911704476,-0.5180692900366778,-0.7542641443361562,0.08332806715923535,0.5976209232411928,-0.6710442754378272,-1.1323596308778328,-1.2599297166690973,-3.6963247034307036,-0.5004014702045818,-0.8591680320046459,-0.25845157872841074,0.5848921432745678,-1.1388683778553794,-1.3078478962849036,1.123928606312331,-3.362826940430138,-0.7424071488384497,-0.9863599076849695,0.21629957673199926,0.7313136404172822,-0.5591501346376011,-1.2988111880347573,-0.0032215570186626937,-9.703957346289323E-4,-0.08548888775231103,-0.08329108351519728,0.03025739375399819,0.2991030313325413,0.2522295470450951
77,10950.582386150258,0.0,0.0,0.0,0.0,0.0,0.0,0.0,0.0,-2.6837285809374896,0.0,-0.8552266109690647,-0.5789210399673439,0.8412048504485604,0.2291587278847764,-0.30606299694300804,-0.3729456652244586,0.06938050346174146,-3.0218499929713873,-0.5182181918002501,-0.7536182594634326,0.08353005164890255,0.5974907936034278,-0.6703678321620864,-1.1315948200040848,-1.260647177591993,-3.694621206033203,-0.5000190454292813,-0.8590520436544647,-0.2563340157595129,0.5844143519879118,-1.138416500348631,-1.3071726120147353,1.1231206924362087,-3.375075717308859,-0.7417848164810527,-0.9858431091969465,0.2174925188682828,0.7312849143940171,-0.5609674032465007,-1.2991953279607082,-0.00322110187860229,-9.703276991704634E-4,-0.08555244218246626,-0.08313329839041755,0.028866384774902373,0.2999519299082357,0.2558090099347308
78,10950.58060799096,0.0,0.0,0.0,0.0,0.0,0.0,0.0,0.0,-2.683713456089611,0.0,-0.8552523265634756,-0.5790665147107876,0.8411477942598901,0.229338284924522,-0.3062391835369812,-0.3729554828626489,0.06939265824033043,-3.0217357502305537,-0.5182539618748689,-0.7537032268164567,0.0835764161136077,0.5975000568598015,-0.6705689562849666,-1.1317024731403664,-1.260591532564385,-3.6933179470370936,-0.4998970314364051,-0.8589596754539832,-0.255938336716431,0.5840690254719234,-1.137913540295124,-1.305972760719107,1.1226531062922491,-3.375028588538665,-0.7415035420916418,-0.9858165460406717,0.2170162731635844,0.7314690026452206,-0.5613371812502956,-1.2991914799221314,-0.0032210531733451405,-9.702853928272619E-4,-0.08563537215395767,-0.08287577395585924,0.027746082263096314,0.29964519173939136,0.26136768435349417
79,10950.576435607141,0.0,0.0,0.0,0.0,0.0,0.0,0.0,0.0,-2.6837397226352575,0.0,-0.8554965991974899,-0.5792994373165568,0.841413346503861,0.2295489244255776,-0.3061235951823097,-0.37329951113539184,0.06954923283472206,-3.0215879541461583,-0.5183386966837402,-0.7540488409191984,0.08361146237660451,0.5975782894393336,-0.6710562727129264,-1.1321215587378273,-1.2599060176558508,-3.689469769950047,-0.49949904058609673,-0.8582101437117594,-0.25571992377872177,0.5835784145018699,-1.1365965967249818,-1.3034002477514455,1.1217924804526103,-3.372798545852109,-0.7416710990507804,-0.9860504811453844,0.21677786107453403,0.7314018444145923,-0.5615710193840829,-1.2999877277447875,-0.0032213510873542383,-9.703223064629936E-4,-0.08576144402793107,-0.08229387227760653,0.026314941464700346,0.29886899998968813,0.27412108475293295
80,10950.571547008163,0.0,0.0,0.0,0.0,0.0,0.0,0.0,0.0,-2.6838053259475636,0.0,-0.8554410556670681,-0.57884823874112,0.841270336632332,0.2299108000777878,-0.3057003247523238,-0.3735785042457903,0.06973022054480939,-3.0226688684498035,-0.518442851885991,-0.7542338002582906,0.08354408757023576,0.5976536305501635,-0.6714866654458916,-1.1327378820685738,-1.2594459295427267,-3.68423079155021,-0.4992753954476253,-0.8575058263126786,-0.25588164419374676,0.5833636681738074,-1.1353715455319031,-1.3019031106168495,1.1212489718184864,-3.3724057246999677,-0.7414211844268677,-0.9862653876300063,0.21614211997613764,0.7312940010607577,-0.5616730786822773,-1.2999819990652564,-0.003221642773176939,-9.703742523894407E-4,-0.08575237817876928,-0.08181591289412125,0.026642154200390403,0.2984732895910991,0.28478296807240044
81,10950.558827072304,0.0,0.0,0.0,0.0,0.0,0.0,0.0,0.0,-2.683872239072974,0.0,-0.8554705359383431,-0.5785905955919582,0.841431830213548,0.23015442208253709,-0.30490333063524105,-0.3741259009218307,0.0700294494610809,-3.023935166419842,-0.5185546431713769,-0.754721180551775,0.08345928630348168,0.597775010081026,-0.6721254761851412,-1.1332331513281884,-1.2590642478589176,-3.6765632245247963,-0.4987261634803712,-0.8560748854204449,-0.2561797967428897,0.5833877706845243,-1.133429236617402,-1.3001591205548053,1.119851514220138,-3.370681254674611,-0.741341265589015,-0.9864538460206467,0.216129053357604,0.7311952988260283,-0.5610767322933141,-1.3000819580627718,-0.0032220998649656195,-9.704819526277588E-4,-0.0854821686833723,-0.08087563937027019,0.030488489690030086,0.29887302524963066,0.30611272480459517
82,10950.537878828529,0.0,0.0,0.0,0.0,0.0,0.0,0.0,0.0,-2.6838527438562454,0.0,-0.8553321989197501,-0.5773986146498201,0.8409411486691393,0.23054968570154596,-0.3041341991730804,-0.37445135645617617,0.07009243848842457,-3.0262177567239656,-0.5187000497191794,-0.7547356904545892,0.08326974994016274,0.5978766943272021,-0.6724606283233366,-1.1342673745391973,-1.2597570521246784,-3.668316101588865,-0.4986710223593983,-0.8550859113363771,-0.25664116706583484,0.5836268206561293,-1.1319886388701,-1.3001307524525965,1.1188924558813607,-3.370412025643585,-0.740894473644862,-0.9863048119126774,0.21493172667322408,0.7305762096151694,-0.5607117168972077,-1.2994275779854998,-0.0032218533345053663,-9.703690045360345E-4,-0.08464255812649535,-0.07972032229882155,0.041457275987289474,0.30115513048102743,0.33282389897848663
83,10950.514586680354,0.0,0.0,0.0,0.0,0.0,0.0,0.0,0.0,-2.683959717970729,0.0,-0.8551454861462808,-0.5779986417253699,0.8413255203662919,0.2302539577439438,-0.30383426708369154,-0.3745660246945809,0.06983011690829355,-3.025632318355443,-0.518569133594314,-0.7549827234412839,0.0832511046452952,0.5977766663764035,-0.6723413034555181,-1.1332768643524707,-1.2626087593113604,-3.6689316260342144,-0.49873651587176787,-0.8549305603587712,-0.25649373790344404,0.5841447135657725,-1.1325679024214108,-1.3020901546143824,1.1168887283366795,-3.36903001552097,-0.7402023725998818,-0.9850530264408949,0.21597931774597323,0.7304972163861739,-0.559222022594654,-1.298214947616802,-0.003220570980414107,-9.700140910345974E-4,-0.083216532875061,-0.0787797579301889,0.059701962869901426,0.306404817621262,0.35528831133349525
84,10950.499175969051,0.0,0.0,0.0,0.0,0.0,0.0,0.0,0.0,-2.683748838216708,0.0,-0.8551724083766042,-0.5773764393004929,0.8407270949695477,0.22996665678368877,-0.3047200282771832,-0.37369192792217254,0.06907386228852441,-3.0254668899335657,-0.5184515783076399,-0.7540598193434458,0.08325670102898702,0.5976104145343742,-0.6712757716949651,-1.1332423927143025,-1.2655672250903744,-3.6759333402248116,-0.4997033570552247,-0.8564666118893091,-0.2565294154978395,0.5844731470614801,-1.1351524287790238,-1.3054291329855694,1.117682051619874,-3.370856197023613,-0.740055524941027,-0.9839725744152361,0.21493657791379284,0.729859079423536,-0.559266056764054,-1.2969525223715825,-0.0032187667817413666,-9.694690896989602E-4,-0.08205354912432028,-0.07874191108998918,0.07495552615186835,0.31107919843267473,0.3563970496163161
85,10950.490431127517,0.0,0.0,0.0,0.0,0.0,0.0,0.0,0.0,-2.683857779057399,0.0,-0.8549554016118903,-0.5789305527356922,0.8412901000690376,0.22942854002815807,-0.30538687101467266,-0.3733379056944936,0.06863258627091369,-3.0224180080795655,-0.5181739929278488,-0.754072964319756,0.08341780078967305,0.5973575960475858,-0.6707599864381731,-1.1312958289106405,-1.268075533998394,-3.6848129363954847,-0.5002172108685939,-0.8578566999485941,-0.2557839882010559,0.5844210267084129,-1.1378450047667528,-1.3074767386265729,1.1170886883796818,-3.3704157957232814,-0.7394262872381396,-0.9829526379128821,0.2167516780663369,0.7304373296391157,-0.5585929349059674,-1.2962658503273572,-0.0032173272933179835,-9.691024891505436E-4,-0.08137910850422601,-0.07925577864942641,0.08427053426369491,0.3148609963941672,0.3432475999095001
86,10950.488783814932,0.0,0.0,0.0,0.0,0.0,0.0,0.0,0.0,-2.6834691141384974,0.0,-0.8553453523072488,-0.5787074791163438,0.8409234695364367,0.22934671413096727,-0.30591976285271816,-0.3732968991728599,0.06841470695883307,-3.0220604088898773,-0.5182075177251502,-0.7535644892656725,0.0834756741890015,0.5973330555495671,-0.6705746752572981,-1.132083334250375,-1.268071407351226,-3.685263617562803,-0.5008705132680349,-0.8586388936753169,-0.2551154319440476,0.5840901750377997,-1.1388727576390605,-1.3079270461131658,1.1196957000546475,-3.371113314901477,-0.7405379750728829,-0.9837582629233462,0.21568000493500356,0.7297646348156538,-0.5600019115454229,-1.2978279986139747,-0.003216853779132996,-9.689401391466218E-4,-0.08114958213144502,-0.07997428458026343,0.08761459529702023,0.3162376163212502,0.32652031303513146
87,10950.488557123132,0.0,0.0,0.0,0.0,0.0,0.0,0.0,0.0,-2.683585517746095,0.0,-0.8552029566537108,-0.5787539896133276,0.8410250520041512,0.22937899543659251,-0.3057360939766163,-0.37326638133727214,0.06846697087239634,-3.0218052135490017,-0.5182192698608378,-0.7538033885810731,0.08341611962817598,0.5973746054347581,-0.6706589427022023,-1.13183119011388,-1.2680755379211408,-3.683554883950563,-0.5005511094449776,-0.858372232617488,-0.25464698314677714,0.5840524851386422,-1.1386769221161785,-1.3074884110428577,1.1189703940219478,-3.37010355931958,-0.7401734991497023,-0.983674012199035,0.21630429859102976,0.7301285391312234,-0.5595275974526963,-1.2974227660442077,-0.003216956840975949,-9.689653761552125E-4,-0.08120803151151448,-0.07995916269170998,0.0868499341737303,0.31617516507202265,0.32602987185416765
88,10950.488521112751,0.0,0.0,0.0,0.0,0.0,0.0,0.0,0.0,-2.6836063025984545,0.0,-0.8551835974368629,-0.5788794203585921,0.8411037654067112,0.22940144572689636,-0.30560798506279596,-0.37341604946025486,0.06853043597606702,-3.021834171873359,-0.5182255446883718,-0.7539042581570331,0.08342853509438407,0.5973816358511028,-0.6707898789702472,-1.1318124461746748,-1.2679730570294119,-3.6829457015966054,-0.5004243883765753,-0.8582293438458537,-0.25446541195850036,0.5840527602445387,-1.1384976522912853,-1.3072565576159756,1.119063500432416,-3.3701033268468708,-0.7402716716657591,-0.98379463531209,0.21641192389010802,0.7301406821161511,-0.5595293003550992,-1.2976397799628012,-0.003217049471906066,-9.689947703394624E-4,-0.08122781832595731,-0.07998220792655428,0.08655579687824404,0.3160759185438664,0.3257464548330194
89,10950.4885172906,0.0,0.0,0.0,0.0,0.0,0.0,0.0,0.0,-2.68358041865261,0.0,-0.8552149308639637,-0.5787565235403374,0.8410429562765753,0.2293989794846614,-0.305632017827744,-0.3733767313295864,0.06851841720387465,-3.0219988735961416,-0.518236490082791,-0.7538529231371975,0.08341906220785053,0.597393430723538,-0.6707556804084313,-1.1319248356247955,-1.2679390879110384,-3.682970580632585,-0.500416969017259,-0.8582385924898821,-0.2544369683315128,0.5840758271328165,-1.1385025744626482,-1.3072952253959484,1.1191924638742161,-3.3702060819256037,-0.7403274128133324,-0.9838278080457784,0.21626741700641874,0.730089892980759,-0.5595832769968281,-1.297656567526034,-0.003217065808050664,-9.689953990459456E-4,-0.08123846825921147,-0.07998044679402799,0.08642319926179294,0.31602868975065296,0.32576748572039455
90,10950.488517102667,0.0,0.0,0.0,0.0,0.0,0.0,0.0,0.0,-2.6835859044589814,0.0,-0.8552042727410198,-0.5787681243691676,0.8410462800548992,0.22940084503993496,-0.30562605949379196,-0.37338124352915053,0.06851973417664212,-3.0219721946594937,-0.5182351691410462,-0.7538606631517669,0.08341815024063111,0.5973930970594943,-0.6707587569111088,-1.1319056533338985,-1.2679560405315435,-3.683002211947409,-0.5004145687150715,-0.858244530008416,-0.254414038317553,0.584075848691368,-1.1385084255062312,-1.3073099072891987,1.1191706752926842,-3.3701847785783823,-0.7403059019540659,-0.983825419291939,0.2162917683150506,0.7301044188543181,-0.5595813313690627,-1.2976510996087054,-0.0032170606350460183,-9.689945249028917E-4,-0.08123682545808993,-0.07998420649412408,0.08644159421498075,0.31604758954385836,0.3256752233742023
91,10950.488517097563,0.0,0.0,0.0,0.0,0.0,0.0,0.0,0.0,-2.6835852345787083,0.0,-0.8552066646498696,-0.5787709989887534,0.8410484793531301,0.22939950115779192,-0.30562717079659435,-0.3733816716637007,0.0685200497424049,-3.0219747498200116,-0.5182354354307388,-0.7538608621810651,0.08341894795220778,0.5973932934296976,-0.6707589089963683,-1.131904052377394,-1.267956630709017,-3.683027591684246,-0.5004119521562432,-0.8582449802025404,-0.2544064520213264,0.5840783748432697,-1.138509360150305,-1.3073148398261007,1.1191730115099452,-3.370194246420657,-0.7403097884441144,-0.983825325802051,0.21629242346084057,0.7301041893410268,-0.5595790687350316,-1.297652890384635,-0.0032170615750189823,-9.689949285340862E-4,-0.0812368914339453,-0.07998394276159299,0.08644063135004676,0.31605093475237667,0.3256825291802466
92,10950.488517096892,0.0,0.0,0.0,0.0,0.0,0.0,0.0,0.0,-2.6835855633444092,0.0,-0.8552056233167986,-0.5787698593918715,0.8410477574343523,0.2293996943517254,-0.3056266424286447,-0.3733816501021144,0.06851994044870295,-3.0219748138597136,-0.5182353831785076,-0.7538610917839479,0.08341866678592968,0.5973935282482858,-0.6707585749921097,-1.1319044139878112,-1.2679578855496743,-3.6830269919036414,-0.5004111920576255,-0.8582451086373978,-0.25440331078375855,0.5840790729775801,-1.1385085380827138,-1.3073169855840021,1.1191723944846415,-3.370193215582561,-0.7403086903928547,-0.9838252942964765,0.21629235712878553,0.7301046967269231,-0.5595800124039134,-1.2976527964093494,-0.0032170613912373205,-9.689948274606425E-4,-0.08123691482805948,-0.07998384842687042,0.08644001137803113,0.3160519782582165,0.3256848077359713
93,10950.488517096856,0.0,0.0,0.0,0.0,0.0,0.0,0.0,0.0,-2.683585514566455,0.0,-0.8552058047783273,-0.5787698007229596,0.8410477136780943,0.2293997608135244,-0.30562676078959045,-0.3733816832820676,0.06851997677788974,-3.0219750942833308,-0.5182354713719484,-0.753860970559974,0.08341862366761353,0.597393548795104,-0.6707587105821956,-1.131904458022785,-1.2679578448214468,-3.6830262629608588,-0.5004112486693838,-0.858245182111953,-0.2544029891199523,0.5840790077294314,-1.1385084884909968,-1.3073173131958933,1.1191726061287954,-3.370193272892497,-0.7403084792082442,-0.983825266502529,0.2162920057391262,0.7301044861976641,-0.5595799721939776,-1.2976527081885327,-0.00321706127076618,-9.689947950980905E-4,-0.08123688512253267,-0.07998386212081589,0.08644053225438786,0.3160521956023617,0.3256844783235779
94,10950.48851709685,0.0,0.0,0.0,0.0,0.0,0.0,0.0,0.0,-2.6835854905152963,0.0,-0.8552057837302331,-0.5787698458437143,0.841047722479804,0.22939971205534054,-0.30562676520658916,-0.37338169979478414,0.06851993149926365,-3.021974882461946,-0.5182354472379708,-0.7538610093342143,0.08341863743008747,0.5973935511381435,-0.6707586870019797,-1.1319044934227063,-1.267957804371209,-3.6830254886161273,-0.5004112681195945,-0.8582451323468578,-0.25440293245303014,0.5840790126744442,-1.1385084452245489,-1.3073172883331348,1.1191726235857762,-3.3701930504914537,-0.7403086276126828,-0.9838252766624949,0.21629207433607822,0.7301045109456487,-0.5595799915029849,-1.297652822105161,-0.003217061222620336,-9.68994771793656E-4,-0.08123687007874704,-0.07998385998154911,0.086440794114512,0.3160522972616725,0.3256845159442428
95,10950.48851709685,0.0,0.0,0.0,0.0,0.0,0.0,0.0,0.0,-2.6835854932289513,0.0,-0.8552057891395184,-0.5787698521142927,0.8410477263412212,0.22939972004072406,-0.3056267564103415,-0.37338170018991557,0.06851993854837994,-3.021974876908848,-0.518235452191129,-0.753861014585772,0.08341863321505263,0.5973935503848858,-0.6707586982901051,-1.1319044874374768,-1.267957791752303,-3.6830253083382787,-0.5004112754571717,-0.8582451202149788,-0.2544029327928427,0.5840790019506633,-1.1385084496338733,-1.3073172559527912,1.1191725985569747,-3.3701930170291625,-0.7403086034889812,-0.9838252702406289,0.21629208652273565,0.7301045108392901,-0.5595799749909698,-1.297652797827924,-0.0032170612222411628,-9.689947722752168E-4,-0.08123686909644372,-0.07998385523680655,0.08644080922666622,0.3160522992361036,0.32568462925859726
96,10950.48851709685,0.0,0.0,0.0,0.0,0.0,0.0,0.0,0.0,-2.683585493244547,0.0,-0.8552057872844181,-0.5787698507817604,0.841047724764589,0.22939972134639441,-0.305626755078614,-0.37338170052951497,0.06851993873017215,-3.021974880164181,-0.518235451995898,-0.7538610139898243,0.08341863381289207,0.5973935500897449,-0.6707586991114999,-1.1319044880130937,-1.2679577917838603,-3.6830253102104784,-0.5004112757800961,-0.8582451198290993,-0.25440292894283456,0.5840790023747369,-1.1385084554880143,-1.3073172488986604,1.119172600660255,-3.3701930317128928,-0.740308605350186,-0.9838252721813784,0.21629208701178407,0.7301045111776191,-0.559579974944314,-1.2976527985121442,-0.003217061223057022,-9.689947725934861E-4,-0.08123686926474089,-0.07998385527148916,0.08644080716873903,0.3160523007193255,0.32568462967912587
std.err,,,,,,,,,,0.08932071852721592,,0.09677383620850946,0.10538712128561172,0.0823044313297462,0.13406088985012515,0.09489615076365167,0.11641002794079264,0.0680511357095295,0.42837452060109193,0.05149837097971124,0.06501686197965878,0.0464680735300132,0.0674538229202415,0.05522635414580407,0.07942798660835021,0.1299514118224379,1.0291634015213589,0.11757935359914244,0.15620839376767856,0.18939037829012476,0.1339667153716063,0.1478177286778173,0.19945200064628224,0.15971155696483785,0.6627293955670497,0.14223628097792998,0.16605333650812115,0.12289393547036295,0.16605390662812697,0.14797170932152726,0.21756937315189395,9.567355961750294E-5,3.112311012591256E-5,0.011651177605771444,0.01381905816505914,0.1701995746432852,0.11951612176084814,0.31429741697601865
t.test,,,,,,,,,,-30.044378700635527,,-8.837159099922285,-5.491846097714585,10.218741702922383,1.7111606644029766,-3.2206443846158512,-3.207470242335315,1.0068889815835504,-7.0545159313485035,-10.063142622512599,-11.594853873840878,1.7951816693888314,8.856333477142027,-12.145627019676477,-14.250700997802925,-9.757168267755056,-3.5786594283920836,-4.2559451167432325,-5.494231770320404,-1.3432727218756482,4.359881488133657,-7.702110333257122,-6.554545678471882,7.007461588435033,-5.0853229904330135,-5.204780385568824,-5.92475461722061,1.7599899147500648,4.39679213818599,-3.78166865483999,-5.964317402368027,-33.62539489404008,-31.134252607573362,-6.97241703915834,-5.78793824558353,0.5078791022240039,2.6444323666370835,1.0362306913390131
p.val,,,,,,,,,,0.0,,0.0,3.977539386745832E-8,0.0,0.08705145789563673,0.0012790274737948248,0.0013390791330751828,0.31398812750518657,1.7319479184152442E-12,0.0,0.0,0.07262476002708396,0.0,0.0,0.0,0.0,3.4536116704941833E-4,2.0816777103638273E-5,3.924148539447003E-8,0.17918368149174801,1.3013290228069962E-5,1.3322676295501878E-14,5.5811577581721394E-11,2.426725487225667E-12,3.670009711687072E-7,1.942261633747222E-7,3.127640590960823E-9,0.07840951657172623,1.0986246209432338E-5,1.557806253507099E-4,2.4565880440974297E-9,0.0,0.0,3.1155078517031143E-12,7.125559697840345E-9,0.61153813110211,0.008182805777585234,0.3000945316357839
